idx,success,feasible,optimal,action_count,optimal_length,end,error,actions,prediction
0,True,True,True,5,5,"[0, 3]",,up up up up left,up up up up left
1,True,True,True,3,3,"[0, 1]",,up left left,up left left
2,True,True,True,3,3,"[1, 2]",,up right right,up right right
3,True,True,True,2,2,"[4, 0]",,left left,left left
4,True,True,True,2,2,"[3, 2]",,left down,left down
5,True,True,True,1,1,"[2, 1]",,right,right
6,True,True,True,2,2,"[4, 4]",,down down,down down
7,True,True,True,1,1,"[3, 3]",,down,down
8,True,True,True,1,1,"[1, 2]",,right,right
9,True,True,True,7,7,"[0, 4]",,up up up right right right right,up up up right right right right
10,True,True,True,4,4,"[4, 4]",,right down down down,right down down down
11,True,True,True,3,3,"[0, 0]",,up left left,up left left
12,True,True,True,1,1,"[0, 2]",,left,left
13,True,True,True,2,2,"[0, 4]",,up up,up up
14,True,True,True,3,3,"[4, 4]",,right right right,right right right
15,True,True,True,3,3,"[0, 4]",,up up right,up up right
16,True,True,True,2,2,"[0, 2]",,up up,up up
17,True,True,True,5,5,"[0, 3]",,up up right right right,up up right right right
18,True,True,True,4,4,"[4, 0]",,left left down down,left left down down
19,True,True,True,2,2,"[3, 3]",,down down,down down
20,True,True,True,3,3,"[3, 4]",,down down down,down down down
21,True,True,True,1,1,"[1, 3]",,left,left
22,True,True,True,2,2,"[4, 2]",,down down,down down
23,True,True,True,1,1,"[4, 0]",,down,down
24,True,True,True,3,3,"[4, 2]",,down down down,down down down
25,True,True,True,1,1,"[1, 4]",,right,right
26,True,True,True,1,1,"[3, 0]",,up,up
27,True,True,True,5,5,"[0, 0]",,left up up up up,left up up up up
28,True,True,True,5,5,"[4, 0]",,left left left down down,left left left down down
29,True,True,True,3,3,"[3, 4]",,up right right,up right right
30,True,True,True,5,5,"[1, 3]",,up up right right right,up up right right right
31,True,True,True,2,2,"[3, 2]",,left left,left left
32,True,True,True,3,3,"[3, 0]",,left down down,left down down
33,True,True,True,2,2,"[3, 1]",,down down,down down
34,True,True,True,2,2,"[3, 1]",,left left,left left
35,True,True,True,1,1,"[0, 4]",,up,up
36,True,True,True,5,5,"[2, 3]",,right right right down down,right right right down down
37,True,True,True,3,3,"[2, 0]",,up up left,up up left
38,True,True,True,2,2,"[3, 2]",,right right,right right
39,True,True,True,3,3,"[3, 0]",,left left down,left left down
40,True,True,True,6,6,"[4, 2]",,right right down down down down,right right down down down down
41,True,True,True,3,3,"[4, 1]",,right down down,right down down
42,True,True,True,1,1,"[1, 4]",,right,right
43,True,True,True,3,3,"[4, 3]",,right right right,right right right
44,True,True,True,3,3,"[2, 0]",,left down down,left down down
45,True,True,True,3,3,"[2, 4]",,right down down,right down down
46,True,True,True,1,1,"[1, 2]",,left,left
47,True,True,True,5,5,"[0, 4]",,up up up right right,up up up right right
48,True,True,True,6,6,"[0, 4]",,up up right right right right,up up right right right right
49,True,True,True,6,6,"[4, 3]",,right right right down down down,right right right down down down
50,True,True,True,3,3,"[1, 0]",,up up up,up up up
51,True,True,True,2,2,"[3, 4]",,right right,right right
52,True,True,True,3,3,"[4, 0]",,left down down,left down down
53,True,True,True,3,3,"[4, 1]",,left left down,left left down
54,True,True,True,2,2,"[3, 2]",,up left,up left
55,True,True,True,4,4,"[4, 0]",,left down down down,left down down down
56,True,True,True,2,2,"[3, 3]",,down down,down down
57,True,True,True,1,1,"[4, 2]",,left,left
58,True,True,True,3,3,"[2, 2]",,left down down,left down down
59,True,True,True,2,2,"[2, 4]",,right right,right right
60,True,True,True,1,1,"[1, 4]",,right,right
61,True,True,True,2,2,"[4, 3]",,down down,down down
62,True,True,True,1,1,"[4, 2]",,right,right
63,True,True,True,4,4,"[3, 3]",,right down down down,right down down down
64,True,True,True,3,3,"[2, 4]",,right right right,right right right
65,True,True,True,7,7,"[0, 1]",,up up up up left left left,up up up up left left left
66,True,True,True,6,6,"[0, 4]",,up up right right right right,up up right right right right
67,True,True,True,3,3,"[1, 2]",,up left left,up left left
68,True,True,True,5,5,"[0, 3]",,up up up right right,up up up right right
69,True,True,True,3,3,"[4, 2]",,left down down,left down down
70,True,True,True,1,1,"[1, 2]",,left,left
71,True,True,True,2,2,"[0, 4]",,right right,right right
72,True,True,True,2,2,"[3, 1]",,up left,up left
73,True,True,True,6,6,"[3, 0]",,left left left left down down,left left left left down down
74,True,True,True,1,1,"[2, 1]",,down,down
75,True,True,True,1,1,"[2, 3]",,right,right
76,True,True,True,6,6,"[0, 1]",,up up up up left left,up up up up left left
77,True,True,True,1,1,"[2, 0]",,left,left
78,True,True,True,3,3,"[3, 3]",,down down down,down down down
79,True,True,True,4,4,"[2, 3]",,up up right right,up up right right
80,True,True,True,3,3,"[3, 0]",,left left down,left left down
81,True,True,True,1,1,"[3, 3]",,left,left
82,True,True,True,4,4,"[1, 2]",,up up left left,up up left left
83,True,True,True,5,5,"[4, 4]",,right right right down down,right right right down down
84,True,True,True,5,5,"[4, 1]",,right down down down down,right down down down down
85,True,True,True,4,4,"[0, 4]",,up up right right,up up right right
86,True,True,True,2,2,"[0, 3]",,up left,up left
87,True,True,True,3,3,"[0, 2]",,up up up,up up up
88,True,True,True,5,5,"[4, 3]",,right down down down down,right down down down down
89,True,True,True,4,4,"[4, 3]",,right right down down,right right down down
90,True,True,True,5,5,"[3, 1]",,down left left left down,down left left left down
91,True,True,True,2,2,"[3, 0]",,left down,left down
92,True,True,True,3,3,"[4, 1]",,left down down,left down down
93,True,True,True,2,2,"[2, 2]",,right down,right down
94,True,True,True,3,3,"[2, 3]",,down down right,down down right
95,True,True,True,7,7,"[0, 4]",,up up up right right right right,up up up right right right right
96,True,True,True,3,3,"[1, 4]",,up right up,up right up
97,True,True,True,2,2,"[4, 4]",,right right,right right
98,True,True,True,3,3,"[4, 1]",,left down down,left down down
99,True,True,True,3,3,"[2, 1]",,up up right,up up right
100,True,True,True,3,3,"[2, 4]",,right right right,right right right
101,True,True,True,5,5,"[0, 2]",,up up left up up,up up left up up
102,True,True,True,2,2,"[3, 3]",,up left,up left
103,True,True,True,1,1,"[2, 1]",,right,right
104,True,True,True,2,2,"[0, 2]",,up right,up right
105,True,True,True,4,4,"[3, 2]",,right down down down,right down down down
106,True,True,True,3,3,"[3, 0]",,left left left,left left left
107,True,True,True,1,1,"[3, 1]",,right,right
108,True,True,True,3,3,"[0, 1]",,left left left,left left left
109,True,True,True,8,8,"[0, 0]",,up up up up left left left left,up up up up left left left left
110,True,True,True,1,1,"[2, 2]",,left,left
111,True,True,True,4,4,"[0, 3]",,up right right right,up right right right
112,True,True,True,3,3,"[2, 2]",,left down down,left down down
113,True,True,True,5,5,"[2, 4]",,right right down right right,right right down right right
114,True,True,True,3,3,"[2, 3]",,right right right,right right right
115,True,True,True,5,5,"[0, 2]",,up up up right right,up up up right right
116,True,True,True,5,5,"[4, 4]",,down right right down down,down right right down down
117,True,True,True,3,3,"[4, 1]",,down down down,down down down
118,True,True,True,2,2,"[3, 2]",,up left,up left
119,True,True,True,6,6,"[3, 1]",,left left left down down down,left left left down down down
120,True,True,True,4,4,"[0, 4]",,up up right right,up up right right
121,True,True,True,3,3,"[1, 4]",,up up up,up up up
122,True,True,True,2,2,"[0, 1]",,left left,left left
123,True,True,True,7,7,"[4, 4]",,right right right right down down down,right right right right down down down
124,True,True,True,3,3,"[3, 1]",,left down down,left down down
125,True,True,True,1,1,"[3, 2]",,right,right
126,True,True,True,2,2,"[2, 3]",,down down,down down
127,True,True,True,3,3,"[0, 4]",,up up up,up up up
128,True,True,True,2,2,"[4, 4]",,right right,right right
129,True,True,True,3,3,"[3, 4]",,down down down,down down down
130,True,True,True,2,2,"[4, 0]",,left left,left left
131,True,True,True,4,4,"[0, 2]",,up up up right,up up up right
132,True,True,True,4,4,"[2, 0]",,left left left down,left left left down
133,True,True,True,2,2,"[3, 3]",,down down,down down
134,True,True,True,4,4,"[2, 4]",,up up right right,up up right right
135,True,True,True,3,3,"[1, 0]",,up left left,up left left
136,True,True,True,2,2,"[1, 2]",,left left,left left
137,True,True,True,6,6,"[4, 3]",,right right down down down down,right right down down down down
138,True,True,True,5,5,"[4, 1]",,left left down down down,left left down down down
139,True,True,True,3,3,"[3, 0]",,left left left,left left left
140,True,True,True,5,5,"[2, 0]",,left left down left down,left left down left down
141,True,True,True,4,4,"[0, 2]",,up up up right,up up up right
142,True,True,True,3,3,"[3, 3]",,up right right,up right right
143,True,True,True,2,2,"[4, 0]",,down down,down down
144,True,True,True,1,1,"[1, 2]",,left,left
145,True,True,True,2,2,"[0, 1]",,up up,up up
146,True,True,True,1,1,"[4, 1]",,right,right
147,True,True,True,5,5,"[4, 4]",,right right right right down,right right right right down
148,True,True,True,1,1,"[2, 4]",,down,down
149,True,True,True,2,2,"[0, 1]",,up up,up up
150,True,True,True,3,3,"[3, 2]",,left left down,left left down
151,True,True,True,2,2,"[0, 0]",,up left,up left
152,True,True,True,3,3,"[1, 0]",,left left left,left left left
153,True,True,True,1,1,"[1, 0]",,up,up
154,True,True,True,2,2,"[3, 4]",,down down,down down
155,True,True,True,4,4,"[4, 4]",,right right down down,right right down down
156,True,True,True,2,2,"[2, 4]",,up up,up up
157,True,True,True,2,2,"[1, 3]",,right down,right down
158,True,True,True,3,3,"[0, 2]",,up up up,up up up
159,True,True,True,6,6,"[2, 0]",,up left left left left up,up left left left left up
160,True,True,True,3,3,"[2, 3]",,right down down,right down down
161,True,True,True,7,7,"[0, 1]",,up up up up left left left,up up up up left left left
162,True,True,True,6,6,"[4, 3]",,right right down down down down,right right down down down down
163,True,True,True,3,3,"[0, 4]",,up right right,up right right
164,True,True,True,1,1,"[0, 1]",,right,right
165,True,True,True,2,2,"[2, 3]",,up right,up right
166,True,True,True,3,3,"[3, 1]",,left down left,left down left
167,True,True,True,7,7,"[4, 1]",,left left down down down left down,left left down down down left down
168,True,True,True,3,3,"[0, 0]",,up up up,up up up
169,True,True,True,5,5,"[1, 4]",,up up up right right,up up up right right
170,True,True,True,4,4,"[4, 2]",,left left down down,left left down down
171,True,True,True,1,1,"[0, 4]",,up,up
172,True,True,True,1,1,"[0, 4]",,up,up
173,True,True,True,2,2,"[1, 0]",,left down,left down
174,True,True,True,2,2,"[0, 0]",,up left,up left
175,True,True,True,4,4,"[3, 0]",,up left left left,up left left left
176,True,True,True,6,6,"[1, 3]",,up up up right right right,up up up right right right
177,True,True,True,4,4,"[4, 0]",,left left left down,left left left down
178,True,True,True,4,4,"[4, 2]",,down right right down,down right right down
179,True,True,True,5,5,"[3, 1]",,left down down down left,left down down down left
180,True,True,True,6,6,"[3, 4]",,right right down down right down,right right down down right down
181,True,True,True,5,5,"[1, 0]",,up up up left left,up up up left left
182,True,True,True,2,2,"[1, 1]",,up right,up right
183,True,True,True,1,1,"[4, 0]",,left,left
184,True,True,True,4,4,"[2, 2]",,up up right right,up up right right
185,True,True,True,5,5,"[4, 0]",,left left left down down,left left left down down
186,True,True,True,7,7,"[0, 1]",,up up left up up left left,up up left up up left left
187,True,True,True,6,6,"[3, 0]",,left left left down down down,left left left down down down
188,True,True,True,8,8,"[4, 0]",,left left left left down down down down,left left left left down down down down
189,True,True,True,6,6,"[3, 1]",,left left left down down down,left left left down down down
190,True,True,True,7,7,"[4, 3]",,right right right down down down down,right right right down down down down
191,True,True,True,2,2,"[2, 0]",,left down,left down
192,True,True,True,4,4,"[1, 3]",,up up up right,up up up right
193,True,True,True,1,1,"[1, 0]",,left,left
194,True,True,True,3,3,"[2, 1]",,right down down,right down down
195,True,True,True,4,4,"[2, 4]",,right right right right,right right right right
196,True,True,True,3,3,"[0, 3]",,left up up,left up up
197,True,True,True,4,4,"[0, 3]",,up left up up,up left up up
198,True,True,True,7,7,"[0, 0]",,up left up up left left left,up left up up left left left
199,True,True,True,2,2,"[1, 1]",,left left,left left
200,True,True,True,2,2,"[0, 2]",,up right,up right
201,True,True,True,1,1,"[3, 0]",,up,up
202,True,True,True,1,1,"[0, 0]",,up,up
203,True,True,True,4,4,"[2, 1]",,up left left left,up left left left
204,True,True,True,1,1,"[2, 3]",,right,right
205,True,True,True,5,5,"[3, 0]",,left left left down down,left left left down down
206,True,True,True,4,4,"[0, 3]",,up up up up,up up up up
207,True,True,True,5,5,"[2, 0]",,left left left down down,left left left down down
208,True,True,True,1,1,"[4, 3]",,down,down
209,True,True,True,4,4,"[4, 1]",,left left left down,left left left down
210,True,True,True,5,5,"[0, 1]",,up up up up right,up up up up right
211,True,True,True,3,3,"[3, 3]",,right right down,right right down
212,True,True,True,3,3,"[0, 4]",,up up right,up up right
213,True,True,True,1,1,"[3, 0]",,up,up
214,True,True,True,2,2,"[4, 2]",,right down,right down
215,True,True,True,2,2,"[2, 2]",,down down,down down
216,True,True,True,5,5,"[0, 1]",,up up up up right,up up up up right
217,True,True,True,2,2,"[3, 3]",,right right,right right
218,True,True,True,4,4,"[3, 0]",,left down down down,left down down down
219,True,True,True,6,6,"[4, 1]",,left left down left down down,left left down left down down
220,True,True,True,4,4,"[3, 1]",,down down right down,down down right down
221,True,True,True,3,3,"[2, 1]",,down down left,down down left
222,True,True,True,4,4,"[1, 0]",,left left left down,left left left down
223,True,True,True,5,5,"[0, 4]",,up right right right right,up right right right right
224,True,True,True,5,5,"[1, 0]",,left left left left up,left left left left up
225,True,True,True,4,4,"[2, 1]",,up up left left,up up left left
226,True,True,True,3,3,"[0, 2]",,up right right,up right right
227,True,True,True,5,5,"[2, 0]",,left left down left left,left left down left left
228,True,True,True,6,6,"[3, 4]",,down right right right right down,down right right right right down
229,True,True,True,4,4,"[3, 4]",,up right right right,up right right right
230,True,True,True,4,4,"[1, 3]",,up right up right,up right up right
231,True,True,True,6,6,"[3, 0]",,left left down left left down,left left down left left down
232,True,True,True,6,6,"[4, 2]",,left left down down down down,left left down down down down
233,True,True,True,4,4,"[3, 3]",,right down down down,right down down down
234,True,True,True,3,3,"[1, 3]",,up up up,up up up
235,True,True,True,5,5,"[4, 1]",,down down left down down,down down left down down
236,True,True,True,2,2,"[3, 4]",,right down,right down
237,True,True,True,4,4,"[3, 1]",,left left left down,left left left down
238,True,True,True,6,6,"[1, 4]",,up up right up right right,up up right up right right
239,True,True,True,5,5,"[2, 0]",,left left left down down,left left left down down
240,True,True,True,7,7,"[4, 0]",,left left left left down down down,left left left left down down down
241,True,True,True,2,2,"[2, 3]",,up left,up left
242,True,True,True,4,4,"[1, 3]",,up up up left,up up up left
243,True,True,True,3,3,"[2, 0]",,left down down,left down down
244,True,True,True,6,6,"[4, 1]",,left left down down down down,left left down down down down
245,True,True,True,6,6,"[0, 2]",,up left up up up right,up left up up up right
246,True,True,True,3,3,"[0, 3]",,right right right,right right right
247,True,True,True,3,3,"[4, 2]",,down right down,down right down
248,True,True,True,3,3,"[1, 1]",,left up up,left up up
249,True,True,True,1,1,"[1, 1]",,down,down
250,True,True,True,2,2,"[3, 0]",,up left,up left
251,True,True,True,6,6,"[3, 0]",,left left left left down down,left left left left down down
252,True,True,True,2,2,"[2, 0]",,left down,left down
253,True,True,True,5,5,"[3, 4]",,up right right right right,up right right right right
254,True,True,True,3,3,"[0, 0]",,up up up,up up up
255,True,True,True,5,5,"[0, 1]",,up up up up right,up up up up right
256,True,True,True,4,4,"[2, 4]",,right right down down,right right down down
257,True,True,True,3,3,"[3, 0]",,left down down,left down down
258,True,True,True,3,3,"[1, 4]",,up up right,up up right
259,True,True,True,7,7,"[0, 0]",,up up up left left left left,up up up left left left left
260,True,True,True,2,2,"[1, 1]",,left down,left down
261,True,True,True,3,3,"[4, 0]",,left down down,left down down
262,True,True,True,1,1,"[4, 2]",,right,right
263,True,True,True,6,6,"[4, 2]",,right down down down right down,right down down down right down
264,True,True,True,2,2,"[1, 1]",,up up,up up
265,True,True,True,3,3,"[1, 1]",,left left down,left left down
266,True,True,True,3,3,"[4, 4]",,right right right,right right right
267,True,True,True,5,5,"[2, 4]",,right right right up right,right right right up right
268,True,True,True,3,3,"[3, 1]",,down down down,down down down
269,True,True,True,2,2,"[3, 2]",,left left,left left
270,True,True,True,1,1,"[0, 3]",,right,right
271,True,True,True,1,1,"[1, 3]",,down,down
272,True,True,True,2,2,"[3, 4]",,right down,right down
273,True,True,True,4,4,"[3, 1]",,left left down down,left left down down
274,True,True,True,4,4,"[1, 0]",,left left left left,left left left left
275,True,True,True,6,6,"[1, 0]",,up up left left left left,up up left left left left
276,True,True,True,3,3,"[0, 0]",,up left left,up left left
277,True,True,True,2,2,"[2, 1]",,right down,right down
278,True,True,True,1,1,"[0, 1]",,up,up
279,True,True,True,7,7,"[0, 0]",,left up up up up left left,left up up up up left left
280,True,True,True,4,4,"[0, 1]",,up up up up,up up up up
281,True,True,True,4,4,"[3, 0]",,left left down down,left left down down
282,True,True,True,4,4,"[3, 2]",,up left left down,up left left down
283,True,True,True,5,5,"[0, 1]",,up up left left left,up up left left left
284,True,True,True,2,2,"[3, 4]",,right down,right down
285,True,True,True,6,6,"[4, 3]",,right down down down down right,right down down down down right
286,True,True,True,1,1,"[2, 1]",,right,right
287,True,True,True,2,2,"[4, 1]",,down down,down down
288,True,True,True,1,1,"[0, 1]",,up,up
289,True,True,True,3,3,"[4, 0]",,left left left,left left left
290,True,True,True,1,1,"[0, 2]",,up,up
291,True,True,True,4,4,"[2, 3]",,right right right down,right right right down
292,True,True,True,3,3,"[1, 4]",,up right right,up right right
293,True,True,True,3,3,"[2, 1]",,left left down,left left down
294,True,True,True,4,4,"[2, 3]",,left up up right,left up up right
295,True,True,True,2,2,"[3, 0]",,up left,up left
296,True,True,True,3,3,"[0, 4]",,up right right,up right right
297,True,True,True,4,4,"[4, 1]",,down down down down,down down down down
298,True,True,True,2,2,"[0, 3]",,up left,up left
299,True,True,True,1,1,"[2, 1]",,right,right
300,True,True,True,4,4,"[4, 2]",,right right down down,right right down down
301,True,True,True,5,5,"[1, 1]",,up up left left left,up up left left left
302,True,True,True,4,4,"[2, 3]",,right right down down,right right down down
303,True,True,True,3,3,"[1, 3]",,right right right,right right right
304,True,True,True,3,3,"[1, 3]",,right right down,right right down
305,True,True,True,1,1,"[3, 1]",,up,up
306,True,True,True,2,2,"[2, 1]",,up up,up up
307,True,True,True,3,3,"[0, 4]",,up up up,up up up
308,True,True,True,2,2,"[0, 2]",,up up,up up
309,True,True,True,5,5,"[2, 0]",,up left left left left,up left left left left
310,True,True,True,4,4,"[3, 2]",,left left down down,left left down down
311,True,True,True,4,4,"[3, 1]",,left down down down,left down down down
312,True,True,True,5,5,"[1, 4]",,up up right right right,up up right right right
313,True,True,True,1,1,"[2, 3]",,down,down
314,True,True,True,4,4,"[4, 1]",,left down down down,left down down down
315,True,True,True,4,4,"[2, 1]",,left left down down,left left down down
316,True,True,True,3,3,"[1, 1]",,up up left,up up left
317,True,True,True,3,3,"[4, 2]",,left down down,left down down
318,True,True,True,4,4,"[2, 4]",,up up right right,up up right right
319,True,True,True,1,1,"[4, 4]",,right,right
320,True,True,True,5,5,"[3, 4]",,right up right right right,right up right right right
321,True,True,True,3,3,"[1, 1]",,left left left,left left left
322,True,True,True,6,6,"[1, 1]",,up up up left left left,up up up left left left
323,True,True,True,4,4,"[1, 1]",,up left left left,up left left left
324,True,True,True,3,3,"[2, 2]",,right down down,right down down
325,True,True,True,3,3,"[1, 3]",,up up left,up up left
326,True,True,True,5,5,"[3, 2]",,right right down down down,right right down down down
327,True,True,True,4,4,"[4, 4]",,right right down down,right right down down
328,True,True,True,2,2,"[0, 1]",,up left,up left
329,True,True,True,6,6,"[4, 0]",,left down down down down left,left down down down down left
330,True,True,True,5,5,"[0, 1]",,up up up up right,up up up up right
331,True,True,True,1,1,"[2, 3]",,down,down
332,True,True,True,4,4,"[3, 4]",,down right down down,down right down down
333,True,True,True,3,3,"[1, 1]",,up up up,up up up
334,True,True,True,4,4,"[3, 2]",,right right down down,right right down down
335,True,True,True,1,1,"[0, 0]",,left,left
336,True,True,True,6,6,"[4, 0]",,left left left down down down,left left left down down down
337,True,True,True,2,2,"[3, 3]",,right right,right right
338,True,True,True,2,2,"[2, 1]",,down down,down down
339,True,True,True,3,3,"[2, 2]",,left left down,left left down
340,True,True,True,5,5,"[0, 2]",,up up up up left,up up up up left
341,True,True,True,2,2,"[1, 0]",,up left,up left
342,True,True,True,3,3,"[2, 0]",,up left left,up left left
343,True,True,True,4,4,"[2, 3]",,up right right right,up right right right
344,True,True,True,5,5,"[1, 1]",,up up left left left,up up left left left
345,True,True,True,2,2,"[4, 1]",,left down,left down
346,True,True,True,6,6,"[2, 0]",,up up left left left left,up up left left left left
347,True,True,True,1,1,"[2, 1]",,left,left
348,True,True,True,6,6,"[2, 4]",,up up right right right right,up up right right right right
349,True,True,True,3,3,"[3, 1]",,left left down,left left down
350,True,True,True,2,2,"[1, 2]",,up right,up right
351,True,True,True,3,3,"[1, 4]",,right down right,right down right
352,True,True,True,4,4,"[1, 2]",,up up up right,up up up right
353,True,True,True,1,1,"[0, 2]",,left,left
354,True,True,True,3,3,"[2, 2]",,up up left,up up left
355,True,True,True,6,6,"[3, 0]",,left left left left down down,left left left left down down
356,True,True,True,3,3,"[1, 0]",,up up up,up up up
357,True,True,True,3,3,"[1, 0]",,left left down,left left down
358,True,True,True,2,2,"[1, 4]",,up up,up up
359,True,True,True,3,3,"[1, 2]",,up up right,up up right
360,True,True,True,4,4,"[4, 3]",,right right right down,right right right down
361,True,True,True,3,3,"[0, 1]",,up up up,up up up
362,True,True,True,4,4,"[4, 3]",,right right right down,right right right down
363,True,True,True,3,3,"[0, 1]",,left left left,left left left
364,True,True,True,2,2,"[0, 2]",,up right,up right
365,True,True,True,6,6,"[4, 4]",,right right right down down down,right right right down down down
366,True,True,True,3,3,"[1, 2]",,right right down,right right down
367,True,True,True,4,4,"[0, 2]",,up up up up,up up up up
368,True,True,True,3,3,"[3, 4]",,right right down,right right down
369,True,True,True,3,3,"[0, 1]",,up left left,up left left
370,True,True,True,5,5,"[0, 4]",,up up right right right,up up right right right
371,True,True,True,5,5,"[2, 3]",,right right right down down,right right right down down
372,True,True,True,5,5,"[3, 0]",,left down down left down,left down down left down
373,True,True,True,2,2,"[3, 3]",,right down,right down
374,True,True,True,3,3,"[2, 3]",,right down down,right down down
375,True,True,True,4,4,"[2, 0]",,up left left left,up left left left
376,True,True,True,2,2,"[0, 4]",,up right,up right
377,True,True,True,2,2,"[1, 3]",,up up,up up
378,True,True,True,4,4,"[1, 1]",,left left left down,left left left down
379,True,True,True,5,5,"[2, 4]",,up up right right right,up up right right right
380,True,True,True,4,4,"[1, 1]",,up up left left,up up left left
381,True,True,True,6,6,"[2, 0]",,up up left left left left,up up left left left left
382,True,True,True,7,7,"[1, 4]",,up up right up right right right,up up right up right right right
383,True,True,True,3,3,"[0, 1]",,up up up,up up up
384,True,True,True,4,4,"[0, 3]",,up up up up,up up up up
385,True,True,True,1,1,"[2, 2]",,down,down
386,True,True,True,6,6,"[0, 1]",,up up up up left left,up up up up left left
387,True,True,True,2,2,"[3, 0]",,left down,left down
388,True,True,True,3,3,"[1, 3]",,up up left,up up left
389,True,True,True,6,6,"[3, 0]",,left left left down left down,left left left down left down
390,True,True,True,3,3,"[3, 3]",,left down down,left down down
391,True,True,True,4,4,"[2, 1]",,left left down down,left left down down
392,True,True,True,1,1,"[2, 4]",,down,down
393,True,True,True,2,2,"[2, 4]",,up right,up right
394,True,True,True,3,3,"[2, 0]",,left left left,left left left
395,True,True,True,2,2,"[2, 0]",,down down,down down
396,True,True,True,2,2,"[2, 1]",,up right,up right
397,True,True,True,2,2,"[3, 3]",,up right,up right
398,True,True,True,2,2,"[3, 2]",,up left,up left
399,True,True,True,6,6,"[1, 4]",,up right right right right down,up right right right right down
400,True,True,True,6,6,"[3, 0]",,left down left left left down,left down left left left down
401,True,True,True,4,4,"[2, 1]",,left down left left,left down left left
402,True,True,True,2,2,"[3, 3]",,down down,down down
403,True,True,True,5,5,"[2, 3]",,right right right down down,right right right down down
404,True,True,True,2,2,"[0, 1]",,left left,left left
405,True,True,True,5,5,"[1, 1]",,left up left left down,left up left left down
406,True,True,True,4,4,"[1, 4]",,up right up right,up right up right
407,True,True,True,4,4,"[0, 0]",,up left left left,up left left left
408,True,True,True,4,4,"[4, 2]",,down left down down,down left down down
409,True,True,True,2,2,"[2, 4]",,up up,up up
410,True,True,True,4,4,"[2, 1]",,left left down down,left left down down
411,True,True,True,2,2,"[3, 1]",,up left,up left
412,True,True,True,3,3,"[0, 4]",,right right right,right right right
413,True,True,True,3,3,"[4, 0]",,left down down,left down down
414,True,True,True,4,4,"[1, 1]",,up left left down,up left left down
415,True,True,True,3,3,"[3, 2]",,left left down,left left down
416,True,True,True,4,4,"[0, 4]",,right up up right,right up up right
417,True,True,True,2,2,"[3, 3]",,left down,left down
418,True,True,True,5,5,"[1, 0]",,left left left left down,left left left left down
419,True,True,True,2,2,"[4, 0]",,left left,left left
420,True,True,True,5,5,"[1, 1]",,up up left left left,up up left left left
421,True,True,True,5,5,"[2, 0]",,left left left down down,left left left down down
422,True,True,True,4,4,"[2, 2]",,left up up right,left up up right
423,True,True,True,4,4,"[1, 4]",,up up up right,up up up right
424,True,True,True,2,2,"[2, 2]",,left down,left down
425,True,True,True,5,5,"[3, 1]",,left left left down down,left left left down down
426,True,True,True,2,2,"[2, 2]",,left left,left left
427,True,True,True,2,2,"[2, 4]",,right down,right down
428,True,True,True,5,5,"[3, 1]",,left left down down down,left left down down down
429,True,True,True,1,1,"[2, 2]",,down,down
430,True,True,True,3,3,"[2, 3]",,left down down,left down down
431,True,True,True,6,6,"[2, 0]",,up up left left left left,up up left left left left
432,True,True,True,2,2,"[3, 0]",,left down,left down
433,True,True,True,4,4,"[3, 0]",,left left down down,left left down down
434,True,True,True,3,3,"[1, 1]",,up up up,up up up
435,True,True,True,2,2,"[2, 4]",,up right,up right
436,True,True,True,4,4,"[4, 2]",,down down down right,down down down right
437,True,True,True,4,4,"[3, 3]",,right right right up,right right right up
438,True,True,True,3,3,"[4, 0]",,left down down,left down down
439,True,True,True,2,2,"[1, 0]",,up up,up up
440,True,True,True,2,2,"[1, 4]",,right down,right down
441,True,True,True,1,1,"[4, 0]",,left,left
442,True,True,True,1,1,"[0, 1]",,right,right
443,True,True,True,3,3,"[3, 3]",,right right down,right right down
444,True,True,True,1,1,"[3, 3]",,left,left
445,True,True,True,2,2,"[1, 2]",,right right,right right
446,True,True,True,2,2,"[4, 3]",,down down,down down
447,True,True,True,6,6,"[0, 4]",,up up right right right right,up up right right right right
448,True,True,True,4,4,"[1, 1]",,up up up right,up up up right
449,True,True,True,2,2,"[4, 1]",,left left,left left
450,True,True,True,4,4,"[1, 0]",,up up up left,up up up left
451,True,True,True,2,2,"[4, 3]",,down down,down down
452,True,True,True,3,3,"[3, 1]",,right down down,right down down
453,True,True,True,2,2,"[1, 2]",,up left,up left
454,True,True,True,2,2,"[1, 1]",,up left,up left
455,True,True,True,5,5,"[3, 3]",,right right right down down,right right right down down
456,True,True,True,4,4,"[2, 4]",,up right right right,up right right right
457,True,True,True,3,3,"[4, 3]",,left down down,left down down
458,True,True,True,5,5,"[3, 2]",,right down right down down,right down right down down
459,True,True,True,4,4,"[1, 4]",,down right right right,down right right right
460,True,True,True,1,1,"[0, 4]",,up,up
461,True,True,True,3,3,"[0, 3]",,up up left,up up left
462,True,True,True,3,3,"[1, 1]",,up up up,up up up
463,True,True,True,3,3,"[2, 1]",,up up left,up up left
464,True,True,True,2,2,"[3, 3]",,left down,left down
465,True,True,True,1,1,"[1, 1]",,left,left
466,True,True,True,2,2,"[2, 4]",,right right,right right
467,True,True,True,6,6,"[0, 0]",,left down left left up left,left down left left up left
468,True,True,True,2,2,"[3, 0]",,left left,left left
469,True,True,True,2,2,"[2, 1]",,left left,left left
470,True,True,True,2,2,"[2, 1]",,left down,left down
471,True,True,True,3,3,"[3, 4]",,down down down,down down down
472,True,True,True,4,4,"[2, 2]",,left down left down,left down left down
473,True,True,True,6,6,"[3, 3]",,down right right right down down,down right right right down down
474,True,True,True,1,1,"[3, 1]",,left,left
475,True,True,True,1,1,"[0, 1]",,up,up
476,True,True,True,2,2,"[4, 2]",,down down,down down
477,True,True,True,3,3,"[1, 0]",,up up left,up up left
478,True,True,True,3,3,"[1, 2]",,up left left,up left left
479,True,True,True,5,5,"[1, 4]",,up up right right right,up up right right right
480,True,True,True,4,4,"[3, 1]",,left down down down,left down down down
481,True,True,True,7,7,"[4, 0]",,left left left left down down down,left left left left down down down
482,True,True,True,2,2,"[0, 1]",,up right,up right
483,True,True,True,1,1,"[3, 1]",,right,right
484,True,True,True,2,2,"[1, 2]",,right down,right down
485,True,True,True,6,6,"[1, 0]",,up left up up left left,up left up up left left
486,True,True,True,2,2,"[2, 2]",,right down,right down
487,True,True,True,6,6,"[2, 0]",,up left left up left left,up left left up left left
488,True,True,True,2,2,"[0, 2]",,left left,left left
489,True,True,True,1,1,"[1, 2]",,down,down
490,True,True,True,1,1,"[1, 1]",,down,down
491,True,True,True,4,4,"[0, 2]",,left up up up,left up up up
492,True,True,True,4,4,"[4, 4]",,right right right down,right right right down
493,True,True,True,5,5,"[4, 0]",,left down down down down,left down down down down
494,True,True,True,6,6,"[0, 4]",,up up up right right right,up up up right right right
495,True,True,True,3,3,"[4, 3]",,down right down,down right down
496,True,True,True,1,1,"[0, 3]",,left,left
497,True,True,True,5,5,"[2, 4]",,right right right down down,right right right down down
498,True,True,True,4,4,"[2, 4]",,up right right up,up right right up
499,True,True,True,2,2,"[4, 2]",,left down,left down
500,True,True,True,3,3,"[4, 1]",,right down down,right down down
501,True,True,True,3,3,"[1, 2]",,up left left,up left left
502,True,True,True,2,2,"[4, 1]",,right down,right down
503,True,True,True,5,5,"[2, 4]",,right up right right down,right up right right down
504,True,True,True,2,2,"[3, 4]",,down down,down down
505,True,True,True,4,4,"[0, 0]",,left left left left,left left left left
506,True,True,True,3,3,"[3, 0]",,down down down,down down down
507,True,True,True,2,2,"[1, 3]",,up right,up right
508,True,True,True,1,1,"[1, 0]",,up,up
509,True,True,True,8,8,"[4, 0]",,left left left left down down down down,left left left left down down down down
510,True,True,True,5,5,"[4, 2]",,right down down down down,right down down down down
511,True,True,True,3,3,"[1, 4]",,up right right,up right right
512,True,True,True,3,3,"[2, 4]",,right down down,right down down
513,True,True,True,3,3,"[4, 2]",,left left down,left left down
514,True,True,True,2,2,"[2, 1]",,up up,up up
515,True,True,True,3,3,"[3, 2]",,up left left,up left left
516,True,True,True,4,4,"[1, 0]",,left left left down,left left left down
517,True,True,True,2,2,"[2, 4]",,right down,right down
518,True,True,True,3,3,"[1, 4]",,up right right,up right right
519,True,True,True,3,3,"[4, 1]",,left left down,left left down
520,True,True,True,1,1,"[3, 0]",,down,down
521,True,True,True,7,7,"[0, 1]",,up up up up left left left,up up up up left left left
522,True,True,True,4,4,"[4, 4]",,right right right down,right right right down
523,True,True,True,8,8,"[4, 0]",,left left left left down down down down,left left left left down down down down
524,True,True,True,3,3,"[2, 2]",,right down down,right down down
525,True,True,True,2,2,"[3, 4]",,down down,down down
526,True,True,True,1,1,"[3, 2]",,up,up
527,True,True,True,4,4,"[3, 4]",,right right right down,right right right down
528,True,True,True,5,5,"[4, 2]",,right right down down down,right right down down down
529,True,True,True,4,4,"[2, 1]",,left left down down,left left down down
530,True,True,True,2,2,"[3, 1]",,right down,right down
531,True,True,True,3,3,"[3, 4]",,right right down,right right down
532,True,True,True,7,7,"[4, 0]",,left left left left down down down,left left left left down down down
533,True,True,True,4,4,"[2, 2]",,left left down down,left left down down
534,True,True,True,4,4,"[2, 2]",,right right down down,right right down down
535,True,True,True,6,6,"[0, 0]",,up up up up left left,up up up up left left
536,True,True,True,2,2,"[2, 0]",,up up,up up
537,True,True,True,1,1,"[3, 3]",,left,left
538,True,True,True,4,4,"[3, 1]",,left left left down,left left left down
539,True,True,True,4,4,"[4, 4]",,right right right down,right right right down
540,True,True,True,4,4,"[4, 2]",,left down down down,left down down down
541,True,True,True,4,4,"[3, 4]",,right right down down,right right down down
542,True,True,True,2,2,"[2, 2]",,up left,up left
543,True,True,True,2,2,"[0, 3]",,up up,up up
544,True,True,True,5,5,"[0, 0]",,up up up up left,up up up up left
545,True,True,True,1,1,"[2, 3]",,right,right
546,True,True,True,7,7,"[0, 4]",,right up up up right right right,right up up up right right right
547,True,True,True,3,3,"[1, 2]",,up up left,up up left
548,True,True,True,1,1,"[2, 4]",,up,up
549,True,True,True,3,3,"[2, 2]",,left down down,left down down
550,True,True,True,3,3,"[4, 0]",,down left down,down left down
551,True,True,True,4,4,"[1, 3]",,up up up right,up up up right
552,True,True,True,1,1,"[3, 0]",,left,left
553,True,True,True,3,3,"[2, 2]",,up left left,up left left
554,True,True,True,6,6,"[0, 1]",,up up up left left left,up up up left left left
555,True,True,True,4,4,"[4, 2]",,down down down down,down down down down
556,True,True,True,3,3,"[3, 1]",,down down down,down down down
557,True,True,True,1,1,"[1, 2]",,right,right
558,True,True,True,2,2,"[2, 3]",,right down,right down
559,True,True,True,6,6,"[4, 4]",,right right right down down down,right right right down down down
560,True,True,True,5,5,"[0, 4]",,up up right right right,up up right right right
561,True,True,True,5,5,"[2, 1]",,left left left down down,left left left down down
562,True,True,True,3,3,"[2, 4]",,right right down,right right down
563,True,True,True,3,3,"[2, 4]",,up up right,up up right
564,True,True,True,6,6,"[0, 1]",,up up up up left left,up up up up left left
565,True,True,True,1,1,"[1, 2]",,right,right
566,True,True,True,2,2,"[2, 1]",,left left,left left
567,True,True,True,1,1,"[4, 2]",,down,down
568,True,True,True,4,4,"[1, 4]",,up right right right,up right right right
569,True,True,True,7,7,"[0, 1]",,up up up up left left left,up up up up left left left
570,True,True,True,3,3,"[4, 4]",,right right right,right right right
571,True,True,True,3,3,"[0, 4]",,right right right,right right right
572,True,True,True,4,4,"[4, 1]",,right down down down,right down down down
573,True,True,True,2,2,"[2, 2]",,left down,left down
574,True,True,True,5,5,"[1, 0]",,up up left left left,up up left left left
575,True,True,True,1,1,"[1, 1]",,down,down
576,True,True,True,5,5,"[1, 4]",,right right right right down,right right right right down
577,True,True,True,4,4,"[3, 4]",,down down down right,down down down right
578,True,True,True,7,7,"[4, 0]",,left left left left down down down,left left left left down down down
579,True,True,True,5,5,"[0, 0]",,up left left left left,up left left left left
580,True,True,True,1,1,"[3, 3]",,down,down
581,True,True,True,4,4,"[0, 2]",,up up up right,up up up right
582,True,True,True,4,4,"[3, 3]",,right down down down,right down down down
583,True,True,True,3,3,"[1, 1]",,up up right,up up right
584,True,True,True,1,1,"[3, 1]",,right,right
585,True,True,True,5,5,"[4, 0]",,left left down down down,left left down down down
586,True,True,True,4,4,"[0, 4]",,up up up right,up up up right
587,True,True,True,1,1,"[2, 3]",,down,down
588,True,True,True,4,4,"[2, 3]",,right right down down,right right down down
589,True,True,True,5,5,"[0, 1]",,up up up left left,up up up left left
590,True,True,True,4,4,"[4, 4]",,right right right down,right right right down
591,True,True,True,3,3,"[2, 3]",,right right down,right right down
592,True,True,True,3,3,"[4, 3]",,right right down,right right down
593,True,True,True,3,3,"[2, 1]",,up left left,up left left
594,True,True,True,2,2,"[4, 1]",,right down,right down
595,True,True,True,2,2,"[0, 2]",,right right,right right
596,True,True,True,1,1,"[0, 3]",,right,right
597,True,True,True,3,3,"[4, 1]",,left left left,left left left
598,True,True,True,2,2,"[2, 3]",,up up,up up
599,True,True,True,3,3,"[3, 2]",,right right down,right right down
600,True,True,True,2,2,"[2, 1]",,up right,up right
601,True,True,True,3,3,"[4, 3]",,right right right,right right right
602,True,True,True,5,5,"[2, 4]",,right right right right down,right right right right down
603,True,True,True,5,5,"[3, 2]",,down left left down down,down left left down down
604,True,True,True,3,3,"[3, 1]",,left left left,left left left
605,True,True,True,2,2,"[2, 1]",,left down,left down
606,True,True,True,2,2,"[3, 2]",,left down,left down
607,True,True,True,4,4,"[3, 1]",,up left left left,up left left left
608,True,True,True,4,4,"[4, 2]",,left left down down,left left down down
609,True,True,True,3,3,"[4, 3]",,right right down,right right down
610,True,True,True,2,2,"[2, 3]",,up right,up right
611,True,True,True,5,5,"[0, 1]",,up up left up left,up up left up left
612,True,True,True,2,2,"[1, 3]",,down right,down right
613,True,True,True,2,2,"[3, 2]",,right down,right down
614,True,True,True,4,4,"[4, 4]",,right right right down,right right right down
615,True,True,True,1,1,"[1, 0]",,left,left
616,True,True,True,5,5,"[2, 4]",,right right right right down,right right right right down
617,True,True,True,4,4,"[0, 1]",,up up up right,up up up right
618,True,True,True,3,3,"[3, 3]",,right down down,right down down
619,True,True,True,5,5,"[4, 4]",,right right down down down,right right down down down
620,True,True,True,2,2,"[1, 3]",,down right,down right
621,True,True,True,7,7,"[3, 0]",,down left left left left down down,down left left left left down down
622,True,True,True,4,4,"[2, 3]",,right down right down,right down right down
623,True,True,True,5,5,"[0, 4]",,up up up right up,up up up right up
624,True,True,True,7,7,"[3, 0]",,down left left left left down down,down left left left left down down
625,True,True,True,3,3,"[4, 4]",,right right right,right right right
626,True,True,True,2,2,"[4, 2]",,down down,down down
627,True,True,True,4,4,"[3, 4]",,right right right right,right right right right
628,True,True,True,5,5,"[4, 3]",,down left down down down,down left down down down
629,True,True,True,3,3,"[1, 1]",,up up up,up up up
630,True,True,True,5,5,"[4, 0]",,left left left left down,left left left left down
631,True,True,True,2,2,"[4, 1]",,left down,left down
632,True,True,True,4,4,"[1, 3]",,up up up left,up up up left
633,True,True,True,5,5,"[0, 4]",,up up up right right,up up up right right
634,True,True,True,8,8,"[0, 4]",,up up up right right up right right,up up up right right up right right
635,True,True,True,3,3,"[2, 4]",,right down down,right down down
636,True,True,True,4,4,"[4, 2]",,left left down down,left left down down
637,True,True,True,7,7,"[0, 4]",,up up right right up right right,up up right right up right right
638,True,True,True,2,2,"[4, 2]",,right down,right down
639,True,True,True,3,3,"[2, 3]",,up up right,up up right
640,True,True,True,5,5,"[4, 3]",,left down down down down,left down down down down
641,True,True,True,6,6,"[2, 0]",,left left down left left down,left left down left left down
642,True,True,True,5,5,"[0, 4]",,up up up right right,up up up right right
643,True,True,True,4,4,"[2, 0]",,down left left down,down left left down
644,True,True,True,4,4,"[1, 4]",,up right right right,up right right right
645,True,True,True,7,7,"[4, 0]",,left left left left down down down,left left left left down down down
646,True,True,True,4,4,"[2, 0]",,down left left down,down left left down
647,True,True,True,5,5,"[0, 2]",,up up right right up,up up right right up
648,True,True,True,1,1,"[2, 4]",,down,down
649,True,True,True,2,2,"[3, 3]",,up right,up right
650,True,True,True,6,6,"[4, 0]",,left left left left down down,left left left left down down
651,True,True,True,1,1,"[1, 0]",,up,up
652,True,True,True,2,2,"[4, 0]",,left left,left left
653,True,True,True,4,4,"[2, 4]",,up right right right,up right right right
654,True,True,True,3,3,"[2, 2]",,up up left,up up left
655,True,True,True,4,4,"[0, 0]",,left left left up,left left left up
656,True,True,True,4,4,"[0, 0]",,up up up up,up up up up
657,True,True,True,2,2,"[4, 4]",,down down,down down
658,True,True,True,5,5,"[4, 2]",,left down down down down,left down down down down
659,True,True,True,2,2,"[2, 1]",,left down,left down
660,True,True,True,3,3,"[3, 1]",,down down down,down down down
661,True,True,True,2,2,"[1, 2]",,up right,up right
662,True,True,True,5,5,"[3, 0]",,left left left down down,left left left down down
663,True,True,True,3,3,"[1, 0]",,up left left,up left left
664,True,True,True,5,5,"[1, 0]",,up up left left left,up up left left left
665,True,True,True,3,3,"[4, 0]",,left left down,left left down
666,True,True,True,5,5,"[2, 0]",,up up left left left,up up left left left
667,True,True,True,2,2,"[3, 0]",,left left,left left
668,True,True,True,5,5,"[4, 4]",,right down down down down,right down down down down
669,True,True,True,2,2,"[3, 2]",,up left,up left
670,True,True,True,1,1,"[2, 2]",,up,up
671,True,True,True,2,2,"[1, 0]",,up up,up up
672,True,True,True,1,1,"[0, 4]",,right,right
673,True,True,True,3,3,"[0, 3]",,up up left,up up left
674,True,True,True,4,4,"[1, 4]",,up up right right,up up right right
675,True,True,True,4,4,"[1, 4]",,up up right right,up up right right
676,True,True,True,3,3,"[1, 1]",,left left left,left left left
677,True,True,True,1,1,"[3, 2]",,down,down
678,True,True,True,2,2,"[1, 2]",,left left,left left
679,True,True,True,3,3,"[3, 3]",,left down down,left down down
680,True,True,True,1,1,"[1, 4]",,up,up
681,True,True,True,2,2,"[3, 4]",,right down,right down
682,True,True,True,3,3,"[2, 1]",,left left down,left left down
683,True,True,True,5,5,"[3, 4]",,right right right right down,right right right right down
684,True,True,True,6,6,"[4, 2]",,left left down down down down,left left down down down down
685,True,True,True,1,1,"[2, 1]",,left,left
686,True,True,True,1,1,"[3, 0]",,left,left
687,True,True,True,1,1,"[3, 2]",,down,down
688,True,True,True,5,5,"[2, 1]",,up up left left left,up up left left left
689,True,True,True,1,1,"[0, 3]",,right,right
690,True,True,True,2,2,"[1, 4]",,right right,right right
691,True,True,True,3,3,"[3, 2]",,right down down,right down down
692,True,True,True,3,3,"[4, 1]",,right down down,right down down
693,True,True,True,2,2,"[0, 2]",,right right,right right
694,True,True,True,6,6,"[1, 4]",,up up up right right right,up up up right right right
695,True,True,True,4,4,"[1, 3]",,right right right down,right right right down
696,True,True,True,2,2,"[2, 4]",,down down,down down
697,True,True,True,1,1,"[0, 3]",,right,right
698,True,True,True,4,4,"[4, 3]",,down down down down,down down down down
699,True,True,True,3,3,"[1, 4]",,right right down,right right down
700,True,True,True,1,1,"[2, 4]",,down,down
701,True,True,True,3,3,"[4, 0]",,left left down,left left down
702,True,True,True,2,2,"[2, 2]",,right right,right right
703,True,True,True,2,2,"[3, 4]",,up right,up right
704,True,True,True,4,4,"[0, 0]",,up up up up,up up up up
705,True,True,True,3,3,"[4, 1]",,right down down,right down down
706,True,True,True,3,3,"[0, 2]",,up right right,up right right
707,True,True,True,3,3,"[1, 3]",,up up up,up up up
708,True,True,True,5,5,"[4, 3]",,up right right right down,up right right right down
709,True,True,True,4,4,"[3, 0]",,left left left left,left left left left
710,True,True,True,2,2,"[2, 1]",,down down,down down
711,True,True,True,5,5,"[4, 1]",,left down down down down,left down down down down
712,True,True,True,5,5,"[0, 3]",,up up up right right,up up up right right
713,True,True,True,5,5,"[4, 4]",,right right right right down,right right right right down
714,True,True,True,3,3,"[2, 1]",,up left left,up left left
715,True,True,True,3,3,"[4, 1]",,left down down,left down down
716,True,True,True,2,2,"[3, 2]",,up right,up right
717,True,True,True,3,3,"[3, 1]",,down down down,down down down
718,True,True,True,2,2,"[2, 1]",,up left,up left
719,True,True,True,3,3,"[3, 1]",,left down down,left down down
720,True,True,True,4,4,"[2, 1]",,left left left down,left left left down
721,True,True,True,6,6,"[0, 4]",,up up up right right right,up up up right right right
722,True,True,True,2,2,"[3, 1]",,up right,up right
723,True,True,True,2,2,"[1, 1]",,up left,up left
724,True,True,True,5,5,"[1, 0]",,up up left left left,up up left left left
725,True,True,True,6,6,"[4, 4]",,right down down down down right,right down down down down right
726,True,True,True,2,2,"[1, 1]",,up left,up left
727,True,True,True,1,1,"[4, 2]",,left,left
728,True,True,True,4,4,"[4, 2]",,right right down down,right right down down
729,True,True,True,3,3,"[0, 1]",,up up right,up up right
730,True,True,True,3,3,"[0, 0]",,up left left,up left left
731,True,True,True,3,3,"[3, 0]",,left left down,left left down
732,True,True,True,1,1,"[3, 1]",,down,down
733,True,True,True,4,4,"[1, 4]",,right right right right,right right right right
734,True,True,True,3,3,"[3, 3]",,right down down,right down down
735,True,True,True,5,5,"[1, 0]",,up left left left left,up left left left left
736,True,True,True,1,1,"[3, 3]",,right,right
737,True,True,True,1,1,"[1, 0]",,down,down
738,True,True,True,2,2,"[2, 0]",,down down,down down
739,True,True,True,4,4,"[4, 2]",,left left down down,left left down down
740,True,True,True,5,5,"[0, 0]",,up left left left left,up left left left left
741,True,True,True,1,1,"[1, 1]",,down,down
742,True,True,True,4,4,"[4, 4]",,right right down right,right right down right
743,True,True,True,2,2,"[2, 2]",,down down,down down
744,True,True,True,3,3,"[3, 1]",,left down down,left down down
745,True,True,True,3,3,"[1, 2]",,up up right,up up right
746,True,True,True,2,2,"[4, 1]",,right down,right down
747,True,True,True,4,4,"[2, 0]",,left left down down,left left down down
748,True,True,True,4,4,"[1, 3]",,up up right right,up up right right
749,True,True,True,7,7,"[1, 4]",,up up up right right right right,up up up right right right right
750,True,True,True,2,2,"[1, 4]",,right down,right down
751,True,True,True,4,4,"[3, 1]",,up left left down,up left left down
752,True,True,True,2,2,"[2, 1]",,left down,left down
753,True,True,True,2,2,"[4, 2]",,right right,right right
754,True,True,True,2,2,"[2, 0]",,left down,left down
755,True,True,True,5,5,"[2, 1]",,up left up left left,up left up left left
756,True,True,True,5,5,"[4, 4]",,right down right right right,right down right right right
757,True,True,True,3,3,"[1, 2]",,up left up,up left up
758,True,True,True,4,4,"[4, 1]",,left left down down,left left down down
760,True,True,True,6,6,"[1, 0]",,left up left up left left,left up left up left left
761,True,True,True,3,3,"[4, 4]",,right right right,right right right
762,True,True,True,1,1,"[3, 1]",,right,right
763,True,True,True,4,4,"[3, 0]",,left left down down,left left down down
764,True,True,True,4,4,"[3, 3]",,right right right up,right right right up
765,True,True,True,5,5,"[0, 1]",,up up up right up,up up up right up
766,True,True,True,4,4,"[2, 1]",,left up left left,left up left left
767,True,True,True,2,2,"[2, 1]",,left down,left down
768,True,True,True,7,7,"[1, 0]",,up left up left up left left,up left up left up left left
769,True,True,True,1,1,"[1, 2]",,up,up
770,True,True,True,4,4,"[3, 3]",,right right right down,right right right down
771,True,True,True,3,3,"[3, 1]",,left left down,left left down
772,True,True,True,5,5,"[3, 4]",,right right right up right,right right right up right
773,True,True,True,4,4,"[2, 0]",,left up up left,left up up left
774,True,True,True,4,4,"[2, 2]",,up left up left,up left up left
776,True,True,True,5,5,"[3, 0]",,up left left left down,up left left left down
777,True,True,True,3,3,"[3, 3]",,down right down,down right down
778,True,True,True,4,4,"[1, 1]",,up left up left,up left up left
779,True,True,True,1,1,"[1, 4]",,down,down
780,True,True,True,3,3,"[3, 2]",,up left left,up left left
781,True,True,True,5,5,"[0, 3]",,up right up right right,up right up right right
782,True,True,True,1,1,"[2, 3]",,right,right
783,True,True,True,5,5,"[0, 2]",,up up up up right,up up up up right
784,True,True,True,4,4,"[3, 4]",,right right down right,right right down right
785,True,True,True,5,5,"[4, 0]",,left left left left down,left left left left down
786,True,True,True,2,2,"[2, 2]",,up right,up right
787,True,True,True,4,4,"[3, 2]",,right down down down,right down down down
788,True,True,True,5,5,"[4, 0]",,down left down down down,down left down down down
789,True,True,True,2,2,"[2, 1]",,up right,up right
790,True,True,True,3,3,"[2, 0]",,up up left,up up left
791,False,False,False,4,8,"[2, 3]",obstacle,left up up right,left up up right
792,True,True,True,3,3,"[3, 2]",,up right right,up right right
793,True,True,True,6,6,"[4, 0]",,up left left left left down,up left left left left down
794,True,True,True,2,2,"[2, 1]",,up left,up left
795,True,True,True,3,3,"[2, 2]",,up right right,up right right
796,False,False,False,4,6,"[1, 4]",obstacle,right down down down,right down down down
797,True,True,True,4,4,"[1, 4]",,up right right down,up right right down
798,True,True,True,5,5,"[3, 0]",,up left left left left,up left left left left
799,True,True,True,1,1,"[1, 0]",,left,left
800,True,True,True,1,1,"[2, 0]",,left,left
801,True,True,True,1,1,"[4, 0]",,down,down
802,True,True,True,4,4,"[1, 0]",,up up left left,up up left left
803,True,True,True,5,5,"[1, 1]",,left up left up left,left up left up left
804,True,True,True,1,1,"[1, 2]",,up,up
805,False,False,False,5,9,"[2, 3]",obstacle,up left up up right,up left up up right
806,False,False,False,4,4,"[2, 3]",obstacle,right right up up,right right up up
807,True,True,True,1,1,"[4, 1]",,right,right
808,False,False,False,4,6,"[3, 4]",obstacle,right up up up,right up up up
809,False,False,False,6,8,"[1, 4]",obstacle,left down left left left down,left down left left left down
810,False,False,False,5,10,"[1, 2]",obstacle,right right down down right,right right down down right
811,True,True,True,1,1,"[0, 2]",,right,right
812,True,True,True,3,3,"[4, 4]",,right right right,right right right
813,True,True,True,2,2,"[0, 3]",,up left,up left
814,True,True,True,4,4,"[1, 4]",,right up up up,right up up up
815,True,True,True,2,2,"[3, 4]",,down down,down down
816,True,True,True,2,2,"[0, 0]",,up left,up left
817,True,True,True,1,1,"[2, 4]",,up,up
818,False,False,False,7,9,"[1, 2]",obstacle,right right down down down down right,right right down down down down right
819,False,False,False,5,9,"[3, 2]",obstacle,right up up up up,right up up up up
820,False,False,False,4,12,"[1, 1]",obstacle,right down down left,right down down left
821,True,True,True,1,1,"[0, 4]",,up,up
822,True,True,True,2,2,"[2, 4]",,down down,down down
823,False,False,False,6,10,"[1, 2]",obstacle,left down down down left left,left down down down left left
824,True,True,True,4,4,"[1, 0]",,up left left left,up left left left
825,False,False,False,6,8,"[1, 1]",obstacle,up left left down down left,up left left down down left
826,True,True,True,4,4,"[4, 3]",,down down down left,down down down left
827,False,False,False,6,12,"[3, 0]",obstacle,right right up up up left,right right up up up left
828,False,False,False,7,9,"[4, 0]",out_of_bounds,left left left up up up right,left left left up up up right
829,True,True,True,2,2,"[1, 2]",,left left,left left
830,False,False,False,8,9,"[4, 3]",obstacle,right right right up up up left left,right right right up up up left left
831,True,True,True,2,2,"[1, 1]",,right down,right down
832,True,True,True,5,5,"[2, 3]",,right right right down down,right right right down down
833,True,True,True,2,2,"[3, 4]",,down down,down down
834,False,False,False,6,8,"[4, 3]",obstacle,right right right up up up,right right right up up up
835,True,True,True,2,2,"[4, 1]",,down left,down left
836,True,True,True,1,1,"[1, 4]",,right,right
837,True,True,True,6,6,"[2, 4]",,right right right right up up,right right right right up up
838,True,True,True,2,2,"[0, 1]",,up right,up right
839,False,False,False,5,9,"[3, 2]",obstacle,right up up up left,right up up up left
840,True,True,True,4,4,"[4, 3]",,left down down right,left down down right
841,False,False,False,6,6,"[3, 1]",obstacle,down down down left down left,down down down left down left
842,True,True,True,3,3,"[2, 3]",,up right right,up right right
843,True,True,True,4,4,"[3, 1]",,down down left down,down down left down
844,True,True,True,2,2,"[2, 2]",,left left,left left
845,True,True,True,2,2,"[2, 3]",,up left,up left
846,True,True,True,5,5,"[4, 0]",,down left down left down,down left down left down
847,True,True,True,1,1,"[1, 2]",,down,down
848,True,True,True,2,2,"[3, 4]",,right down,right down
849,True,True,True,4,4,"[4, 4]",,right right down down,right right down down
850,True,True,True,2,2,"[3, 2]",,right down,right down
852,False,False,False,6,4,"[3, 0]",obstacle,up right right right down down,up right right right down down
853,True,True,True,1,1,"[3, 4]",,up,up
854,True,True,True,3,3,"[2, 2]",,left left down,left left down
855,True,True,True,5,5,"[0, 1]",,up up left left left,up up left left left
856,True,True,True,1,1,"[2, 1]",,up,up
858,True,True,True,5,5,"[3, 1]",,left down down down left,left down down down left
859,True,True,True,1,1,"[0, 2]",,right,right
860,True,True,True,2,2,"[3, 4]",,right up,right up
862,True,True,True,4,4,"[3, 1]",,left left left down,left left left down
864,True,True,True,6,6,"[4, 0]",,left left left down left down,left left left down left down
865,True,True,True,4,4,"[4, 3]",,down down down right,down down down right
866,True,True,True,2,2,"[0, 1]",,up left,up left
867,True,True,True,1,1,"[4, 3]",,left,left
868,False,True,False,5,6,"[3, 1]",,right down down left down,right down down left down
869,False,False,False,0,8,"[0, 4]",invalid_action,,Goal not reachable
870,True,True,True,3,3,"[1, 2]",,right right down,right right down
871,True,True,True,5,5,"[0, 2]",,up up up right right,up up up right right
872,True,True,True,6,6,"[1, 4]",,up up right right right right,up up right right right right
873,True,True,True,1,1,"[2, 3]",,down,down
874,True,True,True,5,5,"[1, 3]",,up up up right right,up up up right right
875,True,True,True,3,3,"[0, 2]",,up left up,up left up
876,True,True,True,2,2,"[3, 2]",,left down,left down
877,True,True,True,3,3,"[4, 1]",,right down down,right down down
878,True,True,True,1,1,"[3, 3]",,left,left
879,True,True,True,1,1,"[3, 1]",,left,left
880,True,True,True,5,5,"[0, 0]",,up up up left left,up up up left left
881,True,True,True,2,2,"[2, 2]",,down down,down down
882,True,True,True,2,2,"[3, 2]",,left down,left down
883,True,True,True,7,7,"[3, 4]",,right right down right down down right,right right down right down down right
884,True,True,True,5,5,"[3, 1]",,left left left down down,left left left down down
885,True,True,True,2,2,"[0, 0]",,up left,up left
886,True,True,True,3,3,"[2, 2]",,right right down,right right down
887,True,True,True,5,5,"[3, 2]",,right right down down down,right right down down down
888,True,True,True,4,4,"[3, 1]",,right down down down,right down down down
889,True,True,True,4,4,"[2, 0]",,up left left left,up left left left
890,True,True,True,5,5,"[0, 4]",,up up up right up,up up up right up
891,True,True,True,5,5,"[1, 1]",,up up up left left,up up up left left
892,True,True,True,2,2,"[0, 1]",,up right,up right
893,True,True,True,2,2,"[2, 0]",,down down,down down
894,True,True,True,1,1,"[1, 0]",,down,down
895,True,True,True,2,2,"[2, 1]",,up right,up right
896,True,True,True,7,7,"[0, 4]",,up up up right right right up,up up up right right right up
897,True,True,True,1,1,"[2, 2]",,right,right
898,True,True,True,2,2,"[4, 3]",,down down,down down
899,True,True,True,2,2,"[0, 2]",,up right,up right
900,True,True,True,4,4,"[2, 0]",,up left left left,up left left left
901,True,True,True,4,4,"[1, 3]",,right right right up,right right right up
902,False,False,False,2,6,"[0, 2]",obstacle,right down,right down
903,True,True,True,1,1,"[2, 2]",,right,right
904,True,True,True,4,4,"[4, 2]",,down down right right,down down right right
905,True,True,True,3,3,"[4, 4]",,down down down,down down down
906,True,True,True,5,5,"[4, 1]",,left down down left left,left down down left left
907,True,True,True,2,2,"[4, 2]",,down left,down left
908,True,True,True,4,4,"[2, 2]",,down left down left,down left down left
909,True,True,True,2,2,"[2, 2]",,down right,down right
910,True,True,True,5,5,"[4, 3]",,down left down down down,down left down down down
911,True,True,True,2,2,"[3, 0]",,left up,left up
912,True,True,True,4,4,"[1, 4]",,right right up right,right right up right
913,True,True,True,2,2,"[2, 4]",,right right,right right
914,True,True,True,5,5,"[4, 0]",,left left left down down,left left left down down
915,False,False,False,5,5,"[2, 2]",obstacle,down right down down left,down right down down left
916,True,True,True,1,1,"[3, 4]",,down,down
917,False,False,False,5,7,"[2, 1]",obstacle,down down down right down,down down down right down
918,True,True,True,5,5,"[1, 4]",,right right right right up,right right right right up
919,True,True,True,5,5,"[2, 4]",,up right right right right,up right right right right
920,True,True,True,3,3,"[1, 0]",,left up left,left up left
921,False,False,False,5,5,"[0, 2]",obstacle,up right right right down,up right right right down
922,True,True,True,3,3,"[4, 3]",,right right right,right right right
923,True,True,True,4,4,"[3, 3]",,right right right down,right right right down
924,False,False,False,4,4,"[4, 1]",obstacle,left up up right,left up up right
925,True,True,True,5,5,"[4, 4]",,right right right down down,right right right down down
926,True,True,True,2,2,"[4, 0]",,down down,down down
927,True,True,True,6,6,"[1, 1]",,up up left left left up,up up left left left up
928,True,True,True,5,5,"[0, 4]",,up up up right up,up up up right up
929,True,True,True,2,2,"[2, 1]",,up right,up right
930,True,True,True,1,1,"[3, 3]",,down,down
931,True,True,True,4,4,"[4, 2]",,left down down down,left down down down
932,True,True,True,6,6,"[3, 4]",,right down right right down down,right down right right down down
933,True,True,True,3,3,"[0, 4]",,up up up,up up up
934,True,True,True,2,2,"[3, 3]",,right down,right down
935,True,True,True,4,4,"[0, 4]",,up right right up,up right right up
936,True,True,True,6,6,"[0, 1]",,up up right up up left,up up right up up left
937,True,True,True,4,4,"[2, 1]",,up left left left,up left left left
938,True,True,True,5,5,"[2, 4]",,up up right right right,up up right right right
939,True,True,True,2,2,"[2, 3]",,right right,right right
940,True,True,True,5,5,"[0, 1]",,right right up up left,right right up up left
941,True,True,True,1,1,"[1, 3]",,left,left
942,True,True,True,6,6,"[4, 4]",,right right right right down down,right right right right down down
943,False,False,False,8,8,"[1, 2]",obstacle,up up up left left left left up,up up up left left left left up
944,True,True,True,3,3,"[2, 1]",,down down left,down down left
945,True,True,True,4,4,"[4, 0]",,left down down left,left down down left
946,True,True,True,6,6,"[2, 0]",,up up left left left left,up up left left left left
947,True,True,True,3,3,"[1, 2]",,up up up,up up up
948,True,True,True,3,3,"[3, 4]",,up right right,up right right
949,True,True,True,2,2,"[1, 2]",,left left,left left
950,True,True,True,5,5,"[2, 3]",,right right down right down,right right down right down
951,True,True,True,6,6,"[2, 0]",,up up left left left left,up up left left left left
952,True,True,True,4,4,"[2, 2]",,down left left down,down left left down
953,True,True,True,4,4,"[4, 4]",,right right right down,right right right down
954,True,True,True,3,3,"[2, 3]",,down right down,down right down
955,True,True,True,7,7,"[3, 4]",,right right down right right down down,right right down right right down down
956,True,True,True,1,1,"[1, 3]",,up,up
957,True,True,True,3,3,"[3, 4]",,right down down,right down down
958,True,True,True,4,4,"[0, 2]",,up left left up,up left left up
959,True,True,True,3,3,"[1, 2]",,right right down,right right down
960,True,True,True,3,3,"[3, 2]",,left left down,left left down
961,True,True,True,1,1,"[1, 2]",,down,down
962,True,True,True,2,2,"[2, 4]",,up right,up right
963,True,True,True,4,4,"[0, 4]",,up up right right,up up right right
964,True,True,True,5,5,"[0, 0]",,up left left left up,up left left left up
965,True,True,True,4,4,"[4, 4]",,down down down down,down down down down
966,True,True,True,2,2,"[0, 0]",,up up,up up
967,True,True,True,1,1,"[0, 3]",,up,up
968,True,True,True,3,3,"[2, 3]",,right right right,right right right
969,True,True,True,5,5,"[1, 0]",,left left down left left,left left down left left
970,True,True,True,3,3,"[2, 0]",,up left left,up left left
971,True,True,True,3,3,"[3, 2]",,left down down,left down down
972,True,True,True,1,1,"[0, 4]",,right,right
973,True,True,True,4,4,"[1, 2]",,up up up left,up up up left
974,True,True,True,8,8,"[4, 4]",,down right right right right down down down,down right right right right down down down
975,True,True,True,1,1,"[4, 4]",,right,right
976,True,True,True,3,3,"[1, 2]",,up right right,up right right
977,True,True,True,2,2,"[2, 4]",,right right,right right
978,True,True,True,4,4,"[0, 3]",,up right up right,up right up right
979,True,True,True,5,5,"[0, 0]",,left down left left up,left down left left up
980,True,True,True,2,2,"[4, 3]",,left down,left down
981,True,True,True,4,4,"[3, 2]",,left left down down,left left down down
982,True,True,True,3,3,"[4, 3]",,down down down,down down down
983,True,True,True,3,3,"[2, 2]",,up left left,up left left
984,True,True,True,1,1,"[2, 0]",,down,down
986,True,True,True,4,4,"[1, 4]",,up up up right,up up up right
987,True,True,True,4,4,"[1, 0]",,up left left left,up left left left
988,True,True,True,5,5,"[1, 4]",,up right right right right,up right right right right
989,True,True,True,4,4,"[0, 4]",,up up right right,up up right right
990,True,True,True,2,2,"[0, 4]",,right right,right right
991,False,False,False,5,9,"[2, 1]",obstacle,right up up right right,right up up right right
992,True,True,True,3,3,"[4, 4]",,down down down,down down down
993,False,False,False,5,7,"[1, 2]",obstacle,left up left left down,left up left left down
994,False,False,False,5,13,"[1, 2]",obstacle,right right down down left,right right down down left
995,True,True,True,4,4,"[4, 3]",,right right down right,right right down right
996,False,False,False,5,13,"[2, 1]",obstacle,right right up up left,right right up up left
997,False,False,False,6,6,"[2, 3]",obstacle,down down left down down right,down down left down down right
998,False,False,False,4,8,"[1, 2]",obstacle,left left down left,left left down left
999,True,True,True,1,1,"[1, 2]",,left,left
1000,True,True,True,4,4,"[4, 3]",,right right down right,right right down right
1001,False,False,False,6,11,"[2, 3]",obstacle,right down down left left down,right down down left left down
1002,False,False,False,5,6,"[1, 2]",obstacle,left down down right down,left down down right down
1003,True,True,True,5,5,"[4, 3]",,down down down down left,down down down down left
1004,True,True,True,1,1,"[1, 3]",,right,right
1005,True,True,True,4,4,"[0, 1]",,up left left left,up left left left
1006,True,True,True,2,2,"[2, 1]",,left up,left up
1007,True,True,True,1,1,"[3, 2]",,up,up
1008,True,True,True,5,5,"[0, 0]",,up left left left left,up left left left left
1009,False,False,False,6,10,"[2, 0]",obstacle,up up left up up right,up up left up up right
1010,False,False,False,5,9,"[1, 2]",obstacle,left left down down left,left left down down left
1011,False,False,False,5,5,"[3, 2]",obstacle,left up up up right,left up up up right
1012,False,False,False,7,9,"[2, 0]",obstacle,up left left up up up right,up left left up up up right
1013,False,False,False,4,10,"[2, 1]",obstacle,right up up right,right up up right
1014,True,True,True,2,2,"[3, 0]",,left left,left left
1015,True,True,True,6,6,"[3, 4]",,right right right down down down,right right right down down down
1016,True,True,True,4,4,"[3, 1]",,left left up left,left left up left
1017,True,True,True,4,4,"[4, 3]",,down right down right,down right down right
1018,True,True,True,3,3,"[1, 2]",,left left down,left left down
1019,False,False,False,3,9,"[2, 1]",obstacle,right up right,right up right
1020,True,True,True,5,5,"[3, 0]",,left left up left left,left left up left left
1023,True,True,True,1,1,"[4, 1]",,right,right
1026,True,True,True,3,3,"[2, 0]",,down left left,down left left
1027,True,True,True,7,7,"[4, 1]",,left down left down left down down,left down left down left down down
1029,True,True,True,6,6,"[4, 1]",,left left down left down down,left left down left down down
1030,True,True,True,4,4,"[3, 0]",,down left left down,down left left down
1031,True,True,True,1,1,"[3, 0]",,up,up
1032,True,True,True,1,1,"[2, 2]",,right,right
1033,True,True,True,6,6,"[4, 0]",,left down left left down down,left down left left down down
1034,True,True,True,1,1,"[2, 2]",,right,right
1035,True,True,True,2,2,"[4, 2]",,left left,left left
1036,True,True,True,5,5,"[3, 2]",,left down left down down,left down left down down
1037,True,True,True,3,3,"[3, 1]",,left up left,left up left
1038,True,True,True,4,4,"[4, 4]",,down down down down,down down down down
1039,True,True,True,2,2,"[4, 3]",,right right,right right
1040,False,False,False,6,6,"[2, 2]",obstacle,up up right right right up,up up right right right up
1041,True,True,True,4,4,"[4, 3]",,right right down right,right right down right
1042,True,True,True,3,3,"[4, 4]",,down right right,down right right
1043,True,True,True,4,4,"[4, 0]",,left left down down,left left down down
1045,True,True,True,2,2,"[4, 3]",,down left,down left
1046,True,True,True,5,5,"[4, 3]",,right right down down right,right right down down right
1047,True,True,True,2,2,"[4, 0]",,down down,down down
1048,True,True,True,1,1,"[3, 4]",,up,up
1049,True,True,True,1,1,"[2, 2]",,up,up
1050,True,True,True,2,2,"[3, 1]",,down down,down down
1051,True,True,True,3,3,"[0, 2]",,up right up,up right up
1052,True,True,True,4,4,"[3, 1]",,up left left left,up left left left
1053,True,True,True,4,4,"[2, 4]",,right right right down,right right right down
1054,True,True,True,3,3,"[1, 0]",,left left left,left left left
1055,True,True,True,2,2,"[2, 2]",,left left,left left
1056,True,True,True,2,2,"[1, 3]",,down left,down left
1057,True,True,True,4,4,"[4, 4]",,right down down down,right down down down
1058,True,True,True,4,4,"[2, 3]",,right up right right,right up right right
1059,True,True,True,2,2,"[1, 2]",,up up,up up
1060,True,True,True,4,4,"[1, 4]",,up up right right,up up right right
1061,True,True,True,5,5,"[2, 4]",,right up right right right,right up right right right
1062,True,True,True,3,3,"[2, 3]",,down left down,down left down
1063,True,True,True,4,4,"[1, 3]",,up up right right,up up right right
1064,True,True,True,5,5,"[3, 4]",,down right right down down,down right right down down
1065,True,True,True,4,4,"[1, 0]",,up left left left,up left left left
1066,True,True,True,2,2,"[3, 4]",,right right,right right
1067,True,True,True,1,1,"[1, 3]",,left,left
1068,True,True,True,5,5,"[2, 3]",,up right up right right,up right up right right
1069,True,True,True,2,2,"[1, 2]",,up left,up left
1070,True,True,True,6,6,"[0, 2]",,up up up left left up,up up up left left up
1071,True,True,True,3,3,"[1, 4]",,up up right,up up right
1072,True,True,True,2,2,"[3, 2]",,down down,down down
1073,True,True,True,1,1,"[2, 1]",,down,down
1074,True,True,True,3,3,"[2, 1]",,left left left,left left left
1075,True,True,True,5,5,"[3, 3]",,right right right down down,right right right down down
1076,True,True,True,1,1,"[4, 0]",,down,down
1077,True,True,True,2,2,"[2, 3]",,up right,up right
1078,True,True,True,6,6,"[4, 0]",,down left down down down left,down left down down down left
1079,True,True,True,1,1,"[4, 3]",,down,down
1080,True,True,True,3,3,"[3, 0]",,down down down,down down down
1081,True,True,True,1,1,"[1, 2]",,down,down
1082,True,True,True,3,3,"[1, 2]",,up up left,up up left
1083,True,True,True,4,4,"[1, 0]",,left left left down,left left left down
1084,True,True,True,2,2,"[0, 3]",,up right,up right
1085,True,True,True,5,5,"[4, 4]",,right down down down right,right down down down right
1086,True,True,True,5,5,"[3, 0]",,left left down down down,left left down down down
1087,True,True,True,3,3,"[1, 1]",,up left left,up left left
1088,True,True,True,1,1,"[1, 3]",,right,right
1089,True,True,True,1,1,"[3, 1]",,down,down
1090,True,True,True,4,4,"[2, 3]",,up right right right,up right right right
1091,True,True,True,7,7,"[1, 0]",,left up up up left left left,left up up up left left left
1092,True,True,True,3,3,"[1, 2]",,up right right,up right right
1093,True,True,True,3,3,"[1, 3]",,up right right,up right right
1094,True,True,True,4,4,"[4, 3]",,right down down down,right down down down
1095,True,True,True,2,2,"[1, 1]",,up right,up right
1096,True,True,True,2,2,"[1, 0]",,up left,up left
1097,True,True,True,3,3,"[1, 1]",,up up right,up up right
1098,True,True,True,2,2,"[2, 3]",,down down,down down
1099,True,True,True,4,4,"[2, 4]",,left up up right,left up up right
1100,True,True,True,2,2,"[0, 2]",,up right,up right
1101,True,True,True,4,4,"[1, 3]",,up up right right,up up right right
1102,True,True,True,1,1,"[2, 1]",,left,left
1103,True,True,True,1,1,"[0, 1]",,right,right
1104,True,True,True,3,3,"[3, 3]",,right down down,right down down
1105,True,True,True,3,3,"[1, 2]",,up right right,up right right
1106,True,True,True,8,8,"[0, 0]",,left up up up up left left left,left up up up up left left left
1107,True,True,True,2,2,"[0, 0]",,left left,left left
1108,True,True,True,1,1,"[1, 2]",,down,down
1109,True,True,True,2,2,"[0, 2]",,up up,up up
1110,True,True,True,5,5,"[3, 0]",,left left down down down,left left down down down
1111,False,False,False,6,6,"[3, 2]",obstacle,up left left left left up,up left left left left up
1112,True,True,True,7,7,"[4, 4]",,right right down right down down down,right right down right down down down
1113,True,True,True,5,5,"[0, 3]",,up up right right right,up up right right right
1114,True,True,True,4,4,"[1, 3]",,right right right down,right right right down
1115,True,True,True,3,3,"[2, 4]",,up up right,up up right
1116,False,False,False,4,4,"[2, 1]",obstacle,right up up left,right up up left
1117,False,False,False,7,7,"[1, 0]",obstacle,up right up right right right down,up right up right right right down
1118,False,False,False,6,6,"[2, 3]",obstacle,right up up left up up,right up up left up up
1119,True,True,True,3,3,"[4, 2]",,down left down,down left down
1120,False,False,False,6,6,"[0, 3]",obstacle,up right right right right down,up right right right right down
1121,True,True,True,1,1,"[2, 0]",,up,up
1122,True,True,True,1,1,"[3, 3]",,right,right
1123,True,True,True,3,3,"[0, 3]",,right right right,right right right
1124,True,True,True,3,3,"[0, 0]",,up up up,up up up
1125,True,True,True,4,4,"[3, 4]",,down right down down,down right down down
1126,True,True,True,5,5,"[0, 1]",,up up up left left,up up up left left
1127,True,True,True,1,1,"[3, 0]",,up,up
1128,True,True,True,5,5,"[4, 4]",,down right right right right,down right right right right
1129,True,True,True,2,2,"[3, 2]",,left left,left left
1130,True,True,True,6,6,"[3, 4]",,right right down right down down,right right down right down down
1131,False,False,False,6,8,"[3, 2]",obstacle,left down down left left left,left down down left left left
1132,True,True,True,1,1,"[0, 1]",,left,left
1133,True,True,True,5,5,"[3, 2]",,down down right right up,down down right right up
1134,True,True,True,6,6,"[2, 4]",,right right right up right up,right right right up right up
1135,False,False,False,7,7,"[1, 0]",obstacle,left left up up up right up,left left up up up right up
1136,True,True,True,5,5,"[4, 0]",,down left down left left,down left down left left
1137,False,False,False,6,6,"[2, 1]",obstacle,up right right right right down,up right right right right down
1138,True,True,True,4,4,"[2, 0]",,left left down down,left left down down
1139,True,True,True,5,5,"[4, 3]",,right down down down down,right down down down down
1140,False,False,False,5,9,"[2, 3]",obstacle,up up left left up,up up left left up
1141,False,False,False,5,7,"[3, 2]",obstacle,left up up up right,left up up up right
1142,True,True,True,3,3,"[3, 2]",,right right up,right right up
1143,True,True,True,2,2,"[0, 0]",,up left,up left
1144,True,True,True,3,3,"[0, 1]",,left left left,left left left
1145,True,True,True,2,2,"[4, 0]",,down down,down down
1146,True,True,True,3,3,"[4, 4]",,right right right,right right right
1147,True,True,True,4,4,"[3, 3]",,down down left down,down down left down
1148,True,True,True,5,5,"[0, 4]",,right right up up up,right right up up up
1149,False,False,False,6,10,"[1, 2]",obstacle,right right down down left down,right right down down left down
1150,True,True,True,1,1,"[3, 2]",,left,left
1151,True,True,True,7,7,"[4, 4]",,up right right down down down down,up right right down down down down
1152,False,False,False,7,7,"[2, 0]",obstacle,up right right up right right down,up right right up right right down
1153,True,True,True,2,2,"[4, 2]",,right right,right right
1154,True,True,True,3,3,"[3, 2]",,left down left,left down left
1155,True,True,True,3,3,"[3, 2]",,left down left,left down left
1156,False,False,False,6,6,"[2, 3]",obstacle,up left left up up right,up left left up up right
1157,False,False,False,4,4,"[1, 2]",obstacle,left down down right,left down down right
1158,True,True,True,1,1,"[0, 4]",,right,right
1159,True,True,True,2,2,"[0, 2]",,left left,left left
1160,True,True,True,3,3,"[4, 1]",,left left left,left left left
1161,True,True,True,4,4,"[4, 4]",,right right right right,right right right right
1162,False,False,False,5,7,"[2, 3]",obstacle,up right up up up,up right up up up
1163,False,False,False,5,10,"[1, 2]",obstacle,right down down left down,right down down left down
1164,True,True,True,1,1,"[1, 4]",,down,down
1165,True,True,True,3,3,"[3, 4]",,up right right,up right right
1166,True,True,True,2,2,"[4, 2]",,left left,left left
1167,True,True,True,4,4,"[2, 4]",,right right down down,right right down down
1168,True,True,True,3,3,"[4, 2]",,down right right,down right right
1169,False,False,False,9,10,"[3, 0]",obstacle,up right right right up up up left left,up right right right up up up left left
1170,True,True,True,5,5,"[3, 0]",,left left down down down,left left down down down
1171,True,True,True,2,2,"[1, 1]",,left left,left left
1172,True,True,True,6,6,"[1, 3]",,up up up right right right,up up up right right right
1173,True,True,True,2,2,"[3, 4]",,up right,up right
1174,True,True,True,5,5,"[2, 4]",,right down right right down,right down right right down
1175,True,True,True,7,7,"[3, 4]",,right down down right right up right,right down down right right up right
1176,True,True,True,2,2,"[1, 2]",,right down,right down
1177,True,True,True,3,3,"[0, 4]",,right right up,right right up
1178,True,True,True,5,5,"[3, 4]",,down right right down down,down right right down down
1179,True,True,True,5,5,"[3, 4]",,right right right down down,right right right down down
1180,True,True,True,1,1,"[4, 1]",,left,left
1181,True,True,True,4,4,"[3, 3]",,right down down left,right down down left
1182,True,True,True,5,5,"[4, 1]",,left left down down down,left left down down down
1183,False,False,False,5,7,"[3, 3]",obstacle,left left up up up,left left up up up
1184,True,True,True,3,3,"[1, 2]",,down left left,down left left
1185,True,True,True,3,3,"[3, 0]",,left down down,left down down
1186,True,True,True,3,3,"[0, 2]",,left left up,left left up
1187,True,True,True,2,2,"[1, 3]",,right right,right right
1188,True,True,True,7,7,"[2, 4]",,up right up right right right down,up right up right right right down
1189,True,True,True,5,5,"[3, 0]",,left left down down down,left left down down down
1190,True,True,True,5,5,"[0, 4]",,up right right right up,up right right right up
1191,True,True,True,5,5,"[3, 1]",,left left left down down,left left left down down
1192,False,False,False,5,7,"[3, 3]",obstacle,left left up up left,left left up up left
1193,True,True,True,6,6,"[2, 4]",,right up right right right down,right up right right right down
1194,True,True,True,5,5,"[0, 1]",,left up up up up,left up up up up
1195,True,True,True,4,4,"[4, 1]",,down down down down,down down down down
1196,True,True,True,3,3,"[0, 1]",,left up left,left up left
1197,True,True,True,1,1,"[3, 3]",,up,up
1198,True,True,True,4,4,"[4, 0]",,left down down down,left down down down
1199,True,True,True,1,1,"[2, 1]",,right,right
1200,True,True,True,4,4,"[1, 3]",,up right right up,up right right up
1201,True,True,True,2,2,"[4, 0]",,down down,down down
1202,False,False,False,5,5,"[4, 2]",obstacle,left left up up left,left left up up left
1203,True,True,True,2,2,"[1, 1]",,up up,up up
1204,True,True,True,2,2,"[4, 0]",,left down,left down
1205,True,True,True,3,3,"[3, 0]",,left up left,left up left
1206,True,True,True,1,1,"[0, 3]",,up,up
1207,False,False,False,5,5,"[3, 3]",obstacle,down down left left down,down down left left down
1208,True,True,True,5,5,"[2, 4]",,right down right right right,right down right right right
1209,True,True,True,2,2,"[3, 0]",,left down,left down
1210,False,False,False,6,6,"[2, 2]",obstacle,right right down down right right,right right down down right right
1211,True,True,True,5,5,"[1, 4]",,right up up up right,right up up up right
1212,True,True,True,3,3,"[2, 1]",,up up right,up up right
1213,True,True,True,1,1,"[1, 1]",,down,down
1214,True,True,True,3,3,"[4, 3]",,down right right,down right right
1215,False,False,False,5,5,"[0, 1]",obstacle,right up right right down,right up right right down
1216,True,True,True,3,3,"[4, 2]",,right down right,right down right
1217,True,True,True,4,4,"[4, 2]",,left down down left,left down down left
1218,True,True,True,2,2,"[3, 1]",,down down,down down
1219,True,True,True,2,2,"[2, 2]",,left left,left left
1220,True,True,True,3,3,"[3, 1]",,right down down,right down down
1221,True,True,True,5,5,"[4, 2]",,down down down down left,down down down down left
1222,True,True,True,4,4,"[4, 2]",,right down down left,right down down left
1223,True,True,True,3,3,"[3, 1]",,down down down,down down down
1224,True,True,True,4,4,"[1, 1]",,up left left up,up left left up
1225,True,True,True,4,4,"[1, 3]",,right up up up,right up up up
1226,True,True,True,2,2,"[2, 1]",,down down,down down
1227,True,True,True,5,5,"[4, 3]",,down right right down down,down right right down down
1228,True,True,True,2,2,"[3, 1]",,up right,up right
1229,True,True,True,3,3,"[4, 1]",,down down down,down down down
1230,True,True,True,3,3,"[1, 0]",,left left up,left left up
1231,True,True,True,5,5,"[4, 4]",,right down down right right,right down down right right
1232,False,False,False,5,5,"[2, 2]",obstacle,right right right up up,right right right up up
1233,False,False,False,3,5,"[1, 0]",obstacle,right right up,right right up
1234,True,True,True,1,1,"[0, 2]",,left,left
1235,False,False,False,5,7,"[4, 4]",out_of_bounds,right right up up left,right right up up left
1236,True,True,True,1,1,"[4, 3]",,right,right
1237,True,True,True,1,1,"[4, 2]",,left,left
1238,True,True,True,3,3,"[3, 2]",,left down down,left down down
1239,True,True,True,3,3,"[4, 0]",,left left left,left left left
1240,True,True,True,1,1,"[4, 1]",,right,right
1241,True,True,True,7,7,"[4, 3]",,down down right right down down right,down down right right down down right
1242,False,False,False,6,6,"[0, 2]",obstacle,left left up left left down,left left up left left down
1243,True,True,True,3,3,"[4, 3]",,right down right,right down right
1244,True,True,True,3,3,"[2, 1]",,down down left,down down left
1245,True,True,True,6,6,"[1, 4]",,up right right up right right,up right right up right right
1246,True,True,True,2,2,"[1, 2]",,right up,right up
1247,True,True,True,5,5,"[0, 2]",,up right right up up,up right right up up
1248,True,True,True,2,2,"[4, 2]",,right down,right down
1249,True,True,True,3,3,"[4, 2]",,right right down,right right down
1250,True,True,True,2,2,"[2, 1]",,down left,down left
1251,True,True,True,4,4,"[4, 3]",,down down down right,down down down right
1252,True,True,True,6,6,"[0, 4]",,up up up up right right,up up up up right right
1253,True,True,True,4,4,"[4, 0]",,left left left left,left left left left
1254,False,False,False,5,5,"[3, 2]",obstacle,left down down right down,left down down right down
1255,True,True,True,7,7,"[1, 4]",,up up right right up right right,up up right right up right right
1256,True,True,True,8,8,"[4, 0]",,left left down down left left down down,left left down down left left down down
1257,True,True,True,3,3,"[4, 0]",,down down down,down down down
1258,True,True,True,5,5,"[0, 4]",,right up up right right,right up up right right
1259,True,True,True,6,6,"[0, 0]",,down down left left up up,down down left left up up
1260,True,True,True,3,3,"[3, 2]",,up right right,up right right
1261,False,False,False,4,8,"[0, 2]",obstacle,right down down right,right down down right
1262,True,True,True,2,2,"[2, 1]",,left up,left up
1263,True,True,True,6,6,"[3, 4]",,down down right right right right,down down right right right right
1264,True,True,True,3,3,"[2, 3]",,right right up,right right up
1265,True,True,True,2,2,"[3, 4]",,right right,right right
1266,True,True,True,4,4,"[3, 1]",,left down left left,left down left left
1267,True,True,True,1,1,"[4, 3]",,down,down
1268,False,False,False,5,9,"[0, 2]",obstacle,right down right right down,right down right right down
1269,True,True,True,2,2,"[4, 2]",,right down,right down
1270,False,False,False,6,8,"[2, 3]",obstacle,down down left left left left,down down left left left left
1271,True,True,True,2,2,"[2, 0]",,down down,down down
1272,True,True,True,1,1,"[4, 0]",,left,left
1273,True,True,True,4,4,"[3, 4]",,up right right right,up right right right
1274,True,True,True,4,4,"[2, 3]",,right right right up,right right right up
1275,True,True,True,4,4,"[2, 1]",,up left left up,up left left up
1276,True,True,True,1,1,"[1, 4]",,up,up
1277,False,False,False,7,7,"[2, 3]",obstacle,up left left left up up right,up left left left up up right
1278,True,True,True,5,5,"[3, 4]",,right down right right right,right down right right right
1279,True,True,True,2,2,"[1, 3]",,up up,up up
1280,True,True,True,6,6,"[4, 2]",,down down down right down right,down down down right down right
1281,True,True,True,3,3,"[2, 4]",,up up right,up up right
1282,True,True,True,1,1,"[4, 3]",,down,down
1283,True,True,True,2,2,"[2, 3]",,up up,up up
1284,True,True,True,3,3,"[2, 4]",,up up right,up up right
1285,True,True,True,4,4,"[3, 0]",,left left left left,left left left left
1286,True,True,True,1,1,"[1, 0]",,up,up
1287,True,True,True,2,2,"[2, 1]",,up right,up right
1288,True,True,True,2,2,"[3, 3]",,left down,left down
1289,True,True,True,2,2,"[2, 3]",,right up,right up
1290,True,True,True,4,4,"[3, 2]",,down left left down,down left left down
1291,True,True,True,2,2,"[2, 2]",,up left,up left
1292,True,True,True,2,2,"[2, 1]",,left left,left left
1293,False,False,False,7,7,"[0, 2]",obstacle,right right down down right right down,right right down down right right down
1294,True,True,True,5,5,"[0, 2]",,up left up up right,up left up up right
1295,True,True,True,3,3,"[0, 4]",,up up up,up up up
1296,True,True,True,2,2,"[1, 4]",,right up,right up
1297,True,True,True,1,1,"[4, 1]",,left,left
1298,True,True,True,1,1,"[1, 4]",,down,down
1299,True,True,True,4,4,"[2, 1]",,up up left left,up up left left
1300,False,False,False,8,8,"[2, 2]",obstacle,right up up right up up right right,right up up right up up right right
1301,False,False,False,5,5,"[3, 1]",obstacle,down down down left down,down down down left down
1302,True,True,True,3,3,"[2, 1]",,left down down,left down down
1303,True,True,True,1,1,"[0, 3]",,right,right
1304,True,True,True,4,4,"[4, 1]",,left left down down,left left down down
1305,True,True,True,3,3,"[2, 3]",,down down left,down down left
1306,True,True,True,1,1,"[1, 4]",,up,up
1307,True,True,True,4,4,"[3, 4]",,right down down down,right down down down
1308,False,False,False,4,4,"[0, 2]",obstacle,left down down right,left down down right
1309,False,False,False,5,5,"[0, 2]",obstacle,right right down down right,right right down down right
1310,True,True,True,4,4,"[0, 4]",,up right up up,up right up up
1311,True,True,True,2,2,"[1, 1]",,right up,right up
1312,True,True,True,3,3,"[3, 4]",,right right right,right right right
1313,True,True,True,3,3,"[1, 4]",,right right down,right right down
1314,True,True,True,5,5,"[2, 0]",,down left left left left,down left left left left
1315,True,True,True,2,2,"[2, 3]",,down left,down left
1316,True,True,True,4,4,"[2, 0]",,up up left left,up up left left
1317,True,True,True,3,3,"[2, 0]",,up up left,up up left
1318,True,True,True,5,5,"[2, 4]",,right right right down down,right right right down down
1319,True,True,True,2,2,"[2, 2]",,right right,right right
1320,True,True,True,4,4,"[4, 4]",,right right down down,right right down down
1321,True,True,True,4,4,"[2, 3]",,up right up right,up right up right
1322,False,False,False,4,6,"[1, 2]",obstacle,up left left up,up left left up
1323,True,True,True,2,2,"[2, 3]",,left down,left down
1324,True,True,True,3,3,"[3, 1]",,left down left,left down left
1325,True,True,True,5,5,"[3, 0]",,left left down left left,left left down left left
1326,True,True,True,4,4,"[3, 1]",,left left down left,left left down left
1327,True,True,True,3,3,"[4, 4]",,right down down,right down down
1328,True,True,True,5,5,"[4, 1]",,down down down right down,down down down right down
1329,True,True,True,2,2,"[0, 2]",,left up,left up
1330,True,True,True,1,1,"[1, 2]",,up,up
1331,True,True,True,2,2,"[0, 2]",,left up,left up
1332,True,True,True,3,3,"[1, 2]",,up left left,up left left
1333,True,True,True,4,4,"[3, 3]",,up right right right,up right right right
1334,True,True,True,2,2,"[3, 1]",,down right,down right
1335,True,True,True,1,1,"[4, 1]",,left,left
1336,True,True,True,4,4,"[4, 2]",,left left down down,left left down down
1337,True,True,True,2,2,"[2, 2]",,down down,down down
1338,True,True,True,1,1,"[4, 2]",,down,down
1339,True,True,True,5,5,"[4, 4]",,right up right right down,right up right right down
1340,False,False,False,5,7,"[2, 0]",obstacle,down down right right up,down down right right up
1341,True,True,True,2,2,"[1, 2]",,up left,up left
1342,True,True,True,1,1,"[2, 3]",,right,right
1343,True,True,True,5,5,"[3, 4]",,down right right down down,down right right down down
1344,True,True,True,2,2,"[0, 0]",,up up,up up
1345,True,True,True,1,1,"[3, 2]",,right,right
1346,False,False,False,8,8,"[1, 2]",obstacle,up up up left left left left up,up up up left left left left up
1347,True,True,True,4,4,"[3, 3]",,down left down down,down left down down
1348,True,True,True,3,3,"[2, 2]",,up left left,up left left
1349,True,True,True,4,4,"[4, 2]",,left left down down,left left down down
1350,True,True,True,4,4,"[3, 2]",,left down down down,left down down down
1351,True,True,True,2,2,"[0, 3]",,right right,right right
1352,True,True,True,3,3,"[1, 1]",,left left down,left left down
1353,True,True,True,5,5,"[0, 3]",,up right up right right,up right up right right
1354,True,True,True,5,5,"[3, 4]",,right right right down down,right right right down down
1355,True,True,True,1,1,"[1, 3]",,up,up
1356,True,True,True,4,4,"[0, 3]",,up up up right,up up up right
1357,True,True,True,2,2,"[1, 2]",,right down,right down
1358,True,True,True,2,2,"[1, 3]",,up left,up left
1359,True,True,True,3,3,"[2, 2]",,right right up,right right up
1360,True,True,True,2,2,"[3, 0]",,down down,down down
1361,True,True,True,4,4,"[2, 2]",,left left down down,left left down down
1362,True,True,True,2,2,"[2, 3]",,up left,up left
1363,True,True,True,6,6,"[4, 0]",,left down left down down down,left down left down down down
1364,True,True,True,3,3,"[1, 1]",,up up right,up up right
1365,True,True,True,3,3,"[1, 3]",,up up left,up up left
1366,True,True,True,3,3,"[4, 2]",,right right down,right right down
1367,True,True,True,2,2,"[2, 2]",,up up,up up
1368,True,True,True,4,4,"[3, 1]",,down down down left,down down down left
1369,True,True,True,5,5,"[2, 0]",,left up left left up,left up left left up
1370,True,True,True,5,5,"[4, 3]",,down right right down right,down right right down right
1371,True,True,True,4,4,"[0, 1]",,up up up left,up up up left
1372,True,True,True,2,2,"[4, 3]",,down right,down right
1373,True,True,True,2,2,"[1, 4]",,right right,right right
1374,True,True,True,7,7,"[2, 0]",,up left left up left left down,up left left up left left down
1375,True,True,True,1,1,"[2, 4]",,down,down
1376,False,False,False,5,7,"[4, 3]",obstacle,right up up up up,right up up up up
1377,True,True,True,4,4,"[1, 1]",,up up up left,up up up left
1378,True,True,True,1,1,"[1, 3]",,down,down
1379,True,True,True,2,2,"[1, 0]",,up up,up up
1380,True,True,True,6,6,"[3, 1]",,down left left down down left,down left left down down left
1381,True,True,True,4,4,"[4, 2]",,right right down down,right right down down
1382,True,True,True,3,3,"[3, 0]",,up left left,up left left
1383,False,False,False,4,6,"[0, 4]",obstacle,left down down down,left down down down
1384,True,True,True,4,4,"[0, 1]",,right up up left,right up up left
1385,True,True,True,4,4,"[3, 3]",,up right right right,up right right right
1386,True,True,True,5,5,"[0, 1]",,up right up up left,up right up up left
1387,True,True,True,6,6,"[4, 2]",,right right down down down down,right right down down down down
1388,True,True,True,1,1,"[4, 1]",,right,right
1389,True,True,True,5,5,"[0, 4]",,up up right right up,up up right right up
1390,True,True,True,3,3,"[4, 0]",,left down down,left down down
1391,True,True,True,2,2,"[3, 4]",,right right,right right
1392,True,True,True,5,5,"[0, 0]",,left left up left left,left left up left left
1393,True,True,True,1,1,"[3, 2]",,down,down
1394,True,True,True,1,1,"[1, 0]",,up,up
1395,True,True,True,2,2,"[3, 1]",,up left,up left
1396,True,True,True,2,2,"[3, 0]",,up left,up left
1397,True,True,True,5,5,"[4, 0]",,down left left down down,down left left down down
1398,True,True,True,5,5,"[4, 3]",,right right down right down,right right down right down
1399,True,True,True,3,3,"[1, 3]",,right down right,right down right
1400,True,True,True,3,3,"[0, 0]",,up left left,up left left
1401,True,True,True,3,3,"[4, 1]",,left left down,left left down
1402,True,True,True,1,1,"[3, 3]",,right,right
1403,True,True,True,5,5,"[3, 0]",,left down left left down,left down left left down
1404,True,True,True,1,1,"[2, 0]",,up,up
1405,True,True,True,3,3,"[2, 2]",,up right right,up right right
1406,True,True,True,5,5,"[1, 3]",,up left up up right,up left up up right
1407,True,True,True,3,3,"[0, 4]",,right right up,right right up
1408,False,False,False,7,6,"[1, 0]",obstacle,up right right right right right up,up right right right right right up
1409,True,True,True,2,2,"[3, 1]",,left down,left down
1410,True,True,True,4,4,"[2, 1]",,left left down down,left left down down
1411,True,True,True,1,1,"[3, 0]",,left,left
1412,True,True,True,4,4,"[4, 0]",,down down left down,down down left down
1413,True,True,True,2,2,"[1, 2]",,left down,left down
1414,True,True,True,3,3,"[2, 1]",,up right up,up right up
1415,True,True,True,5,5,"[4, 4]",,up right right right down,up right right right down
1416,False,False,False,5,5,"[2, 3]",obstacle,left left up up right,left left up up right
1417,True,True,True,3,3,"[0, 0]",,up up left,up up left
1418,True,True,True,2,2,"[0, 3]",,right right,right right
1419,True,True,True,1,1,"[3, 3]",,up,up
1420,False,False,False,6,6,"[2, 1]",obstacle,right down down left down down,right down down left down down
1421,True,True,True,1,1,"[4, 1]",,down,down
1422,True,True,True,3,3,"[4, 4]",,right down down,right down down
1423,False,False,False,4,4,"[1, 2]",obstacle,left down down right,left down down right
1424,True,True,True,5,5,"[0, 2]",,up up up up right,up up up up right
1425,True,True,True,1,1,"[3, 0]",,left,left
1426,False,False,False,7,4,"[2, 3]",obstacle,right right right up up left left,right right right up up left left
1427,False,False,False,6,6,"[1, 2]",obstacle,right right down down right down,right right down down right down
1428,False,False,False,5,5,"[1, 2]",obstacle,up right right right down,up right right right down
1429,True,True,True,4,4,"[1, 4]",,up up right up,up up right up
1430,True,True,True,1,1,"[0, 3]",,left,left
1431,True,True,True,1,1,"[3, 4]",,down,down
1432,True,True,True,4,4,"[0, 3]",,up up right right,up up right right
1433,True,True,True,2,2,"[3, 2]",,up left,up left
1434,False,False,False,3,5,"[0, 3]",obstacle,right down down,right down down
1435,True,True,True,3,3,"[2, 1]",,up right up,up right up
1436,True,True,True,8,8,"[0, 0]",,up up up up left left left left,up up up up left left left left
1437,True,True,True,3,3,"[1, 1]",,right up up,right up up
1438,True,True,True,2,2,"[1, 4]",,right up,right up
1439,True,True,True,3,3,"[1, 4]",,right right down,right right down
1440,True,True,True,5,5,"[3, 4]",,down right right right right,down right right right right
1441,True,True,True,3,3,"[1, 0]",,up left left,up left left
1442,True,True,True,2,2,"[4, 0]",,down down,down down
1443,True,True,True,5,5,"[0, 0]",,up up left left left,up up left left left
1444,True,True,True,2,2,"[4, 4]",,right down,right down
1445,True,True,True,4,4,"[2, 0]",,left left left down,left left left down
1446,True,True,True,2,2,"[4, 4]",,down down,down down
1447,True,True,True,4,4,"[4, 4]",,down right down down,down right down down
1448,True,True,True,1,1,"[1, 0]",,left,left
1449,True,True,True,3,3,"[0, 3]",,up right right,up right right
1450,False,False,False,6,6,"[1, 3]",obstacle,right right right down right down,right right right down right down
1451,True,True,True,3,3,"[3, 2]",,down right right,down right right
1452,False,False,False,5,5,"[1, 3]",obstacle,right right down right down,right right down right down
1453,True,True,True,2,2,"[3, 0]",,down down,down down
1454,True,True,True,5,5,"[0, 0]",,up up up left left,up up up left left
1455,True,True,True,2,2,"[0, 0]",,up up,up up
1456,True,True,True,1,1,"[1, 2]",,down,down
1457,True,True,True,4,4,"[1, 1]",,left up left left,left up left left
1458,True,True,True,2,2,"[2, 2]",,left down,left down
1459,True,True,True,2,2,"[0, 0]",,up up,up up
1460,True,True,True,2,2,"[1, 0]",,up up,up up
1461,True,True,True,1,1,"[3, 0]",,down,down
1462,True,True,True,4,4,"[3, 1]",,left down down left,left down down left
1463,False,False,False,5,5,"[1, 3]",obstacle,right right down right down,right right down right down
1464,True,True,True,3,3,"[3, 2]",,left down down,left down down
1465,True,True,True,4,4,"[4, 3]",,right down down down,right down down down
1466,True,True,True,6,6,"[2, 0]",,up left left left left up,up left left left left up
1467,True,True,True,1,1,"[3, 2]",,down,down
1468,True,True,True,5,5,"[4, 0]",,left down down down down,left down down down down
1469,True,True,True,4,4,"[4, 4]",,down right down down,down right down down
1470,True,True,True,2,2,"[2, 3]",,up up,up up
1471,True,True,True,6,6,"[3, 0]",,down down left left left down,down down left left left down
1472,True,True,True,5,5,"[3, 4]",,right right right up right,right right right up right
1473,False,False,False,5,7,"[1, 2]",obstacle,up up left left up,up up left left up
1474,True,True,True,4,4,"[3, 4]",,right down down right,right down down right
1475,True,True,True,6,6,"[3, 4]",,up right right right down right,up right right right down right
1476,True,True,True,2,2,"[0, 4]",,up right,up right
1477,True,True,True,5,5,"[2, 0]",,left left down left left,left left down left left
1478,True,True,True,2,2,"[2, 1]",,down right,down right
1479,False,False,False,5,8,"[2, 1]",obstacle,down down left left up,down down left left up
1480,True,True,True,4,4,"[4, 3]",,right right down down,right right down down
1481,True,True,True,5,5,"[4, 3]",,right right right down down,right right right down down
1482,True,True,True,5,5,"[3, 1]",,left left down left down,left left down left down
1483,True,True,True,1,1,"[1, 3]",,up,up
1484,False,False,False,8,8,"[2, 1]",obstacle,left down down left left up left up,left down down left left up left up
1485,True,True,True,4,4,"[1, 3]",,right right up right,right right up right
1486,True,True,True,3,3,"[2, 2]",,left up left,left up left
1487,True,True,True,4,4,"[1, 4]",,up up up right,up up up right
1488,True,True,True,1,1,"[2, 1]",,up,up
1489,True,True,True,4,4,"[4, 0]",,down left left left,down left left left
1490,True,True,True,1,1,"[0, 0]",,up,up
1491,True,True,True,5,5,"[1, 0]",,up left left left up,up left left left up
1492,True,True,True,5,5,"[3, 0]",,up left left left down,up left left left down
1493,True,True,True,5,5,"[0, 3]",,right up up up up,right up up up up
1494,True,True,True,3,3,"[2, 3]",,right up up,right up up
1495,True,True,True,3,3,"[0, 4]",,up up right,up up right
1496,True,True,True,2,2,"[4, 0]",,left left,left left
1497,False,False,False,6,6,"[3, 3]",obstacle,left left left left up up,left left left left up up
1498,True,True,True,6,6,"[3, 4]",,up right right right down right,up right right right down right
1499,True,True,True,4,4,"[2, 2]",,up up right right,up up right right
1500,True,True,True,3,3,"[0, 2]",,up left left,up left left
1501,True,True,True,5,5,"[0, 2]",,up up right right up,up up right right up
1502,False,False,False,5,5,"[3, 4]",obstacle,up left left left down,up left left left down
1503,True,True,True,4,4,"[4, 4]",,right down right right,right down right right
1504,True,True,True,3,3,"[2, 0]",,left left left,left left left
1505,False,False,False,3,7,"[3, 4]",obstacle,left up up,left up up
1506,True,True,True,2,2,"[4, 1]",,right down,right down
1507,True,True,True,2,2,"[3, 2]",,right down,right down
1508,True,True,True,4,4,"[0, 0]",,left left left up,left left left up
1509,True,True,True,2,2,"[1, 1]",,down left,down left
1510,True,True,True,5,5,"[4, 4]",,right down down right right,right down down right right
1511,False,False,False,4,8,"[2, 3]",obstacle,down down down right,down down down right
1512,True,True,True,1,1,"[1, 4]",,right,right
1513,False,False,False,6,6,"[2, 3]",obstacle,right right up right right down,right right up right right down
1514,True,True,True,6,6,"[0, 4]",,up right right up right right,up right right up right right
1515,True,True,True,3,3,"[0, 2]",,up up up,up up up
1516,False,False,False,6,6,"[3, 4]",obstacle,up left left left left down,up left left left left down
1517,True,True,True,1,1,"[1, 2]",,up,up
1518,True,True,True,3,3,"[4, 1]",,left down down,left down down
1519,False,False,False,8,8,"[3, 2]",obstacle,down right right down down right down right,down right right down down right down right
1520,True,True,True,2,2,"[1, 1]",,down left,down left
1521,True,True,True,6,6,"[4, 3]",,right right down down down right,right right down down down right
1522,True,True,True,2,2,"[2, 2]",,left down,left down
1523,True,True,True,6,6,"[2, 0]",,left left down left left down,left left down left left down
1524,True,True,True,2,2,"[2, 3]",,right down,right down
1525,False,False,False,4,8,"[3, 4]",obstacle,left up up up,left up up up
1526,True,True,True,3,3,"[3, 1]",,left up left,left up left
1527,True,True,True,2,2,"[2, 2]",,up up,up up
1528,True,True,True,2,2,"[3, 2]",,right down,right down
1529,True,True,True,6,6,"[0, 3]",,left up up up up right,left up up up up right
1530,True,True,True,6,6,"[4, 0]",,left left down down down down,left left down down down down
1531,True,True,True,4,4,"[0, 2]",,up up up up,up up up up
1532,True,True,True,4,4,"[0, 2]",,down left left up,down left left up
1533,True,True,True,4,4,"[2, 2]",,down left left down,down left left down
1534,True,True,True,5,5,"[0, 4]",,up up up right up,up up up right up
1535,True,True,True,1,1,"[1, 4]",,down,down
1536,True,True,True,2,2,"[1, 3]",,right right,right right
1537,True,True,True,2,2,"[1, 1]",,up up,up up
1538,True,True,True,3,3,"[3, 2]",,up right right,up right right
1539,True,True,True,1,1,"[3, 0]",,left,left
1540,True,True,True,3,3,"[1, 1]",,up up right,up up right
1541,True,True,True,4,4,"[2, 3]",,up up right right,up up right right
1542,True,True,True,1,1,"[1, 4]",,right,right
1543,True,True,True,1,1,"[0, 1]",,right,right
1544,True,True,True,6,6,"[4, 1]",,left left left down down down,left left left down down down
1545,True,True,True,3,3,"[1, 0]",,left left down,left left down
1546,True,True,True,3,3,"[0, 1]",,left up left,left up left
1547,True,True,True,1,1,"[3, 0]",,up,up
1548,True,True,True,3,3,"[0, 2]",,up up up,up up up
1549,True,True,True,4,4,"[0, 2]",,down left left up,down left left up
1550,True,True,True,3,3,"[4, 2]",,down down down,down down down
1551,True,True,True,4,4,"[1, 2]",,up up right right,up up right right
1552,True,True,True,3,3,"[3, 2]",,right right down,right right down
1553,True,True,True,2,2,"[3, 2]",,up left,up left
1554,True,True,True,5,5,"[0, 2]",,up up up right right,up up up right right
1555,True,True,True,3,3,"[2, 0]",,up up left,up up left
1556,True,True,True,3,3,"[2, 2]",,up up left,up up left
1557,True,True,True,5,5,"[3, 3]",,right right right down down,right right right down down
1558,True,True,True,2,2,"[3, 1]",,up right,up right
1559,True,True,True,6,6,"[4, 0]",,left left left down down down,left left left down down down
1560,True,True,True,3,3,"[3, 4]",,right down down,right down down
1561,True,True,True,2,2,"[4, 3]",,right down,right down
1562,True,True,True,5,5,"[0, 1]",,up left left up left,up left left up left
1563,True,True,True,3,3,"[2, 2]",,left left down,left left down
1564,True,True,True,2,2,"[3, 1]",,up left,up left
1565,True,True,True,2,2,"[3, 2]",,left down,left down
1566,True,True,True,1,1,"[3, 2]",,left,left
1567,True,True,True,4,4,"[3, 4]",,right right down down,right right down down
1568,True,True,True,3,3,"[3, 2]",,left left down,left left down
1569,True,True,True,4,4,"[2, 4]",,right up right right,right up right right
1570,True,True,True,2,2,"[0, 2]",,up right,up right
1571,True,True,True,3,3,"[3, 3]",,up right right,up right right
1572,True,True,True,2,2,"[2, 2]",,left left,left left
1573,True,True,True,1,1,"[1, 1]",,left,left
1574,True,True,True,5,5,"[1, 4]",,up right right right right,up right right right right
1575,True,True,True,5,5,"[4, 2]",,right down down down down,right down down down down
1576,True,True,True,1,1,"[1, 4]",,up,up
1577,True,True,True,3,3,"[3, 4]",,up right right,up right right
1578,True,True,True,4,4,"[1, 0]",,left left left left,left left left left
1579,True,True,True,1,1,"[1, 2]",,left,left
1580,True,True,True,4,4,"[0, 2]",,right up up up,right up up up
1581,True,True,True,1,1,"[0, 1]",,right,right
1582,True,True,True,3,3,"[1, 4]",,up right right,up right right
1583,True,True,True,2,2,"[4, 2]",,right right,right right
1584,True,True,True,2,2,"[1, 3]",,up left,up left
1585,False,False,False,7,7,"[1, 3]",obstacle,up up left up left left left,up up left up left left left
1586,True,True,True,2,2,"[1, 1]",,left down,left down
1587,True,True,True,3,3,"[3, 2]",,up left left,up left left
1588,True,True,True,2,2,"[4, 4]",,down down,down down
1589,True,True,True,4,4,"[2, 0]",,left left left down,left left left down
1590,True,True,True,4,4,"[1, 4]",,left up up right,left up up right
1591,True,True,True,1,1,"[3, 0]",,left,left
1592,True,True,True,4,4,"[1, 0]",,left left left left,left left left left
1593,True,True,True,2,2,"[4, 1]",,right down,right down
1594,True,True,True,3,3,"[4, 1]",,left left down,left left down
1595,True,True,True,2,2,"[4, 4]",,right right,right right
1596,True,True,True,4,4,"[2, 0]",,up up left left,up up left left
1597,True,True,True,4,4,"[4, 3]",,right right right down,right right right down
1598,True,True,True,2,2,"[1, 4]",,up right,up right
1599,True,True,True,2,2,"[0, 3]",,up left,up left
1600,True,True,True,3,3,"[0, 3]",,up up right,up up right
1601,True,True,True,3,3,"[2, 2]",,left down down,left down down
1602,True,True,True,5,5,"[2, 1]",,up left up left left,up left up left left
1603,True,True,True,4,4,"[1, 0]",,left down left left,left down left left
1604,True,True,True,2,2,"[2, 2]",,down down,down down
1605,True,True,True,5,5,"[0, 4]",,left up up up right,left up up up right
1606,True,True,True,3,3,"[1, 1]",,up left left,up left left
1607,True,True,True,1,1,"[1, 3]",,down,down
1608,True,True,True,5,5,"[4, 3]",,right right down down down,right right down down down
1609,True,True,True,5,5,"[2, 1]",,up left up left left,up left up left left
1610,True,True,True,5,5,"[1, 0]",,left left down left left,left left down left left
1611,True,True,True,4,4,"[4, 3]",,right right right down,right right right down
1612,True,True,True,2,2,"[3, 0]",,left down,left down
1613,True,True,True,3,3,"[3, 4]",,down down right,down down right
1614,True,True,True,3,3,"[2, 3]",,right right down,right right down
1615,True,True,True,2,2,"[2, 0]",,left left,left left
1616,True,True,True,7,7,"[0, 4]",,up up up right up right right,up up up right up right right
1617,True,True,True,5,5,"[3, 4]",,right right right down right,right right right down right
1618,True,True,True,2,2,"[1, 1]",,up right,up right
1619,True,True,True,1,1,"[1, 0]",,up,up
1620,True,True,True,2,2,"[3, 1]",,down down,down down
1621,True,True,True,5,5,"[0, 0]",,up up up up left,up up up up left
1622,True,True,True,5,5,"[4, 4]",,right up right right down,right up right right down
1623,True,True,True,2,2,"[3, 0]",,down down,down down
1625,True,True,True,5,5,"[2, 3]",,up up right right right,up up right right right
1626,True,True,True,3,3,"[0, 0]",,left up left,left up left
1627,True,True,True,3,3,"[4, 4]",,down down down,down down down
1628,True,True,True,6,6,"[1, 4]",,up up right right right up,up up right right right up
1629,True,True,True,2,2,"[1, 2]",,up up,up up
1630,True,True,True,5,5,"[1, 4]",,up right right right up,up right right right up
1631,True,True,True,1,1,"[2, 3]",,up,up
1632,True,True,True,4,4,"[3, 2]",,down left left down,down left left down
1633,True,True,True,5,5,"[1, 1]",,up left left up left,up left left up left
1634,True,True,True,3,3,"[1, 1]",,up up left,up up left
1635,True,True,True,1,1,"[1, 4]",,up,up
1636,True,True,True,2,2,"[2, 3]",,down right,down right
1637,True,True,True,2,2,"[1, 2]",,up up,up up
1638,True,True,True,5,5,"[3, 4]",,up right right right right,up right right right right
1639,True,True,True,5,5,"[0, 1]",,up up up left up,up up up left up
1640,True,True,True,5,5,"[3, 4]",,up right right right right,up right right right right
1641,True,True,True,2,2,"[0, 1]",,up right,up right
1643,True,True,True,3,3,"[2, 1]",,up up left,up up left
1644,True,True,True,1,1,"[1, 2]",,up,up
1645,True,True,True,4,4,"[2, 3]",,up up right right,up up right right
1646,True,True,True,5,5,"[0, 1]",,up up up left up,up up up left up
1647,True,True,True,2,2,"[2, 2]",,up right,up right
1648,True,True,True,1,1,"[4, 0]",,left,left
1649,True,True,True,6,6,"[4, 0]",,left left left left down down,left left left left down down
1650,True,True,True,1,1,"[0, 1]",,up,up
1651,True,True,True,4,4,"[3, 1]",,left left left down,left left left down
1653,True,True,True,2,2,"[4, 3]",,left down,left down
1654,True,True,True,4,4,"[0, 1]",,up up up up,up up up up
1655,True,True,True,4,4,"[3, 0]",,left left down down,left left down down
1656,True,True,True,4,4,"[3, 3]",,up right right right,up right right right
1657,True,True,True,2,2,"[3, 0]",,left left,left left
1659,True,True,True,6,6,"[3, 4]",,down right right down right down,down right right down right down
1660,True,True,True,1,1,"[3, 4]",,right,right
1661,True,True,True,1,1,"[2, 3]",,up,up
1662,True,True,True,4,4,"[2, 2]",,up up left left,up up left left
1663,True,True,True,5,5,"[4, 4]",,right right right right down,right right right right down
1664,True,True,True,4,4,"[3, 4]",,up right right right,up right right right
1665,True,True,True,2,2,"[2, 1]",,left left,left left
1666,True,True,True,4,4,"[1, 1]",,up up up right,up up up right
1667,True,True,True,2,2,"[2, 2]",,up right,up right
1668,True,True,True,3,3,"[1, 3]",,up right right,up right right
1669,True,True,True,6,6,"[3, 4]",,down right right down right down,down right right down right down
1670,True,True,True,4,4,"[3, 0]",,up left left left,up left left left
1671,True,True,True,3,3,"[0, 1]",,up right up,up right up
1672,True,True,True,2,2,"[3, 2]",,left down,left down
1673,True,True,True,4,4,"[3, 4]",,right down right down,right down right down
1674,True,True,True,3,3,"[2, 3]",,up right right,up right right
1675,True,True,True,3,3,"[2, 4]",,right right right,right right right
1676,True,True,True,3,3,"[2, 2]",,up up left,up up left
1679,True,True,True,3,3,"[1, 3]",,up left up,up left up
1680,True,True,True,2,2,"[0, 4]",,up up,up up
1681,True,True,True,1,1,"[4, 3]",,left,left
1682,True,True,True,3,3,"[1, 4]",,right right right,right right right
1683,True,True,True,2,2,"[2, 2]",,left left,left left
1684,True,True,True,2,2,"[1, 1]",,left left,left left
1685,True,True,True,3,3,"[3, 2]",,right right down,right right down
1686,True,True,True,2,2,"[1, 4]",,up up,up up
1687,True,True,True,5,5,"[2, 0]",,left left left left down,left left left left down
1688,True,True,True,5,5,"[4, 4]",,right down down down down,right down down down down
1689,True,True,True,2,2,"[2, 3]",,right down,right down
1690,True,True,True,6,6,"[4, 1]",,left down down down down left,left down down down down left
1691,True,True,True,5,5,"[1, 1]",,up up left left left,up up left left left
1692,True,True,True,5,5,"[1, 0]",,left left down left left,left left down left left
1693,True,True,True,4,4,"[2, 2]",,up up right right,up up right right
1694,True,True,False,5,3,"[2, 1]",,right right up up left,right right up up left
1695,False,False,False,5,5,"[1, 1]",obstacle,up right up right right,up right up right right
1696,False,False,False,5,5,"[2, 1]",obstacle,left left down down left,left left down down left
1697,True,True,True,3,3,"[1, 0]",,left left left,left left left
1698,True,True,True,2,2,"[4, 1]",,down left,down left
1699,True,True,True,3,3,"[3, 2]",,right down down,right down down
1700,True,True,True,5,5,"[0, 4]",,up right up right right,up right up right right
1701,False,False,False,8,8,"[1, 1]",obstacle,up up up right up right right right,up up up right up right right right
1702,True,True,True,2,2,"[3, 0]",,left down,left down
1703,True,True,True,4,4,"[3, 4]",,right right right down,right right right down
1704,True,True,True,1,1,"[2, 3]",,left,left
1705,True,True,True,1,1,"[4, 4]",,right,right
1706,True,True,True,2,2,"[3, 2]",,down down,down down
1707,True,True,True,6,6,"[0, 4]",,up up up up right right,up up up up right right
1708,True,True,True,2,2,"[4, 4]",,right right,right right
1709,True,True,True,1,1,"[1, 3]",,up,up
1710,True,True,True,5,5,"[2, 0]",,left left left down down,left left left down down
1711,True,True,True,1,1,"[4, 1]",,right,right
1712,True,True,True,3,3,"[4, 3]",,down down down,down down down
1713,True,True,True,1,1,"[4, 2]",,right,right
1714,True,True,True,2,2,"[0, 0]",,up left,up left
1715,True,True,True,2,2,"[0, 4]",,right right,right right
1716,False,False,False,4,6,"[3, 2]",obstacle,up left left up,up left left up
1717,True,True,True,3,3,"[2, 2]",,left up left,left up left
1718,True,True,True,3,3,"[1, 3]",,left up up,left up up
1719,True,True,True,2,2,"[4, 1]",,left left,left left
1720,True,True,True,4,4,"[1, 3]",,up left up up,up left up up
1721,True,True,True,4,4,"[0, 4]",,up right right right,up right right right
1722,True,True,True,1,1,"[4, 2]",,right,right
1723,True,True,True,4,4,"[0, 1]",,up left left left,up left left left
1724,True,True,True,3,3,"[1, 3]",,left up up,left up up
1725,True,True,True,4,4,"[3, 3]",,right right down down,right right down down
1726,True,True,True,1,1,"[1, 0]",,left,left
1727,True,True,True,3,3,"[2, 2]",,right right down,right right down
1728,True,True,True,1,1,"[3, 4]",,up,up
1729,True,True,True,1,1,"[3, 3]",,right,right
1730,False,False,False,5,5,"[1, 1]",obstacle,up left left down left,up left left down left
1731,True,True,True,6,6,"[3, 4]",,right right right down down right,right right right down down right
1732,True,True,True,2,2,"[0, 3]",,right right,right right
1733,True,True,True,1,1,"[1, 4]",,down,down
1734,False,False,False,6,6,"[3, 2]",obstacle,right right down down left down,right right down down left down
1735,True,True,True,6,6,"[1, 4]",,right up up up right right,right up up up right right
1736,True,True,True,5,5,"[1, 1]",,right up up up left,right up up up left
1737,True,True,True,1,1,"[1, 2]",,down,down
1738,True,True,True,5,5,"[4, 2]",,right down down down down,right down down down down
1739,True,True,True,1,1,"[0, 1]",,right,right
1740,True,True,True,1,1,"[1, 0]",,down,down
1741,True,True,True,2,2,"[0, 3]",,up left,up left
1742,False,False,False,4,6,"[0, 2]",obstacle,up left left down,up left left down
1743,False,False,False,4,6,"[2, 1]",obstacle,right up right right,right up right right
1744,False,False,False,6,8,"[2, 3]",obstacle,down down left left up left,down down left left up left
1745,True,True,True,5,5,"[3, 2]",,down right down down right,down right down down right
1746,False,False,False,5,7,"[2, 1]",obstacle,right down right right right,right down right right right
1747,True,True,True,4,4,"[2, 3]",,up right right up,up right right up
1748,True,True,True,5,5,"[2, 1]",,down down left left up,down down left left up
1749,True,True,True,2,2,"[4, 3]",,right down,right down
1750,True,True,True,4,4,"[0, 2]",,up up left left,up up left left
1751,True,True,True,4,4,"[4, 0]",,down down left down,down down left down
1752,True,True,True,4,4,"[1, 1]",,up left up up,up left up up
1753,True,True,True,5,5,"[4, 2]",,down down down left down,down down down left down
1754,True,True,True,1,1,"[3, 0]",,up,up
1755,True,True,True,3,3,"[3, 2]",,up right right,up right right
1756,True,True,True,2,2,"[2, 3]",,up up,up up
1757,False,False,False,5,5,"[1, 1]",obstacle,up right right right down,up right right right down
1758,True,True,True,5,5,"[4, 4]",,right down down down down,right down down down down
1759,True,True,True,5,5,"[2, 1]",,down down left left up,down down left left up
1760,True,True,True,3,3,"[3, 3]",,right right right,right right right
1761,True,True,True,3,3,"[2, 4]",,up up right,up up right
1762,True,True,True,3,3,"[3, 0]",,left left left,left left left
1763,True,True,True,5,5,"[3, 4]",,right right down down down,right right down down down
1764,True,True,True,4,4,"[4, 1]",,down left left down,down left left down
1765,True,True,True,3,3,"[3, 4]",,right right right,right right right
1766,True,True,True,2,2,"[3, 3]",,up left,up left
1767,True,True,True,3,3,"[4, 4]",,right right right,right right right
1768,True,True,True,6,6,"[0, 2]",,up up up up left left,up up up up left left
1769,False,False,False,5,8,"[0, 2]",obstacle,left left down down left,left left down down left
1770,True,True,True,2,2,"[3, 3]",,down down,down down
1771,True,True,True,3,3,"[1, 3]",,up left up,up left up
1772,True,True,True,5,5,"[2, 0]",,up up left left left,up up left left left
1773,True,True,True,2,2,"[3, 1]",,left down,left down
1774,True,True,True,7,7,"[3, 4]",,right right down right down right down,right right down right down right down
1775,True,True,True,7,7,"[4, 4]",,right right right down right down down,right right right down right down down
1776,True,True,True,2,2,"[1, 2]",,right right,right right
1777,True,True,True,2,2,"[2, 2]",,right right,right right
1778,True,True,True,6,6,"[2, 4]",,right up up right right right,right up up right right right
1779,True,True,True,2,2,"[4, 3]",,right down,right down
1780,True,True,True,6,6,"[0, 0]",,right up up up up left,right up up up up left
1781,True,True,True,3,3,"[3, 4]",,right right right,right right right
1782,True,True,True,5,5,"[1, 0]",,left up left left left,left up left left left
1783,True,True,True,1,1,"[2, 2]",,left,left
1784,True,True,True,4,4,"[0, 0]",,up up left left,up up left left
1785,True,True,True,4,4,"[1, 1]",,left up left left,left up left left
1786,True,True,True,2,2,"[1, 1]",,up right,up right
1787,True,True,True,4,4,"[4, 0]",,left left down left,left left down left
1788,True,True,True,4,4,"[1, 1]",,right up up up,right up up up
1789,True,True,True,3,3,"[4, 4]",,right right down,right right down
1790,True,True,True,3,3,"[4, 2]",,down down down,down down down
1791,True,True,True,5,5,"[2, 0]",,up up left left left,up up left left left
1792,True,True,True,5,5,"[2, 4]",,up up right right right,up up right right right
1793,True,True,True,4,4,"[2, 1]",,up up left left,up up left left
1794,True,True,True,6,6,"[2, 4]",,right right down right down right,right right down right down right
1795,True,True,True,3,3,"[4, 2]",,left down down,left down down
1796,True,True,True,3,3,"[2, 0]",,left down down,left down down
1797,True,True,True,1,1,"[2, 1]",,up,up
1798,True,True,True,5,5,"[3, 3]",,right down right down down,right down right down down
1799,True,True,True,3,3,"[1, 0]",,up up left,up up left
1800,True,True,True,2,2,"[4, 2]",,right down,right down
1801,True,True,True,3,3,"[1, 2]",,up right right,up right right
1802,True,True,True,2,2,"[1, 1]",,up up,up up
1803,True,True,True,5,5,"[2, 4]",,up right right right right,up right right right right
1804,True,True,True,3,3,"[1, 2]",,up up up,up up up
1805,True,True,True,7,7,"[4, 1]",,down left left left down down down,down left left left down down down
1806,True,True,True,1,1,"[2, 1]",,left,left
1807,True,True,True,2,2,"[1, 3]",,up left,up left
1808,True,True,True,3,3,"[4, 1]",,right down down,right down down
1809,True,True,True,1,1,"[1, 0]",,up,up
1810,True,True,True,5,5,"[4, 0]",,left left left down down,left left left down down
1811,True,True,True,3,3,"[1, 1]",,up up up,up up up
1812,True,True,True,4,4,"[0, 0]",,up up up up,up up up up
1813,True,True,True,5,5,"[0, 4]",,right right right right up,right right right right up
1814,True,True,True,6,6,"[0, 4]",,right right down right right up,right right down right right up
1815,True,True,True,3,3,"[2, 2]",,up up right,up up right
1816,True,True,True,5,5,"[1, 3]",,up up right right right,up up right right right
1817,True,True,True,1,1,"[1, 1]",,right,right
1818,True,True,True,2,2,"[3, 1]",,up right,up right
1819,True,True,True,4,4,"[1, 4]",,right down right right,right down right right
1820,True,True,True,4,4,"[4, 2]",,left down down down,left down down down
1821,True,True,True,3,3,"[0, 0]",,up left left,up left left
1822,True,True,True,3,3,"[2, 2]",,up right right,up right right
1823,True,True,True,5,5,"[1, 0]",,down left left left left,down left left left left
1824,True,True,True,8,8,"[0, 4]",,up up up right right right right up,up up up right right right right up
1825,True,True,True,3,3,"[4, 1]",,left down down,left down down
1826,True,True,True,6,6,"[4, 2]",,down left left down down down,down left left down down down
1827,True,True,True,4,4,"[1, 0]",,up up up left,up up up left
1828,True,True,True,5,5,"[4, 2]",,left left down down down,left left down down down
1829,True,True,True,1,1,"[3, 2]",,down,down
1830,True,True,True,2,2,"[0, 3]",,right right,right right
1831,True,True,True,1,1,"[3, 2]",,up,up
1832,True,True,True,4,4,"[1, 4]",,right right right right,right right right right
1833,True,True,True,6,6,"[0, 4]",,right right up up up up,right right up up up up
1834,True,True,True,2,2,"[1, 3]",,right right,right right
1835,False,False,False,6,6,"[1, 2]",obstacle,down left down down right down,down left down down right down
1836,False,False,False,5,7,"[3, 2]",obstacle,right right up up right,right right up up right
1837,True,True,True,2,2,"[3, 2]",,left up,left up
1838,False,False,False,3,5,"[1, 1]",obstacle,left down down,left down down
1839,True,True,True,7,7,"[0, 4]",,up up up right right right right,up up up right right right right
1840,True,True,True,3,3,"[0, 0]",,up left left,up left left
1841,True,True,True,3,3,"[1, 3]",,right right down,right right down
1842,True,True,True,4,4,"[0, 3]",,up right right right,up right right right
1843,True,True,True,2,2,"[4, 0]",,left left,left left
1844,True,True,True,3,3,"[1, 3]",,right right down,right right down
1845,True,True,True,3,3,"[0, 2]",,up left left,up left left
1846,True,True,True,5,5,"[1, 4]",,up right right right right,up right right right right
1847,False,False,False,8,6,"[1, 2]",obstacle,up right right down right right down down,up right right down right right down down
1848,True,True,True,6,6,"[1, 1]",,up left left up up right,up left left up up right
1849,True,True,True,2,2,"[4, 3]",,down left,down left
1850,True,True,True,7,7,"[3, 4]",,up right right right right down down,up right right right right down down
1851,True,True,True,4,4,"[1, 4]",,right right right right,right right right right
1852,True,True,True,1,1,"[1, 2]",,down,down
1853,True,True,True,4,4,"[0, 0]",,up left left left,up left left left
1854,True,True,True,2,2,"[1, 0]",,up up,up up
1855,True,True,True,5,5,"[0, 0]",,up left up up up,up left up up up
1856,True,True,True,3,3,"[1, 4]",,right right down,right right down
1857,False,False,False,5,5,"[3, 4]",obstacle,right down down left down,right down down left down
1858,True,True,True,5,5,"[4, 2]",,down down down right right,down down down right right
1859,True,True,True,3,3,"[3, 4]",,right right up,right right up
1860,True,True,True,4,4,"[2, 0]",,left up left left,left up left left
1861,False,False,False,7,7,"[0, 3]",obstacle,right down down right down down left,right down down right down down left
1862,True,True,True,4,4,"[0, 3]",,up up up left,up up up left
1863,False,False,False,8,10,"[2, 2]",obstacle,down down right right right up up right,down down right right right up up right
1864,False,False,False,6,6,"[2, 2]",obstacle,right right up right right down,right right up right right down
1865,True,True,True,6,6,"[4, 1]",,down down left left left down,down down left left left down
1866,True,True,True,3,3,"[1, 1]",,up up right,up up right
1867,True,True,True,4,4,"[4, 1]",,left left left down,left left left down
1868,True,True,True,6,6,"[4, 4]",,down down right right right down,down down right right right down
1869,True,True,True,5,5,"[0, 3]",,up up up up left,up up up up left
1870,True,True,True,8,8,"[4, 0]",,down down down left left left left down,down down down left left left left down
1871,True,True,True,6,6,"[3, 1]",,down down down left left left,down down down left left left
1872,True,True,True,6,6,"[1, 0]",,left left left up up left,left left left up up left
1873,True,True,True,2,2,"[1, 0]",,up up,up up
1874,False,False,False,5,9,"[0, 2]",obstacle,left down down left left,left down down left left
1875,True,True,True,4,4,"[3, 1]",,up left left left,up left left left
1876,True,True,True,2,2,"[4, 2]",,down down,down down
1877,False,False,False,6,6,"[1, 4]",obstacle,up left left left left down,up left left left left down
1878,True,True,True,3,3,"[4, 0]",,down down down,down down down
1879,True,True,True,1,1,"[2, 2]",,right,right
1880,True,True,True,5,5,"[3, 2]",,down right down right down,down right down right down
1881,False,False,False,7,7,"[0, 2]",obstacle,left down down left down down right,left down down left down down right
1882,True,True,True,5,5,"[4, 1]",,down right down down down,down right down down down
1883,True,True,True,3,3,"[2, 2]",,left left up,left left up
1884,True,True,True,2,2,"[2, 0]",,down down,down down
1885,True,True,True,4,4,"[4, 2]",,right right down down,right right down down
1886,True,True,True,3,3,"[3, 0]",,left left down,left left down
1887,True,True,True,5,5,"[0, 0]",,up left up left up,up left up left up
1888,True,True,True,3,3,"[2, 2]",,left left up,left left up
1889,True,True,True,2,2,"[0, 4]",,right right,right right
1890,True,True,True,3,3,"[2, 4]",,right right down,right right down
1891,True,True,True,2,2,"[0, 2]",,right right,right right
1892,True,True,True,4,4,"[0, 0]",,up up up left,up up up left
1893,True,True,True,3,3,"[2, 3]",,right right right,right right right
1894,True,True,True,2,2,"[1, 0]",,up left,up left
1895,True,True,True,3,3,"[1, 3]",,up right right,up right right
1896,True,True,True,4,4,"[0, 0]",,left up left left,left up left left
1897,True,True,True,4,4,"[2, 0]",,up left left left,up left left left
1898,True,True,True,3,3,"[3, 4]",,right right right,right right right
1899,True,True,True,3,3,"[3, 2]",,right down down,right down down
1900,True,True,True,4,4,"[2, 3]",,right down right down,right down right down
1901,True,True,True,6,6,"[4, 2]",,down left left down down down,down left left down down down
1902,True,True,True,4,4,"[3, 2]",,right right down down,right right down down
1903,True,True,True,2,2,"[1, 3]",,up up,up up
1904,True,True,True,5,5,"[3, 4]",,up right right right right,up right right right right
1905,True,True,True,5,5,"[3, 0]",,left left left down down,left left left down down
1906,True,True,True,2,2,"[1, 3]",,up up,up up
1907,True,True,True,4,4,"[1, 1]",,up up up right,up up up right
1908,True,True,True,4,4,"[1, 3]",,up right right right,up right right right
1909,True,True,True,3,3,"[3, 1]",,right down down,right down down
1910,True,True,True,3,3,"[2, 0]",,left left left,left left left
1911,True,True,True,4,4,"[4, 0]",,up left left down,up left left down
1912,True,True,True,1,1,"[0, 2]",,right,right
1913,True,True,True,1,1,"[3, 0]",,left,left
1914,True,True,True,3,3,"[1, 3]",,up right right,up right right
1915,True,True,True,2,2,"[1, 2]",,up right,up right
1916,True,True,True,3,3,"[2, 2]",,up right right,up right right
1917,True,True,True,2,2,"[1, 3]",,down left,down left
1918,True,True,True,2,2,"[3, 2]",,left down,left down
1919,True,True,True,1,1,"[1, 3]",,left,left
1920,True,True,True,5,5,"[4, 2]",,right right down down down,right right down down down
1921,True,True,True,1,1,"[4, 3]",,down,down
1922,True,True,True,2,2,"[2, 3]",,right down,right down
1923,True,True,True,4,4,"[0, 2]",,up up up up,up up up up
1924,True,True,True,3,3,"[2, 2]",,right right down,right right down
1925,True,True,True,3,3,"[3, 2]",,right down down,right down down
1926,True,True,True,3,3,"[1, 3]",,right right down,right right down
1927,True,True,True,3,3,"[2, 4]",,up right right,up right right
1928,True,True,True,4,4,"[2, 4]",,right right right right,right right right right
1929,True,True,True,3,3,"[2, 3]",,right right right,right right right
1930,True,True,True,5,5,"[1, 4]",,up up up right right,up up up right right
1931,True,True,True,5,5,"[4, 2]",,right right down down down,right right down down down
1932,True,True,True,3,3,"[3, 4]",,right down down,right down down
1933,True,True,True,7,7,"[1, 0]",,up up up left left left left,up up up left left left left
1934,True,True,True,6,6,"[3, 4]",,right right right right down down,right right right right down down
1935,True,True,True,3,3,"[4, 3]",,right right down,right right down
1936,True,True,True,3,3,"[0, 1]",,up up up,up up up
1937,True,True,True,3,3,"[0, 2]",,left up left,left up left
1938,True,True,True,1,1,"[2, 0]",,left,left
1939,True,True,True,4,4,"[3, 3]",,right right right down,right right right down
1940,True,True,True,2,2,"[1, 3]",,up left,up left
1941,True,True,True,5,5,"[1, 0]",,up up up left left,up up up left left
1942,True,True,True,3,3,"[0, 1]",,up left left,up left left
1943,True,True,True,4,4,"[1, 0]",,left left left down,left left left down
1944,True,True,True,2,2,"[1, 2]",,up up,up up
1945,True,True,True,6,6,"[3, 4]",,right right right right down down,right right right right down down
1946,True,True,True,2,2,"[2, 2]",,up left,up left
1947,True,True,True,5,5,"[0, 1]",,up up up up left,up up up up left
1948,True,True,True,2,2,"[3, 1]",,left down,left down
1949,True,True,True,2,2,"[1, 2]",,right down,right down
1950,True,True,True,1,1,"[0, 0]",,up,up
1951,True,True,True,5,5,"[4, 4]",,right right down down down,right right down down down
1952,True,True,True,2,2,"[2, 4]",,up right,up right
1953,True,True,True,2,2,"[3, 2]",,right down,right down
1954,True,True,True,4,4,"[2, 2]",,right right down down,right right down down
1955,True,True,True,5,5,"[4, 3]",,down right down down down,down right down down down
1956,True,True,True,2,2,"[2, 2]",,left down,left down
1957,True,True,True,3,3,"[3, 1]",,up left left,up left left
1958,True,True,True,5,5,"[3, 0]",,left left left down left,left left left down left
1959,True,True,True,1,1,"[0, 1]",,left,left
1960,True,True,True,3,3,"[1, 1]",,up left left,up left left
1961,True,True,True,1,1,"[2, 3]",,right,right
1962,True,True,True,4,4,"[1, 1]",,up up left left,up up left left
1963,True,True,True,4,4,"[4, 4]",,right down down down,right down down down
1964,True,True,True,4,4,"[2, 1]",,left left left down,left left left down
1965,True,True,True,1,1,"[3, 2]",,up,up
1966,True,True,True,5,5,"[3, 0]",,up left left left left,up left left left left
1967,True,True,True,2,2,"[1, 2]",,up left,up left
1968,True,True,True,3,3,"[0, 0]",,up left left,up left left
1969,True,True,True,4,4,"[3, 3]",,up right right right,up right right right
1970,True,True,True,6,6,"[0, 2]",,up up up left left up,up up up left left up
1971,True,True,True,4,4,"[2, 3]",,right right right down,right right right down
1972,True,True,True,3,3,"[2, 2]",,right up right,right up right
1973,True,True,True,1,1,"[3, 1]",,left,left
1974,True,True,True,2,2,"[2, 2]",,up left,up left
1975,True,True,True,4,4,"[1, 0]",,left left left left,left left left left
1976,True,True,True,1,1,"[2, 4]",,right,right
1977,True,True,True,5,5,"[2, 4]",,right down right right down,right down right right down
1978,True,True,True,3,3,"[3, 3]",,right right right,right right right
1979,True,True,True,3,3,"[2, 4]",,right right down,right right down
1980,True,True,True,5,5,"[3, 3]",,right right down down down,right right down down down
1981,True,True,True,4,4,"[0, 1]",,up up left left,up up left left
1982,True,True,True,4,4,"[2, 4]",,right right right down,right right right down
1983,False,False,False,5,6,"[3, 2]",obstacle,right down down left down,right down down left down
1984,True,True,True,1,1,"[1, 1]",,down,down
1985,True,True,True,2,2,"[2, 4]",,up right,up right
1986,True,True,True,2,2,"[1, 1]",,left down,left down
1987,True,True,True,5,5,"[0, 1]",,up left up left left,up left up left left
1988,True,True,True,6,6,"[0, 0]",,up left up left left left,up left up left left left
1989,True,True,True,4,4,"[4, 4]",,right down down right,right down down right
1990,True,True,True,1,1,"[4, 3]",,right,right
1991,True,True,True,2,2,"[1, 2]",,left down,left down
1992,True,True,True,5,5,"[0, 1]",,up left up left left,up left up left left
1993,True,True,True,5,5,"[4, 2]",,right down down down down,right down down down down
1994,True,True,True,2,2,"[3, 2]",,left down,left down
1995,True,True,True,2,2,"[1, 2]",,up up,up up
1996,True,True,True,2,2,"[2, 2]",,up left,up left
1997,True,True,True,1,1,"[3, 2]",,left,left
1998,True,True,True,3,3,"[3, 2]",,left left down,left left down
1999,True,True,True,3,3,"[2, 4]",,up up right,up up right
2000,True,True,True,3,3,"[4, 4]",,right right right,right right right
2001,True,True,True,4,4,"[0, 0]",,up left left left,up left left left
2002,True,True,True,1,1,"[1, 3]",,left,left
2003,True,True,True,5,5,"[4, 4]",,right down down down right,right down down down right
2004,True,True,True,2,2,"[0, 2]",,up right,up right
2005,True,True,True,2,2,"[0, 3]",,left up,left up
2006,False,False,False,7,7,"[2, 4]",obstacle,right right down right down down down,right right down right down down down
2007,True,True,True,4,4,"[1, 1]",,up up left left,up up left left
2008,True,True,True,1,1,"[3, 3]",,up,up
2009,True,True,True,3,3,"[2, 4]",,up up right,up up right
2010,True,True,True,2,2,"[4, 0]",,left down,left down
2011,True,True,True,5,5,"[4, 3]",,left down down down down,left down down down down
2012,True,True,True,3,3,"[1, 2]",,left left down,left left down
2014,True,True,True,1,1,"[4, 3]",,right,right
2015,True,True,True,2,2,"[2, 2]",,up right,up right
2016,True,True,True,8,8,"[4, 0]",,left left down down down left left down,left left down down down left left down
2018,True,True,True,2,2,"[4, 3]",,down down,down down
2019,True,True,True,3,3,"[4, 2]",,down down down,down down down
2020,True,True,True,2,2,"[3, 2]",,left down,left down
2021,True,True,True,2,2,"[3, 2]",,up left,up left
2023,True,True,True,8,8,"[0, 4]",,up right up right up up right right,up right up right up up right right
2024,True,True,True,4,4,"[3, 4]",,left down down right,left down down right
2025,True,True,True,2,2,"[4, 2]",,left left,left left
2026,True,True,True,3,3,"[3, 0]",,left down left,left down left
2027,True,True,True,3,3,"[2, 2]",,left left down,left left down
2028,True,True,True,4,4,"[3, 4]",,right right down right,right right down right
2030,True,True,True,2,2,"[0, 2]",,up left,up left
2031,True,True,True,4,4,"[3, 1]",,down down left down,down down left down
2032,True,True,True,4,4,"[0, 4]",,up up right right,up up right right
2033,True,True,True,1,1,"[2, 3]",,up,up
2034,True,True,True,5,5,"[4, 0]",,left left left left down,left left left left down
2035,True,True,True,4,4,"[3, 4]",,right down down right,right down down right
2036,True,True,True,5,5,"[1, 4]",,up right up right right,up right up right right
2037,True,True,True,1,1,"[4, 1]",,down,down
2038,True,True,True,1,1,"[2, 2]",,up,up
2040,True,True,True,3,3,"[3, 3]",,down right right,down right right
2041,True,True,True,2,2,"[3, 2]",,right right,right right
2042,True,True,True,5,5,"[3, 4]",,right down right right right,right down right right right
2043,True,True,True,1,1,"[3, 4]",,down,down
2044,True,True,True,4,4,"[4, 2]",,left down left down,left down left down
2045,True,True,True,5,5,"[3, 4]",,right right down down down,right right down down down
2046,False,False,False,4,6,"[1, 1]",obstacle,up right right right,up right right right
2047,True,True,True,2,2,"[2, 1]",,down down,down down
2048,True,True,True,2,2,"[2, 1]",,up up,up up
2049,False,False,False,3,5,"[2, 1]",obstacle,down right right,down right right
2050,True,True,True,2,2,"[4, 1]",,left down,left down
2051,True,True,True,2,2,"[2, 4]",,right down,right down
2052,True,True,True,3,3,"[1, 1]",,up right up,up right up
2053,True,True,True,2,2,"[0, 4]",,right right,right right
2054,True,True,True,5,5,"[3, 4]",,right down right right right,right down right right right
2055,True,True,True,3,3,"[2, 1]",,left left up,left left up
2056,True,True,True,2,2,"[4, 3]",,down down,down down
2057,True,True,True,2,2,"[0, 4]",,up up,up up
2058,True,True,True,5,5,"[2, 3]",,right right right down down,right right right down down
2059,True,True,True,3,3,"[2, 3]",,right right up,right right up
2060,True,True,True,4,4,"[3, 4]",,right down down down,right down down down
2061,True,True,True,2,2,"[1, 4]",,right down,right down
2062,True,True,True,4,4,"[4, 3]",,left down down down,left down down down
2063,True,True,True,4,4,"[0, 4]",,up up up right,up up up right
2064,True,True,True,4,4,"[0, 2]",,up up up right,up up up right
2065,True,True,True,4,4,"[2, 1]",,left left left up,left left left up
2066,True,True,True,5,5,"[2, 4]",,right right right down down,right right right down down
2067,True,True,True,3,3,"[1, 3]",,up up left,up up left
2068,True,True,True,2,2,"[3, 3]",,up right,up right
2069,True,True,True,2,2,"[0, 3]",,right right,right right
2070,True,True,True,5,5,"[4, 3]",,down right down right down,down right down right down
2071,True,True,True,4,4,"[1, 1]",,up left left down,up left left down
2072,True,True,True,6,6,"[0, 0]",,up up right up up left,up up right up up left
2073,True,True,True,2,2,"[3, 1]",,left down,left down
2074,False,False,False,6,10,"[3, 3]",obstacle,left up up up up right,left up up up up right
2075,True,True,True,2,2,"[4, 2]",,down down,down down
2076,True,True,True,4,4,"[2, 1]",,left left down down,left left down down
2077,True,True,True,4,4,"[2, 2]",,left up left up,left up left up
2078,True,True,True,4,4,"[3, 2]",,down down right down,down down right down
2079,False,False,False,5,9,"[4, 4]",obstacle,right up up up up,right up up up up
2080,True,True,True,1,1,"[2, 0]",,left,left
2081,True,True,True,4,4,"[4, 0]",,down left down down,down left down down
2082,True,True,True,2,2,"[0, 4]",,up right,up right
2083,True,True,True,3,3,"[2, 1]",,right down down,right down down
2084,False,False,False,6,8,"[2, 2]",obstacle,up up right right right up,up up right right right up
2085,False,False,False,5,9,"[3, 3]",obstacle,left up up up up,left up up up up
2086,True,True,True,2,2,"[1, 4]",,right down,right down
2087,True,True,True,3,3,"[3, 0]",,up left left,up left left
2088,True,True,True,5,5,"[0, 1]",,up up left left left,up up left left left
2089,True,True,True,2,2,"[2, 2]",,right right,right right
2090,True,True,True,2,2,"[1, 1]",,left up,left up
2091,True,True,True,2,2,"[4, 3]",,right down,right down
2092,True,True,True,1,1,"[4, 3]",,down,down
2093,False,False,False,4,6,"[2, 2]",obstacle,right up up right,right up up right
2094,True,True,True,5,5,"[3, 2]",,left down down right down,left down down right down
2095,True,True,True,4,4,"[2, 0]",,left up left left,left up left left
2096,True,True,True,2,2,"[1, 3]",,up left,up left
2097,True,True,True,7,7,"[4, 1]",,left left left down down down down,left left left down down down down
2098,False,False,False,4,10,"[3, 3]",obstacle,up right right up,up right right up
2099,True,True,True,2,2,"[4, 4]",,down right,down right
2100,False,False,False,6,6,"[2, 2]",obstacle,up up left up up right,up up left up up right
2101,False,False,False,6,12,"[1, 1]",obstacle,right down down left down down,right down down left down down
2102,True,True,True,4,4,"[1, 0]",,left left left down,left left left down
2103,False,False,False,4,4,"[2, 2]",obstacle,left up up right,left up up right
2104,True,True,True,3,3,"[2, 3]",,up up left,up up left
2105,True,True,True,1,1,"[4, 4]",,down,down
2106,True,True,True,7,7,"[3, 4]",,up right right right down down down,up right right right down down down
2107,False,False,False,6,8,"[2, 2]",obstacle,up left left left up left,up left left left up left
2108,False,False,False,5,11,"[1, 1]",obstacle,right down right down down,right down right down down
2109,True,True,True,1,1,"[0, 3]",,left,left
2110,True,True,True,4,4,"[4, 0]",,left left left left,left left left left
2111,True,True,True,1,1,"[1, 4]",,up,up
2112,True,True,True,7,7,"[0, 4]",,up right up right right up up,up right up right right up up
2113,False,False,False,7,11,"[2, 2]",obstacle,up right up up up left left,up right up up up left left
2114,True,True,True,3,3,"[4, 0]",,left left down,left left down
2115,True,True,True,4,4,"[2, 2]",,up right right up,up right right up
2116,False,False,False,7,9,"[2, 2]",obstacle,up up left left up up right,up up left left up up right
2117,True,True,True,2,2,"[3, 0]",,left left,left left
2118,True,True,True,5,5,"[3, 0]",,left left down left left,left left down left left
2119,True,True,True,4,4,"[0, 4]",,up right right right,up right right right
2120,True,True,True,4,4,"[4, 1]",,left down left down,left down left down
2121,True,True,True,5,5,"[1, 4]",,right right right up up,right right right up up
2122,True,True,True,4,4,"[4, 4]",,right right right right,right right right right
2123,False,False,False,5,11,"[1, 1]",obstacle,right down down left down,right down down left down
2124,True,True,True,2,2,"[3, 3]",,up left,up left
2125,False,False,False,5,9,"[1, 1]",obstacle,right down down right right,right down down right right
2126,True,True,True,3,3,"[0, 3]",,right right right,right right right
2127,False,False,False,7,9,"[2, 2]",obstacle,up up left left up up right,up up left left up up right
2128,False,False,False,7,9,"[2, 2]",obstacle,up up left left up up right,up up left left up up right
2129,True,True,True,2,2,"[3, 4]",,right right,right right
2130,True,True,True,1,1,"[2, 3]",,down,down
2131,True,True,True,2,2,"[0, 3]",,up up,up up
2132,True,True,True,3,3,"[4, 4]",,right right right,right right right
2133,True,True,True,1,1,"[2, 3]",,up,up
2134,True,True,True,4,4,"[0, 4]",,up right right right,up right right right
2135,True,True,True,3,3,"[4, 1]",,left left left,left left left
2136,True,True,True,3,3,"[3, 2]",,right right up,right right up
2137,True,True,True,1,1,"[4, 2]",,right,right
2138,True,True,True,1,1,"[4, 3]",,down,down
2139,True,True,True,3,3,"[4, 4]",,down right down,down right down
2140,True,True,True,1,1,"[4, 4]",,right,right
2141,True,True,True,3,3,"[3, 2]",,right down down,right down down
2142,True,True,True,7,7,"[4, 1]",,left left down down down down left,left left down down down down left
2143,True,True,True,3,3,"[1, 4]",,right right right,right right right
2144,True,True,True,5,5,"[1, 4]",,up up up right right,up up up right right
2145,True,True,True,1,1,"[3, 3]",,left,left
2146,True,True,True,2,2,"[2, 1]",,up left,up left
2147,True,True,True,4,4,"[0, 1]",,up left left left,up left left left
2148,True,True,True,1,1,"[0, 2]",,left,left
2149,True,True,True,1,1,"[4, 3]",,down,down
2150,True,True,True,1,1,"[1, 0]",,down,down
2151,True,True,True,5,5,"[3, 4]",,right right up right right,right right up right right
2152,True,True,True,1,1,"[1, 3]",,down,down
2153,True,True,True,6,6,"[3, 4]",,right right right down down right,right right right down down right
2154,True,True,True,3,3,"[0, 2]",,up left left,up left left
2155,True,True,True,5,5,"[1, 4]",,up left up up right,up left up up right
2156,True,True,True,5,5,"[3, 2]",,left left down down down,left left down down down
2157,True,True,True,2,2,"[2, 2]",,up left,up left
2158,True,True,True,4,4,"[4, 4]",,right down right down,right down right down
2159,True,True,True,3,3,"[2, 1]",,up up left,up up left
2160,True,True,True,5,5,"[4, 3]",,right up right right down,right up right right down
2161,False,False,False,5,5,"[2, 3]",obstacle,up left left left up,up left left left up
2162,True,True,True,4,4,"[1, 0]",,up up up left,up up up left
2163,True,True,True,2,2,"[3, 4]",,right right,right right
2164,True,True,True,5,5,"[0, 0]",,up up up up left,up up up up left
2165,True,True,True,4,4,"[1, 3]",,right right up up,right right up up
2166,True,True,True,4,4,"[1, 3]",,right right up up,right right up up
2167,True,True,True,1,1,"[0, 1]",,right,right
2168,True,True,True,4,4,"[4, 4]",,down right down down,down right down down
2169,True,True,True,4,4,"[3, 4]",,down down right down,down down right down
2170,True,True,True,4,4,"[3, 4]",,down right right right,down right right right
2171,True,True,True,6,6,"[0, 3]",,up up up up right right,up up up up right right
2172,True,True,True,5,5,"[4, 1]",,left down left left down,left down left left down
2173,True,True,True,3,3,"[3, 2]",,up right right,up right right
2174,True,True,True,5,5,"[2, 1]",,up left left left up,up left left left up
2175,True,True,True,5,5,"[3, 0]",,left down left left left,left down left left left
2176,True,True,True,5,5,"[1, 0]",,up left left left down,up left left left down
2177,True,True,True,1,1,"[3, 0]",,left,left
2178,True,True,True,1,1,"[3, 4]",,right,right
2179,True,True,True,2,2,"[3, 3]",,up left,up left
2180,True,True,True,5,5,"[1, 3]",,right up right right down,right up right right down
2181,True,True,True,5,5,"[4, 1]",,left down left left down,left down left left down
2182,True,True,True,4,4,"[0, 1]",,up up up up,up up up up
2183,True,True,True,5,5,"[4, 4]",,down down right down down,down down right down down
2184,True,True,True,2,2,"[0, 3]",,right right,right right
2185,True,True,True,4,4,"[0, 0]",,up left left left,up left left left
2186,True,True,True,2,2,"[0, 0]",,left left,left left
2187,True,True,True,6,6,"[1, 0]",,up up left left left down,up up left left left down
2188,True,True,True,4,4,"[0, 0]",,up up up left,up up up left
2189,True,True,True,3,3,"[0, 2]",,up up left,up up left
2190,True,True,True,4,4,"[1, 0]",,left up up left,left up up left
2191,True,True,True,2,2,"[1, 0]",,up up,up up
2192,True,True,True,2,2,"[3, 1]",,up left,up left
2194,False,False,False,4,4,"[2, 3]",obstacle,up left left down,up left left down
2195,True,True,True,2,2,"[2, 3]",,right up,right up
2196,False,False,False,7,7,"[2, 1]",obstacle,down down right right down right down,down down right right down right down
2197,False,False,False,7,7,"[2, 1]",obstacle,down down right right down right down,down down right right down right down
2198,True,True,True,2,2,"[3, 0]",,down down,down down
2200,True,True,True,1,1,"[3, 4]",,up,up
2201,True,True,True,2,2,"[4, 4]",,right down,right down
2202,True,True,True,4,4,"[2, 3]",,up right right up,up right right up
2203,True,True,True,2,2,"[3, 3]",,up right,up right
2205,True,True,True,3,3,"[3, 0]",,up left left,up left left
2206,True,True,True,2,2,"[4, 3]",,right right,right right
2207,True,True,True,4,4,"[3, 4]",,right right right right,right right right right
2208,False,False,False,7,7,"[2, 3]",obstacle,up up left left left up up,up up left left left up up
2209,False,False,False,7,7,"[2, 3]",obstacle,up up left left left up up,up up left left left up up
2211,False,False,False,0,8,"[0, 0]",invalid_action,,Goal not reachable
2212,True,True,True,1,1,"[4, 3]",,down,down
2213,True,True,True,3,3,"[0, 1]",,up up up,up up up
2214,True,True,True,1,1,"[2, 1]",,right,right
2215,True,True,True,3,3,"[4, 0]",,left down down,left down down
2216,True,True,True,3,3,"[3, 0]",,left down down,left down down
2217,True,True,True,5,5,"[2, 4]",,right right right up right,right right right up right
2218,True,True,True,4,4,"[3, 1]",,up left left left,up left left left
2219,True,True,True,2,2,"[3, 0]",,left left,left left
2220,True,True,True,3,3,"[0, 1]",,up up up,up up up
2221,True,True,True,4,4,"[4, 1]",,left left left down,left left left down
2222,True,True,True,2,2,"[1, 1]",,right up,right up
2223,True,True,True,1,1,"[3, 2]",,right,right
2224,True,True,True,4,4,"[4, 2]",,right down right down,right down right down
2225,True,True,True,4,4,"[0, 2]",,right up up right,right up up right
2226,True,True,True,5,5,"[0, 3]",,up up up right right,up up up right right
2227,True,True,True,3,3,"[0, 1]",,right up up,right up up
2228,True,True,True,6,6,"[2, 0]",,up left left left up left,up left left left up left
2229,True,True,True,6,6,"[3, 0]",,left left left down left down,left left left down left down
2230,True,True,True,3,3,"[0, 0]",,up up left,up up left
2231,True,True,True,4,4,"[3, 3]",,up right right right,up right right right
2232,True,True,True,5,5,"[3, 3]",,right right down down down,right right down down down
2233,True,True,True,5,5,"[4, 1]",,left left down down down,left left down down down
2234,True,True,True,3,3,"[1, 4]",,up up up,up up up
2235,True,True,True,3,3,"[1, 3]",,right up up,right up up
2236,True,True,True,1,1,"[4, 2]",,right,right
2237,True,True,True,5,5,"[4, 4]",,down right right right down,down right right right down
2238,True,True,True,1,1,"[3, 1]",,up,up
2239,True,True,True,3,3,"[1, 2]",,up up right,up up right
2240,True,True,True,1,1,"[3, 0]",,left,left
2241,True,True,True,2,2,"[2, 1]",,down down,down down
2242,True,True,True,3,3,"[0, 3]",,up up up,up up up
2243,True,True,True,4,4,"[2, 0]",,up left up left,up left up left
2244,True,True,True,4,4,"[3, 3]",,up right right right,up right right right
2245,True,True,True,4,4,"[1, 1]",,up up left left,up up left left
2246,True,True,True,2,2,"[4, 1]",,right down,right down
2247,True,True,True,3,3,"[4, 1]",,right down down,right down down
2248,True,True,True,6,6,"[1, 3]",,up up right up right right,up up right up right right
2249,True,True,True,4,4,"[4, 0]",,left left left down,left left left down
2250,True,True,True,1,1,"[3, 4]",,up,up
2251,True,True,True,1,1,"[3, 2]",,down,down
2252,True,True,True,1,1,"[3, 2]",,left,left
2253,True,True,True,3,3,"[2, 0]",,up up left,up up left
2254,True,True,True,3,3,"[2, 1]",,up up right,up up right
2255,True,True,True,5,5,"[3, 0]",,down left left down down,down left left down down
2256,True,True,True,2,2,"[1, 1]",,left left,left left
2257,True,True,True,4,4,"[0, 0]",,up up left up,up up left up
2258,True,True,True,4,4,"[3, 4]",,up right right right,up right right right
2259,True,True,True,6,6,"[1, 1]",,up up up left left left,up up up left left left
2260,True,True,True,5,5,"[4, 3]",,right down down down down,right down down down down
2261,True,True,True,3,3,"[3, 2]",,left down down,left down down
2262,True,True,True,5,5,"[3, 4]",,right down right down down,right down right down down
2263,True,True,True,5,5,"[4, 4]",,up right right right down,up right right right down
2264,True,True,True,3,3,"[2, 3]",,up up left,up up left
2265,True,True,True,1,1,"[2, 2]",,up,up
2266,True,True,True,3,3,"[1, 3]",,up up left,up up left
2267,True,True,True,1,1,"[0, 3]",,up,up
2268,True,True,True,1,1,"[3, 3]",,down,down
2269,True,True,True,1,1,"[1, 0]",,left,left
2270,True,True,True,2,2,"[3, 4]",,right down,right down
2271,True,True,True,3,3,"[3, 1]",,right down down,right down down
2272,True,True,True,5,5,"[2, 0]",,left down left left down,left down left left down
2273,True,True,True,2,2,"[4, 0]",,down down,down down
2274,True,True,True,4,4,"[4, 0]",,down down down down,down down down down
2275,True,True,True,1,1,"[3, 0]",,up,up
2276,True,True,True,1,1,"[4, 0]",,down,down
2277,True,True,True,5,5,"[1, 3]",,up up right right right,up up right right right
2278,True,True,True,3,3,"[1, 1]",,up left left,up left left
2279,True,True,True,1,1,"[4, 1]",,down,down
2280,True,True,True,2,2,"[2, 4]",,right right,right right
2281,True,True,True,2,2,"[3, 4]",,right up,right up
2282,True,True,True,7,7,"[4, 0]",,left left left left down down down,left left left left down down down
2283,True,True,True,3,3,"[2, 1]",,up up left,up up left
2284,True,True,True,2,2,"[4, 4]",,down down,down down
2285,True,True,True,3,3,"[2, 3]",,up right right,up right right
2286,True,True,True,4,4,"[3, 4]",,right right right down,right right right down
2287,True,True,True,4,4,"[0, 0]",,left left up left,left left up left
2288,True,True,True,5,5,"[4, 4]",,right right right down down,right right right down down
2289,True,True,True,2,2,"[2, 4]",,up up,up up
2290,True,True,True,1,1,"[0, 0]",,up,up
2291,True,True,True,3,3,"[1, 1]",,up up left,up up left
2292,False,False,False,6,6,"[1, 2]",obstacle,left up up up up right,left up up up up right
2293,True,True,True,6,6,"[0, 1]",,left up up up left up,left up up up left up
2294,True,True,True,3,3,"[3, 0]",,down down down,down down down
2295,True,True,True,7,7,"[4, 0]",,down left left up left left down,down left left up left left down
2296,True,True,True,2,2,"[3, 0]",,left left,left left
2297,True,True,True,2,2,"[1, 3]",,right right,right right
2298,True,True,True,5,5,"[2, 3]",,right down right right down,right down right right down
2299,True,True,True,4,4,"[0, 1]",,up up up right,up up up right
2300,True,True,True,4,4,"[0, 3]",,up up up left,up up up left
2301,True,True,True,3,3,"[3, 4]",,right right down,right right down
2302,True,True,True,5,5,"[1, 1]",,left up up up left,left up up up left
2303,True,True,True,2,2,"[2, 1]",,up right,up right
2304,True,True,True,4,4,"[0, 3]",,up right right up,up right right up
2305,True,True,True,3,3,"[2, 1]",,up up right,up up right
2306,True,True,True,4,4,"[2, 1]",,left left left down,left left left down
2307,True,True,True,6,6,"[4, 0]",,left left left left down down,left left left left down down
2308,True,True,True,3,3,"[3, 1]",,right down down,right down down
2309,True,True,True,3,3,"[4, 0]",,left left down,left left down
2310,True,True,True,2,2,"[2, 3]",,up right,up right
2311,True,True,True,6,6,"[2, 4]",,right down right right right down,right down right right right down
2312,True,True,True,2,2,"[3, 0]",,down left,down left
2313,True,True,True,7,7,"[4, 1]",,down left left left down down down,down left left left down down down
2314,True,True,True,1,1,"[0, 0]",,up,up
2315,True,True,True,3,3,"[3, 0]",,up left left,up left left
2316,True,True,True,1,1,"[4, 4]",,right,right
2317,True,True,True,3,3,"[2, 1]",,up left left,up left left
2318,True,True,True,2,2,"[0, 4]",,up up,up up
2319,True,True,True,1,1,"[1, 3]",,left,left
2320,True,True,True,2,2,"[1, 3]",,right right,right right
2321,True,True,True,4,4,"[0, 4]",,up right right up,up right right up
2322,True,True,True,3,3,"[3, 3]",,up right right,up right right
2323,True,True,True,5,5,"[4, 0]",,down down down left down,down down down left down
2324,True,True,True,1,1,"[4, 3]",,right,right
2325,True,True,True,3,3,"[2, 1]",,left left down,left left down
2326,True,True,True,2,2,"[1, 0]",,up left,up left
2327,True,True,True,2,2,"[3, 3]",,left down,left down
2328,True,True,True,2,2,"[3, 4]",,right right,right right
2329,True,True,True,8,8,"[4, 0]",,down left left left down down down left,down left left left down down down left
2330,True,True,True,1,1,"[1, 0]",,down,down
2331,True,True,True,3,3,"[2, 3]",,up right right,up right right
2332,True,True,True,4,4,"[3, 3]",,up right right right,up right right right
2333,True,True,True,7,7,"[0, 0]",,up up left left left up left,up up left left left up left
2334,True,True,True,2,2,"[2, 2]",,up left,up left
2335,True,True,True,4,4,"[3, 0]",,right down down left,right down down left
2336,True,True,True,2,2,"[4, 4]",,down down,down down
2337,True,True,True,5,5,"[3, 1]",,left left left down down,left left left down down
2338,True,True,True,2,2,"[3, 0]",,up left,up left
2339,True,True,True,3,3,"[1, 2]",,right down right,right down right
2340,True,True,True,3,3,"[4, 3]",,right right right,right right right
2341,False,False,False,7,7,"[1, 1]",obstacle,right down down right down down left,right down down right down down left
2342,True,True,True,4,4,"[4, 4]",,right right down down,right right down down
2343,True,True,True,3,3,"[1, 2]",,up up up,up up up
2344,True,True,True,3,3,"[2, 4]",,up right right,up right right
2345,True,True,True,5,5,"[1, 2]",,right right up up up,right right up up up
2346,True,True,True,2,2,"[4, 0]",,left left,left left
2347,True,True,True,1,1,"[1, 2]",,left,left
2348,True,True,True,4,4,"[0, 0]",,up left up left,up left up left
2349,True,True,True,3,3,"[1, 2]",,up left left,up left left
2350,True,True,True,1,1,"[0, 1]",,up,up
2351,False,False,False,4,4,"[0, 1]",obstacle,right down down down,right down down down
2352,True,True,True,4,4,"[3, 3]",,right up right right,right up right right
2353,True,True,True,2,2,"[4, 0]",,down left,down left
2354,True,True,True,4,4,"[0, 4]",,up up up right,up up up right
2355,True,True,True,1,1,"[1, 4]",,right,right
2356,True,True,True,2,2,"[3, 1]",,down left,down left
2357,True,True,True,3,3,"[3, 3]",,down down down,down down down
2358,True,True,True,6,6,"[4, 2]",,right down right down down down,right down right down down down
2359,True,True,True,4,4,"[2, 2]",,right down right down,right down right down
2360,True,True,True,2,2,"[4, 1]",,left down,left down
2361,True,True,True,5,5,"[4, 2]",,right right down down down,right right down down down
2362,False,False,False,5,5,"[2, 0]",obstacle,down left down down right,down left down down right
2363,True,True,True,4,4,"[0, 3]",,up up up left,up up up left
2364,True,True,True,1,1,"[2, 2]",,down,down
2365,True,True,True,4,4,"[1, 4]",,up up up right,up up up right
2366,True,True,True,5,5,"[2, 3]",,right right up up right,right right up up right
2367,True,True,True,2,2,"[1, 2]",,down right,down right
2368,True,True,True,8,8,"[4, 0]",,left down left down down down left left,left down left down down down left left
2369,True,True,True,6,6,"[0, 1]",,up up up left left up,up up up left left up
2370,True,True,True,2,2,"[0, 1]",,up up,up up
2372,True,True,True,2,2,"[0, 4]",,up up,up up
2373,True,True,True,2,2,"[1, 1]",,up right,up right
2374,True,True,True,6,6,"[4, 1]",,left left left down down down,left left left down down down
2376,True,True,True,2,2,"[3, 3]",,up right,up right
2377,True,True,True,2,2,"[0, 3]",,up up,up up
2378,True,True,True,4,4,"[3, 1]",,left left down down,left left down down
2379,True,True,True,3,3,"[2, 3]",,left down down,left down down
2381,True,True,True,4,4,"[2, 3]",,right right right down,right right right down
2383,True,True,True,2,2,"[0, 2]",,left left,left left
2384,True,True,True,2,2,"[1, 4]",,right right,right right
2385,True,True,True,4,4,"[0, 1]",,up up left left,up up left left
2386,True,True,True,4,4,"[0, 3]",,up right right right,up right right right
2387,True,True,True,1,1,"[0, 1]",,right,right
2388,True,True,True,1,1,"[0, 4]",,up,up
2389,True,True,True,5,5,"[0, 3]",,up up up up right,up up up up right
2390,True,True,True,6,6,"[0, 0]",,up up up up left left,up up up up left left
2391,True,True,True,4,4,"[2, 0]",,up left left left,up left left left
2392,True,True,True,2,2,"[2, 4]",,up right,up right
2393,True,True,True,2,2,"[1, 3]",,up left,up left
2395,True,True,True,4,4,"[1, 2]",,up up right right,up up right right
2397,True,True,True,5,5,"[1, 0]",,up left left left left,up left left left left
2399,True,True,True,2,2,"[1, 4]",,right down,right down
2400,True,True,True,3,3,"[3, 0]",,up left left,up left left
2401,True,True,True,3,3,"[4, 3]",,right right down,right right down
2402,True,True,True,4,4,"[3, 0]",,left left left left,left left left left
2403,True,True,True,5,5,"[3, 2]",,down down left left down,down down left left down
2404,True,True,True,1,1,"[2, 0]",,left,left
2405,True,True,True,1,1,"[3, 2]",,up,up
2406,True,True,True,2,2,"[1, 1]",,up right,up right
2407,True,True,True,4,4,"[2, 4]",,up up right right,up up right right
2408,True,True,True,6,6,"[4, 2]",,down down left left down down,down down left left down down
2409,True,True,True,5,5,"[4, 4]",,right right right down down,right right right down down
2410,False,False,False,6,8,"[1, 2]",obstacle,right right down right right up,right right down right right up
2411,True,True,True,1,1,"[0, 1]",,right,right
2412,True,True,True,2,2,"[1, 0]",,left left,left left
2413,True,True,True,3,3,"[1, 2]",,up up right,up up right
2414,True,True,True,4,4,"[0, 2]",,up up right right,up up right right
2415,True,True,True,3,3,"[1, 0]",,up up left,up up left
2416,True,True,True,1,1,"[3, 1]",,down,down
2417,True,True,True,2,2,"[4, 3]",,down down,down down
2418,True,True,True,7,7,"[4, 4]",,right down down right right down down,right down down right right down down
2419,True,True,True,5,5,"[4, 0]",,left up left left down,left up left left down
2420,True,True,True,5,5,"[2, 1]",,down down left left left,down down left left left
2421,True,True,True,4,4,"[4, 0]",,left left down down,left left down down
2422,True,True,True,6,6,"[4, 0]",,left left down down down down,left left down down down down
2423,True,True,True,6,6,"[1, 1]",,up up left left up left,up up left left up left
2424,True,True,True,2,2,"[2, 1]",,left down,left down
2425,True,True,True,6,6,"[4, 4]",,up right right right right down,up right right right right down
2426,True,True,True,3,3,"[4, 0]",,left down down,left down down
2427,True,True,True,3,3,"[3, 1]",,up left left,up left left
2428,True,True,True,3,3,"[2, 3]",,up up left,up up left
2429,True,True,True,1,1,"[3, 0]",,up,up
2430,True,True,True,3,3,"[3, 3]",,up right right,up right right
2431,True,True,True,2,2,"[4, 2]",,right down,right down
2432,True,True,True,1,1,"[0, 3]",,left,left
2433,True,True,True,2,2,"[2, 3]",,right down,right down
2434,True,True,True,2,2,"[0, 1]",,left left,left left
2435,True,True,True,7,7,"[4, 0]",,left down down down down left left,left down down down down left left
2436,True,True,True,1,1,"[2, 3]",,left,left
2437,True,True,True,4,4,"[1, 4]",,right up right right,right up right right
2438,True,True,True,3,3,"[3, 3]",,up right right,up right right
2439,True,True,True,3,3,"[0, 3]",,up up right,up up right
2440,True,True,True,1,1,"[1, 2]",,up,up
2441,True,True,True,3,3,"[2, 4]",,right right right,right right right
2442,True,True,True,2,2,"[1, 4]",,right down,right down
2443,True,True,True,4,4,"[4, 0]",,left left left left,left left left left
2444,True,True,True,5,5,"[3, 1]",,left down down left down,left down down left down
2445,True,True,True,3,3,"[1, 4]",,up right right,up right right
2446,True,True,True,3,3,"[0, 4]",,up up up,up up up
2447,True,True,True,2,2,"[1, 3]",,up right,up right
2448,True,True,True,7,7,"[4, 3]",,right right right down down down down,right right right down down down down
2449,True,True,True,1,1,"[4, 0]",,left,left
2450,True,True,True,2,2,"[2, 4]",,up right,up right
2451,True,True,True,4,4,"[0, 0]",,up up left left,up up left left
2452,True,True,True,2,2,"[2, 2]",,left down,left down
2453,True,True,True,3,3,"[2, 4]",,right right right,right right right
2454,True,True,True,3,3,"[4, 2]",,right down down,right down down
2455,False,False,False,0,8,"[0, 4]",invalid_action,,Goal not reachable
2456,True,True,True,3,3,"[2, 1]",,left down left,left down left
2457,False,False,False,6,6,"[0, 1]",obstacle,right down right down down left,right down right down down left
2458,True,True,True,5,5,"[4, 0]",,down down left down left,down down left down left
2459,True,True,True,1,1,"[1, 3]",,up,up
2460,True,True,True,4,4,"[4, 0]",,left left left down,left left left down
2461,True,True,True,3,3,"[0, 3]",,up up right,up up right
2462,True,True,True,6,6,"[4, 1]",,left down down left down down,left down down left down down
2463,True,True,True,2,2,"[3, 2]",,up right,up right
2464,True,True,True,4,4,"[1, 2]",,up up right up,up up right up
2465,True,True,True,2,2,"[3, 0]",,down left,down left
2466,True,True,True,4,4,"[2, 4]",,up right right right,up right right right
2467,True,True,True,6,6,"[4, 4]",,right right up right right down,right right up right right down
2468,True,True,True,2,2,"[2, 1]",,right up,right up
2469,True,True,True,7,7,"[3, 0]",,left left down down down left left,left left down down down left left
2470,True,True,True,2,2,"[0, 3]",,up up,up up
2471,True,True,True,2,2,"[3, 2]",,down down,down down
2472,True,True,True,3,3,"[2, 3]",,right down down,right down down
2473,True,True,True,4,4,"[4, 4]",,right right right down,right right right down
2474,True,True,True,6,6,"[0, 4]",,up right up up right right,up right up up right right
2475,True,True,True,2,2,"[4, 2]",,down down,down down
2476,True,True,True,1,1,"[2, 3]",,left,left
2477,True,True,True,4,4,"[0, 3]",,up up up left,up up up left
2478,True,True,True,1,1,"[0, 3]",,up,up
2479,True,True,True,6,6,"[4, 1]",,left down down left down down,left down down left down down
2480,True,True,True,5,5,"[3, 4]",,right right down down down,right right down down down
2481,True,True,True,7,7,"[4, 0]",,left left down left down left down,left left down left down left down
2482,True,True,True,4,4,"[3, 1]",,down down left down,down down left down
2483,True,True,True,2,2,"[1, 4]",,right right,right right
2484,True,True,True,2,2,"[1, 3]",,up left,up left
2485,True,True,True,6,6,"[3, 1]",,left left down down left down,left left down down left down
2486,True,True,True,3,3,"[3, 0]",,left down left,left down left
2487,True,True,True,1,1,"[3, 1]",,down,down
2488,True,True,True,4,4,"[3, 0]",,down left down left,down left down left
2489,True,True,True,5,5,"[0, 3]",,up up up up right,up up up up right
2490,True,True,True,2,2,"[4, 2]",,down down,down down
2491,True,True,True,3,3,"[2, 2]",,down down right,down down right
2492,True,True,True,6,6,"[3, 1]",,left down down left down left,left down down left down left
2493,True,True,True,6,6,"[4, 4]",,up right right right right down,up right right right right down
2494,True,True,True,2,2,"[3, 1]",,left down,left down
2495,True,True,True,5,5,"[3, 0]",,down left left left down,down left left left down
2496,True,True,True,5,5,"[2, 1]",,up up left left left,up up left left left
2497,True,True,True,1,1,"[4, 4]",,right,right
2498,True,True,True,6,6,"[4, 4]",,right right right right down down,right right right right down down
2499,True,True,True,5,5,"[4, 4]",,right right right down down,right right right down down
2500,True,True,True,4,4,"[3, 2]",,down down left down,down down left down
2501,True,True,True,1,1,"[2, 4]",,up,up
2502,True,True,True,1,1,"[2, 2]",,up,up
2503,True,True,True,6,6,"[4, 4]",,right right down down down down,right right down down down down
2504,True,True,True,3,3,"[1, 1]",,up up right,up up right
2505,True,True,True,2,2,"[3, 1]",,up left,up left
2506,True,True,True,2,2,"[4, 4]",,right right,right right
2507,True,True,True,1,1,"[1, 4]",,down,down
2508,True,True,True,4,4,"[2, 4]",,right right down down,right right down down
2509,True,True,True,2,2,"[3, 2]",,left down,left down
2510,True,True,True,3,3,"[1, 0]",,up up up,up up up
2511,True,True,True,4,4,"[0, 2]",,left up up right,left up up right
2512,True,True,True,2,2,"[3, 3]",,left down,left down
2513,True,True,True,1,1,"[3, 1]",,down,down
2514,True,True,True,2,2,"[1, 1]",,left up,left up
2515,True,True,True,1,1,"[2, 4]",,down,down
2516,True,True,True,3,3,"[2, 3]",,up up right,up up right
2517,False,False,False,5,5,"[2, 2]",obstacle,up right up right right,up right up right right
2518,True,True,True,5,5,"[4, 0]",,down left down down down,down left down down down
2519,True,True,True,1,1,"[1, 4]",,right,right
2520,True,True,True,3,3,"[1, 2]",,up up left,up up left
2521,True,True,True,3,3,"[2, 1]",,up up right,up up right
2522,True,True,True,7,7,"[1, 0]",,up up left left left left up,up up left left left left up
2523,True,True,True,5,5,"[0, 3]",,up right up up right,up right up up right
2524,True,True,True,1,1,"[4, 1]",,right,right
2525,True,True,True,6,6,"[0, 3]",,up right right up up right,up right right up up right
2526,True,True,True,2,2,"[2, 0]",,up left,up left
2527,True,True,True,4,4,"[4, 2]",,down down down down,down down down down
2528,True,True,True,3,3,"[1, 3]",,right up right,right up right
2529,True,True,True,4,4,"[1, 3]",,right right up right,right right up right
2530,True,True,True,4,4,"[0, 1]",,up up up left,up up up left
2531,True,True,True,4,4,"[4, 2]",,left left down down,left left down down
2532,True,True,True,4,4,"[3, 2]",,left left down down,left left down down
2533,True,True,True,3,3,"[3, 1]",,left left left,left left left
2534,True,True,True,6,6,"[3, 0]",,left down down left left down,left down down left left down
2535,True,True,True,6,6,"[2, 4]",,up up right right right right,up up right right right right
2536,True,True,True,1,1,"[3, 3]",,up,up
2537,True,True,True,5,5,"[0, 2]",,up right right up up,up right right up up
2538,True,True,True,3,3,"[2, 2]",,up right right,up right right
2539,True,True,True,1,1,"[2, 4]",,down,down
2540,True,True,True,1,1,"[3, 4]",,right,right
2541,True,True,True,1,1,"[1, 2]",,left,left
2542,True,True,True,3,3,"[1, 3]",,right right down,right right down
2543,True,True,True,7,7,"[0, 1]",,up up up left up left left,up up up left up left left
2544,True,True,True,3,3,"[1, 3]",,up up right,up up right
2545,True,True,True,3,3,"[4, 0]",,left left left,left left left
2546,True,True,True,6,6,"[0, 1]",,up right right up up left,up right right up up left
2547,False,False,False,0,6,"[0, 3]",invalid_action,,Goal not reachable
2548,True,True,True,5,5,"[0, 2]",,up up left up left,up up left up left
2549,True,True,True,3,3,"[1, 4]",,right down right,right down right
2550,True,True,True,4,4,"[3, 0]",,left left down down,left left down down
2551,True,True,True,1,1,"[0, 3]",,right,right
2552,True,True,True,5,5,"[3, 4]",,left down down right down,left down down right down
2553,True,True,True,3,3,"[0, 3]",,up up up,up up up
2554,True,True,True,1,1,"[2, 4]",,right,right
2555,True,True,True,4,4,"[3, 3]",,right right down down,right right down down
2556,True,True,True,4,4,"[4, 3]",,down down down down,down down down down
2557,True,True,True,4,4,"[0, 4]",,up up right right,up up right right
2558,True,True,True,1,1,"[3, 2]",,right,right
2559,True,True,True,3,3,"[1, 2]",,up up up,up up up
2560,True,True,True,6,6,"[2, 4]",,right right right down down right,right right right down down right
2561,True,True,True,4,4,"[0, 0]",,left left left left,left left left left
2562,True,True,True,2,2,"[1, 0]",,up up,up up
2563,True,True,True,2,2,"[2, 3]",,up left,up left
2564,True,True,True,1,1,"[3, 3]",,left,left
2565,True,True,True,3,3,"[4, 3]",,left down down,left down down
2566,True,True,True,4,4,"[1, 3]",,up up up right,up up up right
2567,True,True,True,4,4,"[4, 3]",,right down down down,right down down down
2568,True,True,True,3,3,"[3, 2]",,up left left,up left left
2569,True,True,True,3,3,"[4, 2]",,left down down,left down down
2570,True,True,True,5,5,"[0, 3]",,up up left up up,up up left up up
2571,True,True,True,2,2,"[3, 2]",,up right,up right
2572,True,True,True,3,3,"[2, 3]",,left down down,left down down
2573,True,True,True,3,3,"[0, 2]",,up up left,up up left
2574,True,True,True,7,7,"[4, 1]",,left left down down down left down,left left down down down left down
2575,True,True,True,4,4,"[3, 2]",,right right down down,right right down down
2576,True,True,True,4,4,"[1, 0]",,up up left left,up up left left
2577,True,True,True,5,5,"[0, 4]",,up up up right right,up up up right right
2578,True,True,True,1,1,"[4, 2]",,down,down
2579,True,True,True,3,3,"[0, 2]",,up up up,up up up
2580,True,True,True,1,1,"[3, 3]",,left,left
2581,True,True,True,2,2,"[3, 1]",,up left,up left
2583,True,True,True,3,3,"[4, 2]",,down down down,down down down
2584,True,True,True,1,1,"[3, 1]",,left,left
2586,True,True,True,1,1,"[1, 4]",,down,down
2587,True,True,True,2,2,"[3, 2]",,left down,left down
2588,True,True,True,5,5,"[2, 4]",,right right right down down,right right right down down
2590,True,True,True,8,8,"[0, 0]",,up up up up left left left left,up up up up left left left left
2591,True,True,True,1,1,"[4, 2]",,down,down
2592,True,True,True,4,4,"[1, 4]",,up up right up,up up right up
2593,True,True,True,2,2,"[2, 3]",,up right,up right
2594,True,True,True,4,4,"[3, 2]",,down left left down,down left left down
2595,True,True,True,3,3,"[0, 0]",,left left left,left left left
2596,True,True,True,1,1,"[3, 2]",,right,right
2597,True,True,True,1,1,"[3, 2]",,up,up
2598,True,True,True,2,2,"[1, 4]",,right up,right up
2599,True,True,True,5,5,"[3, 3]",,left down down right down,left down down right down
2600,True,True,True,3,3,"[2, 3]",,up up right,up up right
2601,True,True,True,5,5,"[1, 1]",,up up left up left,up up left up left
2602,True,True,True,6,6,"[0, 4]",,up up right right right right,up up right right right right
2603,True,True,True,2,2,"[2, 3]",,up up,up up
2604,True,True,True,3,3,"[2, 3]",,up right right,up right right
2605,True,True,True,1,1,"[4, 4]",,right,right
2606,True,True,True,3,3,"[2, 3]",,up up right,up up right
2607,True,True,True,4,4,"[0, 4]",,up right right right,up right right right
2608,True,True,True,2,2,"[1, 1]",,up right,up right
2609,True,True,True,2,2,"[2, 4]",,up up,up up
2610,True,True,True,2,2,"[3, 0]",,left left,left left
2611,True,True,True,1,1,"[4, 2]",,down,down
2612,True,True,True,3,3,"[2, 0]",,left down down,left down down
2613,True,True,True,4,4,"[1, 3]",,up up up right,up up up right
2614,True,True,True,1,1,"[0, 4]",,up,up
2615,True,True,True,2,2,"[2, 1]",,left down,left down
2616,False,False,False,5,5,"[3, 2]",obstacle,up right right right down,up right right right down
2617,True,True,True,1,1,"[1, 1]",,up,up
2618,True,True,True,5,5,"[4, 0]",,left left down down down,left left down down down
2619,True,True,True,2,2,"[1, 4]",,up up,up up
2620,True,True,True,3,3,"[4, 0]",,left left down,left left down
2621,True,True,True,3,3,"[2, 2]",,up right right,up right right
2622,True,True,True,4,4,"[4, 4]",,right right down down,right right down down
2623,True,True,True,2,2,"[1, 3]",,up right,up right
2624,True,True,True,3,3,"[1, 4]",,up up up,up up up
2625,True,True,True,3,3,"[1, 1]",,left left left,left left left
2626,True,True,True,3,3,"[1, 3]",,right right right,right right right
2627,True,True,True,3,3,"[0, 1]",,left up left,left up left
2628,True,True,True,2,2,"[1, 2]",,right down,right down
2629,True,True,True,1,1,"[0, 2]",,up,up
2630,True,True,True,3,3,"[3, 2]",,right down down,right down down
2631,True,True,True,3,3,"[3, 4]",,right right down,right right down
2632,True,True,True,2,2,"[3, 1]",,left down,left down
2633,True,True,True,5,5,"[4, 3]",,right right down down right,right right down down right
2634,True,True,True,4,4,"[2, 0]",,up up left left,up up left left
2635,True,True,True,4,4,"[0, 4]",,up up up up,up up up up
2636,True,True,True,5,5,"[1, 1]",,left up up up left,left up up up left
2637,True,True,True,2,2,"[1, 1]",,left left,left left
2638,True,True,True,1,1,"[1, 3]",,right,right
2639,True,True,True,1,1,"[4, 2]",,left,left
2640,True,True,True,5,5,"[4, 3]",,down left down down right,down left down down right
2641,True,True,True,3,3,"[4, 4]",,down down down,down down down
2642,True,True,True,6,6,"[0, 0]",,up up left left left left,up up left left left left
2643,True,True,True,6,6,"[0, 3]",,up right up up right right,up right up up right right
2644,True,True,True,1,1,"[1, 1]",,up,up
2645,True,True,True,5,5,"[0, 2]",,up right up up right,up right up up right
2646,True,True,True,5,5,"[1, 1]",,up up left left left,up up left left left
2647,True,True,True,3,3,"[2, 3]",,up up left,up up left
2648,True,True,True,7,7,"[0, 4]",,up right up up right right right,up right up up right right right
2649,True,True,True,4,4,"[2, 4]",,right right right right,right right right right
2650,True,True,True,3,3,"[3, 2]",,left down down,left down down
2651,True,True,True,3,3,"[2, 0]",,left down left,left down left
2652,True,True,True,3,3,"[3, 4]",,right down down,right down down
2653,True,True,True,2,2,"[1, 2]",,up left,up left
2654,True,True,True,4,4,"[2, 3]",,right up up right,right up up right
2655,True,True,True,2,2,"[2, 2]",,right right,right right
2656,True,True,True,5,5,"[2, 3]",,up up right right right,up up right right right
2657,True,True,True,3,3,"[1, 4]",,up up up,up up up
2658,True,True,True,5,5,"[4, 0]",,left left left down down,left left left down down
2659,True,True,True,1,1,"[3, 0]",,up,up
2660,True,True,True,2,2,"[1, 3]",,up right,up right
2661,True,True,True,3,3,"[2, 2]",,left down down,left down down
2662,True,True,True,3,3,"[2, 0]",,left up up,left up up
2663,True,True,True,7,7,"[0, 1]",,up up up up left left left,up up up up left left left
2664,True,True,True,2,2,"[4, 3]",,right right,right right
2665,True,True,True,4,4,"[4, 2]",,down down down down,down down down down
2666,True,True,True,7,7,"[3, 4]",,right right right right down down down,right right right right down down down
2667,False,False,False,5,5,"[4, 3]",obstacle,right right up up right,right right up up right
2668,True,True,True,2,2,"[4, 4]",,right right,right right
2669,True,True,True,4,4,"[4, 4]",,down down down down,down down down down
2670,True,True,True,4,4,"[2, 1]",,up left left left,up left left left
2671,True,True,True,5,5,"[0, 4]",,up right right right right,up right right right right
2672,True,True,True,2,2,"[2, 2]",,left left,left left
2673,True,True,True,5,5,"[2, 0]",,left left left left down,left left left left down
2674,True,True,True,3,3,"[3, 1]",,left left down,left left down
2675,True,True,True,5,5,"[4, 2]",,down down down down right,down down down down right
2676,True,True,True,5,5,"[3, 1]",,up left left left down,up left left left down
2677,True,True,True,4,4,"[1, 1]",,up left left left,up left left left
2678,True,True,True,2,2,"[1, 0]",,up up,up up
2679,True,True,True,6,6,"[3, 3]",,right right right down down down,right right right down down down
2680,False,False,False,5,7,"[4, 2]",obstacle,right up up up right,right up up up right
2681,True,True,True,4,4,"[1, 1]",,up up left left,up up left left
2682,True,True,True,4,4,"[2, 4]",,up right right right,up right right right
2683,True,True,True,1,1,"[4, 1]",,down,down
2684,True,True,True,1,1,"[1, 4]",,right,right
2685,True,True,True,4,4,"[0, 1]",,up up up right,up up up right
2686,True,True,True,5,5,"[1, 4]",,right right right right down,right right right right down
2687,True,True,True,5,5,"[1, 4]",,up up right right right,up up right right right
2688,True,True,True,2,2,"[0, 1]",,up up,up up
2689,True,True,True,2,2,"[3, 1]",,right down,right down
2690,True,True,True,6,6,"[2, 4]",,right right right right down down,right right right right down down
2691,True,True,True,2,2,"[3, 1]",,left down,left down
2692,False,False,False,4,8,"[3, 3]",obstacle,up left left down,up left left down
2693,True,True,True,6,6,"[0, 1]",,up up up left left left,up up up left left left
2694,True,True,True,3,3,"[2, 2]",,left left down,left left down
2695,True,True,True,4,4,"[2, 3]",,right right right down,right right right down
2696,True,True,True,3,3,"[1, 1]",,left left left,left left left
2697,True,True,True,7,7,"[1, 0]",,up up up left left left left,up up up left left left left
2698,True,True,True,3,3,"[0, 0]",,up up left,up up left
2699,True,True,True,1,1,"[4, 2]",,right,right
2700,True,True,True,2,2,"[4, 4]",,right right,right right
2701,True,True,True,1,1,"[0, 2]",,left,left
2702,True,True,True,2,2,"[0, 4]",,up right,up right
2703,True,True,True,5,5,"[1, 3]",,up right right right up,up right right right up
2704,True,True,True,1,1,"[2, 3]",,down,down
2705,True,True,True,2,2,"[3, 3]",,right down,right down
2706,True,True,True,4,4,"[2, 3]",,up up right right,up up right right
2707,True,True,True,1,1,"[3, 2]",,right,right
2708,True,True,True,4,4,"[2, 1]",,up up left left,up up left left
2709,True,True,True,3,3,"[2, 2]",,up up right,up up right
2710,True,True,True,2,2,"[4, 3]",,left down,left down
2711,True,True,True,4,4,"[2, 0]",,up up left left,up up left left
2712,True,True,True,2,2,"[4, 3]",,right right,right right
2713,True,True,True,1,1,"[3, 2]",,down,down
2714,True,True,True,3,3,"[4, 3]",,down down down,down down down
2715,True,True,True,4,4,"[1, 4]",,up up up right,up up up right
2716,True,True,True,5,5,"[3, 0]",,left down left down down,left down left down down
2717,True,True,True,4,4,"[1, 1]",,up up up right,up up up right
2718,True,True,True,5,5,"[0, 2]",,up up up up right,up up up up right
2719,True,True,True,3,3,"[2, 1]",,up up right,up up right
2720,False,False,False,6,6,"[2, 3]",obstacle,up right right right right up,up right right right right up
2721,True,True,True,3,3,"[0, 1]",,up right up,up right up
2722,True,True,True,5,5,"[3, 4]",,up right right right right,up right right right right
2723,True,True,True,5,5,"[3, 2]",,left down down left down,left down down left down
2724,True,True,True,3,3,"[2, 0]",,down left down,down left down
2725,True,True,True,1,1,"[1, 1]",,right,right
2726,True,True,True,2,2,"[2, 1]",,down down,down down
2727,True,True,True,2,2,"[4, 1]",,left down,left down
2728,True,True,True,1,1,"[2, 3]",,up,up
2729,True,True,True,7,7,"[4, 4]",,right right down down down right down,right right down down down right down
2730,True,True,True,3,3,"[2, 2]",,left left up,left left up
2731,True,True,True,1,1,"[2, 2]",,up,up
2732,True,True,True,3,3,"[4, 1]",,left down down,left down down
2733,True,True,True,4,4,"[4, 1]",,down down down down,down down down down
2734,True,True,True,3,3,"[3, 3]",,right down right,right down right
2735,True,True,True,2,2,"[4, 4]",,down down,down down
2736,True,True,True,4,4,"[4, 2]",,left down down down,left down down down
2737,True,True,True,4,4,"[1, 0]",,left left left down,left left left down
2738,True,True,True,2,2,"[0, 0]",,up left,up left
2739,True,True,True,3,3,"[2, 2]",,right down down,right down down
2740,True,True,True,5,5,"[2, 1]",,left left left down down,left left left down down
2741,True,True,True,2,2,"[0, 1]",,left left,left left
2742,True,True,True,5,5,"[0, 0]",,up up up up left,up up up up left
2743,True,True,True,4,4,"[0, 2]",,left up up up,left up up up
2744,True,True,True,1,1,"[1, 0]",,down,down
2745,True,True,True,5,5,"[4, 0]",,left down down down left,left down down down left
2746,True,True,True,6,6,"[2, 0]",,left left left left down down,left left left left down down
2747,True,True,True,1,1,"[2, 1]",,down,down
2748,True,True,True,4,4,"[1, 0]",,left left left down,left left left down
2749,True,True,True,1,1,"[0, 2]",,left,left
2750,True,True,True,1,1,"[2, 4]",,up,up
2751,True,True,True,3,3,"[0, 3]",,up right right,up right right
2752,True,True,True,5,5,"[1, 2]",,right up up up right,right up up up right
2753,False,False,False,2,6,"[1, 3]",obstacle,right down,right down
2754,False,False,False,4,4,"[1, 3]",obstacle,up right right down,up right right down
2755,True,True,True,3,3,"[4, 1]",,down down down,down down down
2756,True,True,True,5,5,"[0, 3]",,up up right right right,up up right right right
2757,True,True,True,6,6,"[0, 4]",,up up up up right right,up up up up right right
2758,True,True,True,2,2,"[2, 0]",,left down,left down
2759,True,True,True,2,2,"[4, 0]",,down left,down left
2760,True,True,True,1,1,"[4, 2]",,down,down
2761,True,True,True,4,4,"[2, 3]",,down right right right,down right right right
2762,True,True,True,2,2,"[2, 4]",,right down,right down
2763,True,True,True,5,5,"[4, 2]",,left down down down down,left down down down down
2764,True,True,True,1,1,"[0, 0]",,left,left
2765,True,True,True,6,6,"[3, 0]",,left left left down down down,left left left down down down
2766,True,True,True,4,4,"[0, 1]",,up left left left,up left left left
2767,True,True,True,3,3,"[1, 3]",,right right down,right right down
2768,True,True,True,4,4,"[1, 3]",,right right up right,right right up right
2769,True,True,True,5,5,"[4, 0]",,left up left left down,left up left left down
2770,True,True,True,3,3,"[2, 2]",,left up up,left up up
2771,True,True,True,3,3,"[0, 1]",,up left left,up left left
2772,True,True,True,2,2,"[0, 1]",,left left,left left
2773,True,True,True,4,4,"[0, 1]",,up left left left,up left left left
2774,True,True,True,7,7,"[4, 0]",,down left left up left left down,down left left up left left down
2775,True,True,True,5,5,"[1, 3]",,up right right up right,up right right up right
2776,True,True,True,1,1,"[1, 2]",,left,left
2777,True,True,True,3,3,"[2, 2]",,up right right,up right right
2778,True,True,True,8,8,"[0, 0]",,up up up up left left left left,up up up up left left left left
2779,True,True,True,4,4,"[0, 1]",,up up up left,up up up left
2780,True,True,True,3,3,"[0, 0]",,up up up,up up up
2781,True,True,True,5,5,"[2, 1]",,up up left left left,up up left left left
2782,True,True,True,7,7,"[3, 4]",,right right right right down down down,right right right right down down down
2783,True,True,True,4,4,"[4, 0]",,left left down down,left left down down
2784,True,True,True,5,5,"[3, 1]",,up left left left down,up left left left down
2785,True,True,True,1,1,"[3, 1]",,down,down
2786,True,True,True,3,3,"[2, 2]",,down right right,down right right
2787,True,True,True,2,2,"[1, 3]",,up left,up left
2788,True,True,True,4,4,"[4, 3]",,down down down right,down down down right
2789,True,True,True,4,4,"[0, 2]",,up up left left,up up left left
2790,True,True,True,5,5,"[4, 2]",,right right down down down,right right down down down
2791,True,True,True,5,5,"[0, 4]",,left up up up right,left up up up right
2792,True,True,True,6,6,"[4, 4]",,right right down down right down,right right down down right down
2793,True,True,True,5,5,"[1, 1]",,up up up left left,up up up left left
2794,True,True,True,2,2,"[4, 1]",,left down,left down
2795,True,True,True,3,3,"[4, 3]",,right down down,right down down
2796,True,True,True,6,6,"[4, 2]",,right right down down down down,right right down down down down
2797,True,True,True,4,4,"[3, 2]",,right down down down,right down down down
2798,True,True,True,4,4,"[4, 0]",,down down down down,down down down down
2799,True,True,True,2,2,"[3, 2]",,left left,left left
2800,True,True,True,1,1,"[1, 0]",,down,down
2801,True,True,True,2,2,"[4, 4]",,right down,right down
2802,True,True,True,1,1,"[3, 1]",,right,right
2803,True,True,True,3,3,"[2, 3]",,right right down,right right down
2804,True,True,True,2,2,"[4, 0]",,down down,down down
2805,True,True,True,4,4,"[2, 0]",,left left left up,left left left up
2806,True,True,True,1,1,"[4, 0]",,down,down
2807,True,True,True,5,5,"[0, 4]",,up right right right right,up right right right right
2808,True,True,True,4,4,"[3, 1]",,left down down left,left down down left
2809,True,True,True,4,4,"[3, 2]",,left down down down,left down down down
2810,True,True,True,4,4,"[4, 3]",,down down down down,down down down down
2811,True,True,True,2,2,"[4, 3]",,left down,left down
2812,True,True,True,6,6,"[0, 0]",,up up up left left left,up up up left left left
2813,True,True,True,6,6,"[4, 1]",,down left down down right down,down left down down right down
2814,True,True,True,1,1,"[3, 2]",,right,right
2815,False,False,False,6,6,"[2, 3]",obstacle,left down down right down down,left down down right down down
2816,True,True,True,7,7,"[4, 3]",,right right right down down down down,right right right down down down down
2817,True,True,True,1,1,"[0, 1]",,up,up
2818,True,True,True,2,2,"[2, 3]",,down down,down down
2819,True,True,True,1,1,"[4, 3]",,down,down
2820,True,True,True,3,3,"[4, 0]",,down down down,down down down
2821,True,True,True,2,2,"[2, 2]",,down down,down down
2822,True,True,True,1,1,"[4, 3]",,down,down
2823,True,True,True,7,7,"[4, 1]",,down left left left down down down,down left left left down down down
2824,True,True,True,2,2,"[4, 3]",,left down,left down
2825,True,True,True,5,5,"[3, 0]",,left down left down down,left down left down down
2826,True,True,True,2,2,"[3, 1]",,left left,left left
2827,True,True,True,3,3,"[1, 4]",,right right right,right right right
2828,True,True,True,6,6,"[0, 4]",,up up right right right up,up up right right right up
2829,True,True,True,6,6,"[4, 0]",,left down left down down down,left down left down down down
2830,True,True,True,3,3,"[4, 1]",,left left down,left left down
2831,True,True,True,3,3,"[1, 0]",,left left left,left left left
2832,True,True,True,1,1,"[4, 2]",,down,down
2833,True,True,True,4,4,"[3, 2]",,right down down down,right down down down
2834,True,True,True,3,3,"[3, 3]",,right right right,right right right
2835,True,True,True,2,2,"[3, 3]",,down down,down down
2836,True,True,True,3,3,"[2, 1]",,up up left,up up left
2837,True,True,True,2,2,"[3, 3]",,down down,down down
2838,True,True,True,2,2,"[0, 2]",,left up,left up
2839,True,True,True,1,1,"[0, 2]",,right,right
2840,False,False,False,7,6,"[1, 4]",out_of_bounds,up right right right right right up,up right right right right right up
2841,True,True,True,2,2,"[3, 4]",,right right,right right
2842,True,True,True,2,2,"[2, 4]",,down down,down down
2843,True,True,True,2,2,"[3, 3]",,right down,right down
2844,True,True,True,5,5,"[4, 3]",,right right right down down,right right right down down
2845,True,True,True,5,5,"[4, 1]",,left down down down down,left down down down down
2846,True,True,True,2,2,"[3, 1]",,up left,up left
2847,True,True,True,3,3,"[2, 2]",,up up left,up up left
2848,True,True,True,7,7,"[0, 4]",,up up up right right right up,up up up right right right up
2849,True,True,True,3,3,"[3, 4]",,right down down,right down down
2850,True,True,True,2,2,"[0, 2]",,up up,up up
2851,True,True,True,2,2,"[3, 2]",,left down,left down
2852,True,True,True,6,6,"[2, 4]",,right up right up right right,right up right up right right
2853,True,True,True,1,1,"[1, 3]",,up,up
2854,True,True,True,3,3,"[4, 2]",,down down down,down down down
2855,True,True,True,3,3,"[3, 4]",,right right right,right right right
2856,True,True,True,6,6,"[4, 4]",,right right down down down down,right right down down down down
2857,True,True,True,4,4,"[2, 2]",,right right down down,right right down down
2858,True,True,True,4,4,"[4, 0]",,left left left left,left left left left
2859,True,True,True,5,5,"[4, 1]",,right down down left down,right down down left down
2860,True,True,True,4,4,"[3, 3]",,left down down down,left down down down
2861,True,True,True,4,4,"[2, 3]",,right right down down,right right down down
2862,True,True,True,2,2,"[3, 3]",,down down,down down
2863,True,True,True,2,2,"[0, 2]",,up up,up up
2864,True,True,True,1,1,"[2, 3]",,left,left
2865,True,True,True,5,5,"[1, 1]",,up up up left left,up up up left left
2866,True,True,True,1,1,"[0, 1]",,left,left
2867,True,True,True,5,5,"[3, 1]",,left left down down left,left left down down left
2868,True,True,True,2,2,"[4, 3]",,right right,right right
2869,True,True,True,3,3,"[3, 1]",,down down left,down down left
2870,True,True,True,1,1,"[1, 4]",,up,up
2871,True,True,True,3,3,"[4, 3]",,right down down,right down down
2872,True,True,True,6,6,"[3, 1]",,left left down down down left,left left down down down left
2873,True,True,True,2,2,"[3, 2]",,left down,left down
2874,True,True,True,1,1,"[1, 3]",,left,left
2875,True,True,True,3,3,"[0, 2]",,up left left,up left left
2876,True,True,True,4,4,"[3, 1]",,left left down left,left left down left
2877,True,True,True,3,3,"[1, 2]",,up up left,up up left
2880,True,True,True,6,6,"[4, 3]",,left down down right down down,left down down right down down
2881,True,True,True,3,3,"[2, 2]",,down right right,down right right
2882,True,True,True,1,1,"[4, 3]",,down,down
2883,True,True,True,3,3,"[1, 4]",,up right up,up right up
2884,True,True,True,1,1,"[3, 3]",,right,right
2885,True,True,True,6,6,"[0, 0]",,up up left left left left,up up left left left left
2886,True,True,True,2,2,"[3, 3]",,left down,left down
2887,True,True,True,5,5,"[0, 0]",,left up up left left,left up up left left
2888,True,True,True,3,3,"[2, 4]",,down right right,down right right
2889,True,True,True,3,3,"[3, 0]",,down down down,down down down
2890,True,True,True,4,4,"[4, 2]",,left left down down,left left down down
2891,True,True,True,2,2,"[3, 3]",,up left,up left
2892,True,True,True,8,8,"[0, 0]",,up up up up left left left left,up up up up left left left left
2893,True,True,True,4,4,"[4, 4]",,right right right down,right right right down
2894,True,True,True,5,5,"[0, 0]",,up left left left left,up left left left left
2895,True,True,True,6,6,"[1, 0]",,up up left left left up,up up left left left up
2896,True,True,True,2,2,"[2, 1]",,down right,down right
2897,True,True,True,2,2,"[4, 2]",,down down,down down
2898,True,True,True,2,2,"[4, 1]",,left down,left down
2899,True,True,True,2,2,"[0, 4]",,up up,up up
2900,True,True,True,2,2,"[2, 4]",,down down,down down
2901,True,True,True,4,4,"[0, 0]",,up left up up,up left up up
2902,True,True,True,2,2,"[0, 1]",,left left,left left
2903,True,True,True,3,3,"[0, 0]",,left left left,left left left
2904,True,True,True,4,4,"[3, 0]",,down left left down,down left left down
2905,True,True,True,5,5,"[0, 0]",,up up up left left,up up up left left
2906,True,True,True,4,4,"[0, 3]",,left up up right,left up up right
2907,True,True,True,3,3,"[2, 4]",,down right right,down right right
2908,True,True,True,4,4,"[0, 2]",,up up up up,up up up up
2909,True,True,True,5,5,"[1, 2]",,up up left left up,up up left left up
2910,True,True,True,1,1,"[3, 1]",,right,right
2911,True,True,True,6,6,"[4, 0]",,left down down down down left,left down down down down left
2912,True,True,True,1,1,"[1, 4]",,up,up
2913,True,True,True,3,3,"[1, 1]",,left left left,left left left
2914,True,True,True,5,5,"[0, 3]",,up up up left up,up up up left up
2915,True,True,True,4,4,"[4, 1]",,left left down down,left left down down
2916,True,True,True,3,3,"[1, 1]",,left left down,left left down
2917,True,True,True,1,1,"[1, 1]",,left,left
2918,True,True,True,5,5,"[3, 4]",,right right right down down,right right right down down
2919,True,True,True,1,1,"[3, 1]",,up,up
2920,True,True,True,4,4,"[0, 2]",,up up up up,up up up up
2921,True,True,True,6,6,"[0, 1]",,left up up up up left,left up up up up left
2922,True,True,True,4,4,"[1, 1]",,up right up up,up right up up
2923,True,True,True,2,2,"[2, 4]",,right right,right right
2924,True,True,True,3,3,"[4, 0]",,left left left,left left left
2925,True,True,True,6,6,"[4, 3]",,right right down down down right,right right down down down right
2926,True,True,True,1,1,"[2, 3]",,down,down
2927,True,True,True,3,3,"[1, 3]",,up right right,up right right
2928,True,True,True,2,2,"[2, 2]",,right down,right down
2929,True,True,True,3,3,"[1, 1]",,left left down,left left down
2930,True,True,True,4,4,"[0, 2]",,up up up up,up up up up
2931,True,True,True,7,7,"[4, 4]",,right right right right down down down,right right right right down down down
2932,True,True,True,5,5,"[0, 1]",,up right up up up,up right up up up
2933,True,True,True,2,2,"[1, 4]",,up right,up right
2934,True,True,True,4,4,"[0, 1]",,up up left left,up up left left
2935,True,True,True,2,2,"[4, 3]",,right right,right right
2936,True,True,True,4,4,"[4, 4]",,right down right right,right down right right
2937,True,True,True,5,5,"[0, 1]",,up right up up up,up right up up up
2938,True,True,True,1,1,"[1, 0]",,down,down
2939,True,True,True,3,3,"[4, 3]",,down down right,down down right
2940,True,True,True,4,4,"[0, 4]",,left up up right,left up up right
2941,True,True,True,3,3,"[0, 4]",,up up right,up up right
2942,True,True,True,4,4,"[3, 0]",,left left down down,left left down down
2943,True,True,True,2,2,"[1, 3]",,up right,up right
2944,True,True,True,6,6,"[0, 4]",,up up left up up right,up up left up up right
2945,True,True,True,1,1,"[1, 0]",,down,down
2946,True,True,True,4,4,"[1, 2]",,up right up up,up right up up
2947,True,True,True,4,4,"[1, 3]",,up right right right,up right right right
2948,True,True,True,4,4,"[4, 1]",,down down left down,down down left down
2949,True,True,True,3,3,"[0, 4]",,up up right,up up right
2950,True,True,True,2,2,"[4, 4]",,right down,right down
2951,True,True,True,4,4,"[2, 4]",,right right down right,right right down right
2952,True,True,True,2,2,"[3, 0]",,down down,down down
2953,True,True,True,3,3,"[2, 4]",,right down right,right down right
2954,True,True,True,6,6,"[3, 3]",,right right right down down down,right right right down down down
2955,True,True,True,2,2,"[3, 1]",,down right,down right
2956,True,True,True,3,3,"[2, 3]",,up up left,up up left
2957,True,True,True,2,2,"[0, 4]",,up right,up right
2958,True,True,True,4,4,"[1, 1]",,left up left left,left up left left
2959,True,True,True,4,4,"[1, 3]",,up up left up,up up left up
2960,True,True,True,5,5,"[3, 4]",,left down down right down,left down down right down
2961,True,True,True,5,5,"[0, 4]",,up right right right right,up right right right right
2962,True,True,True,5,5,"[0, 3]",,up up up up right,up up up up right
2963,True,True,True,3,3,"[0, 4]",,up right right,up right right
2964,True,True,True,4,4,"[0, 4]",,right right right right,right right right right
2965,True,True,True,6,6,"[4, 0]",,left left down left left down,left left down left left down
2966,True,True,True,2,2,"[3, 4]",,right down,right down
2967,True,True,True,4,4,"[0, 4]",,left up up right,left up up right
2968,True,True,True,6,6,"[4, 1]",,down left down down right down,down left down down right down
2969,True,True,True,3,3,"[1, 2]",,left up left,left up left
2970,True,True,True,3,3,"[2, 3]",,up right right,up right right
2972,True,True,True,6,6,"[2, 0]",,down left left left left down,down left left left left down
2973,True,True,True,4,4,"[0, 2]",,up up right right,up up right right
2974,True,True,True,2,2,"[3, 0]",,left down,left down
2975,True,True,True,4,4,"[4, 2]",,right down down down,right down down down
2976,True,True,True,4,4,"[0, 4]",,up up right up,up up right up
2977,True,True,True,1,1,"[2, 1]",,down,down
2978,True,True,True,2,2,"[2, 0]",,up up,up up
2979,True,True,True,1,1,"[1, 0]",,up,up
2980,True,True,True,3,3,"[1, 2]",,up up up,up up up
2981,True,True,True,3,3,"[2, 1]",,up left left,up left left
2982,True,True,True,5,5,"[4, 2]",,right right down down down,right right down down down
2983,True,True,True,1,1,"[3, 1]",,left,left
2984,True,True,True,2,2,"[1, 3]",,down left,down left
2985,True,True,True,4,4,"[4, 0]",,left left down down,left left down down
2986,True,True,True,3,3,"[2, 0]",,left down down,left down down
2987,True,True,True,6,6,"[2, 4]",,up up right right right right,up up right right right right
2988,True,True,True,3,3,"[2, 2]",,right right down,right right down
2992,True,True,True,3,3,"[2, 4]",,right right right,right right right
2993,True,True,True,1,1,"[0, 2]",,right,right
2994,True,True,True,1,1,"[3, 0]",,down,down
2995,True,True,True,5,5,"[4, 1]",,left left down down down,left left down down down
2996,True,True,True,2,2,"[3, 2]",,right right,right right
2997,True,True,True,1,1,"[1, 2]",,right,right
2998,True,True,True,2,2,"[0, 2]",,right right,right right
2999,True,True,True,5,5,"[4, 1]",,left down down down down,left down down down down
3000,True,True,True,6,6,"[2, 0]",,left left left left up up,left left left left up up
3001,True,True,True,6,6,"[0, 2]",,up up up up right right,up up up up right right
3002,True,True,True,3,3,"[0, 1]",,left left left,left left left
3003,True,True,True,4,4,"[1, 0]",,left left left left,left left left left
3004,True,True,True,3,3,"[0, 1]",,up up left,up up left
3005,True,True,True,3,3,"[1, 2]",,up up up,up up up
3006,True,True,True,3,3,"[1, 1]",,up up left,up up left
3007,True,True,True,3,3,"[0, 0]",,up left left,up left left
3008,True,True,True,1,1,"[4, 0]",,left,left
3009,True,True,True,5,5,"[2, 4]",,right right right right down,right right right right down
3010,True,True,True,5,5,"[2, 0]",,left up left left up,left up left left up
3011,True,True,True,4,4,"[1, 0]",,left left left down,left left left down
3012,True,True,True,4,4,"[4, 4]",,right down down down,right down down down
3013,True,True,True,3,3,"[1, 1]",,up up left,up up left
3014,True,True,True,6,6,"[0, 1]",,left up up up up left,left up up up up left
3015,True,True,True,1,1,"[2, 0]",,down,down
3016,True,True,True,4,4,"[1, 1]",,left left left down,left left left down
3017,True,True,True,6,6,"[4, 1]",,left down down down left down,left down down down left down
3018,True,True,True,1,1,"[0, 1]",,right,right
3019,True,True,True,1,1,"[4, 0]",,left,left
3020,True,True,True,4,4,"[1, 3]",,up up up left,up up up left
3021,True,True,True,3,3,"[1, 4]",,up right right,up right right
3022,True,True,True,2,2,"[0, 4]",,up up,up up
3023,True,True,True,4,4,"[0, 3]",,up up up left,up up up left
3024,True,True,True,4,4,"[3, 2]",,left down down down,left down down down
3025,True,True,True,4,4,"[4, 1]",,down left left left,down left left left
3026,True,True,True,5,5,"[4, 3]",,down left down down right,down left down down right
3027,True,True,True,3,3,"[4, 3]",,down down left,down down left
3028,True,True,True,3,3,"[1, 4]",,right right right,right right right
3029,True,True,True,2,2,"[4, 3]",,right right,right right
3030,True,True,True,1,1,"[1, 3]",,down,down
3031,True,True,True,3,3,"[2, 0]",,up up left,up up left
3032,True,True,True,1,1,"[4, 3]",,left,left
3033,True,True,True,5,5,"[2, 3]",,up up right right right,up up right right right
3034,True,True,True,3,3,"[0, 1]",,up left left,up left left
3035,True,True,True,4,4,"[2, 0]",,left left left left,left left left left
3036,True,True,True,4,4,"[1, 2]",,up up up left,up up up left
3037,True,True,True,3,3,"[2, 4]",,up up right,up up right
3038,True,True,True,4,4,"[3, 0]",,left down down down,left down down down
3039,True,True,True,1,1,"[3, 3]",,left,left
3040,True,True,True,5,5,"[4, 2]",,down right right down down,down right right down down
3041,True,True,True,2,2,"[2, 3]",,up left,up left
3042,True,True,True,4,4,"[0, 2]",,up up right right,up up right right
3043,True,True,True,1,1,"[4, 3]",,down,down
3044,True,True,True,1,1,"[4, 1]",,left,left
3045,True,True,True,2,2,"[4, 3]",,down down,down down
3046,True,True,True,7,7,"[0, 3]",,up up up up right right right,up up up up right right right
3047,True,True,True,3,3,"[1, 2]",,left left down,left left down
3048,True,True,True,1,1,"[2, 0]",,down,down
3049,True,True,True,1,1,"[2, 3]",,left,left
3050,True,True,True,7,7,"[4, 4]",,right right down down right down down,right right down down right down down
3051,True,True,True,4,4,"[2, 0]",,left left down down,left left down down
3052,True,True,True,5,5,"[3, 4]",,right down down right down,right down down right down
3053,True,True,True,5,5,"[3, 2]",,right right down down down,right right down down down
3054,True,True,True,1,1,"[3, 2]",,right,right
3055,True,True,True,1,1,"[0, 3]",,right,right
3056,True,True,True,6,6,"[0, 4]",,up up left up up right,up up left up up right
3057,True,True,True,6,6,"[4, 1]",,left down down right down down,left down down right down down
3058,True,True,True,3,3,"[2, 4]",,up up right,up up right
3059,True,True,True,8,8,"[4, 0]",,left left left left down down down down,left left left left down down down down
3060,True,True,True,3,3,"[2, 1]",,up up right,up up right
3061,True,True,True,5,5,"[1, 2]",,up up up right right,up up up right right
3062,True,True,True,4,4,"[1, 1]",,up up up right,up up up right
3063,True,True,True,1,1,"[1, 1]",,up,up
3064,True,True,True,2,2,"[1, 1]",,up up,up up
3065,True,True,True,3,3,"[2, 1]",,left up left,left up left
3066,True,True,True,3,3,"[2, 1]",,right down down,right down down
3067,True,True,True,8,8,"[4, 0]",,left left left left down down down down,left left left left down down down down
3068,True,True,True,5,5,"[4, 3]",,left down down right down,left down down right down
3069,True,True,True,2,2,"[0, 3]",,right right,right right
3070,True,True,True,4,4,"[0, 0]",,up up up left,up up up left
3071,True,True,True,2,2,"[2, 1]",,left down,left down
3072,True,True,True,4,4,"[2, 1]",,left left up left,left left up left
3073,True,True,True,2,2,"[1, 1]",,left down,left down
3074,True,True,True,2,2,"[0, 2]",,right right,right right
3075,True,True,True,3,3,"[2, 0]",,left down down,left down down
3076,True,True,True,5,5,"[3, 0]",,down left left left left,down left left left left
3077,True,True,True,3,3,"[4, 4]",,right right right,right right right
3078,True,True,True,1,1,"[1, 0]",,up,up
3079,True,True,True,5,5,"[3, 1]",,left left down down down,left left down down down
3080,True,True,True,7,7,"[0, 3]",,up up up up right right right,up up up up right right right
3081,True,True,True,2,2,"[0, 1]",,left left,left left
3082,False,False,False,6,6,"[2, 4]",obstacle,up right up up up left,up right up up up left
3083,False,False,False,7,7,"[1, 3]",obstacle,right right down down right down down,right right down down right down down
3084,True,True,True,5,5,"[4, 1]",,down left left left down,down left left left down
3085,False,False,False,6,8,"[1, 3]",obstacle,right right right down down right,right right right down down right
3086,True,True,True,1,1,"[4, 0]",,left,left
3087,False,False,False,4,4,"[2, 4]",obstacle,up left left down,up left left down
3088,True,True,True,5,5,"[1, 0]",,left left left left down,left left left left down
3089,False,False,False,4,6,"[2, 4]",obstacle,up up left up,up up left up
3090,True,True,True,3,3,"[2, 0]",,up up left,up up left
3091,True,True,True,2,2,"[1, 4]",,up right,up right
3092,True,True,True,4,4,"[0, 3]",,up up up left,up up up left
3093,True,True,True,3,3,"[0, 0]",,up up left,up up left
3094,True,True,True,1,1,"[2, 3]",,left,left
3095,True,True,True,5,5,"[4, 3]",,down down down down left,down down down down left
3096,True,True,True,5,5,"[1, 2]",,up up up left left,up up up left left
3097,True,True,True,3,3,"[2, 0]",,up up left,up up left
3098,True,True,True,6,6,"[4, 0]",,left left left down down down,left left left down down down
3099,True,True,True,3,3,"[1, 2]",,left down left,left down left
3100,True,True,True,3,3,"[4, 3]",,right right right,right right right
3101,True,True,True,4,4,"[3, 1]",,left left left down,left left left down
3102,True,True,True,5,5,"[2, 0]",,down left left left down,down left left left down
3103,True,True,True,2,2,"[2, 1]",,up right,up right
3104,True,True,True,6,6,"[0, 3]",,up up right right right up,up up right right right up
3105,True,True,True,3,3,"[0, 1]",,up up right,up up right
3106,True,True,True,2,2,"[3, 2]",,up right,up right
3107,True,True,True,3,3,"[3, 1]",,left left down,left left down
3108,True,True,True,5,5,"[3, 0]",,left left left left down,left left left left down
3109,True,True,True,4,4,"[4, 2]",,left down down down,left down down down
3110,True,True,True,2,2,"[2, 2]",,left down,left down
3111,True,True,True,5,5,"[0, 3]",,up up up up left,up up up up left
3112,True,True,True,1,1,"[4, 1]",,right,right
3113,True,True,True,3,3,"[3, 4]",,right right down,right right down
3114,True,True,True,5,5,"[2, 1]",,up up left left left,up up left left left
3115,True,True,True,2,2,"[4, 2]",,right right,right right
3116,True,True,True,6,6,"[4, 3]",,right right down down down right,right right down down down right
3117,True,True,True,1,1,"[3, 1]",,up,up
3118,True,True,True,2,2,"[2, 3]",,right down,right down
3119,True,True,True,2,2,"[2, 1]",,up right,up right
3120,True,True,True,3,3,"[1, 0]",,up left left,up left left
3121,True,True,True,4,4,"[3, 0]",,left left down down,left left down down
3122,True,True,True,5,5,"[0, 2]",,up up left up up,up up left up up
3123,True,True,True,4,4,"[4, 0]",,down down down down,down down down down
3124,True,True,True,4,4,"[4, 4]",,right right right down,right right right down
3125,True,True,True,6,6,"[4, 2]",,down down left left down down,down down left left down down
3126,True,True,True,2,2,"[4, 1]",,left down,left down
3127,True,True,True,2,2,"[2, 1]",,left down,left down
3128,True,True,True,3,3,"[0, 2]",,up up right,up up right
3129,True,True,True,5,5,"[4, 1]",,right down down down down,right down down down down
3130,True,True,True,5,5,"[0, 0]",,up up up left left,up up up left left
3131,True,True,True,6,6,"[1, 4]",,up up right right right up,up up right right right up
3132,True,True,True,2,2,"[2, 3]",,down right,down right
3133,True,True,True,2,2,"[3, 4]",,up right,up right
3134,True,True,True,4,4,"[1, 2]",,up up up right,up up up right
3135,True,True,True,2,2,"[2, 4]",,right right,right right
3136,True,True,True,1,1,"[3, 2]",,down,down
3137,True,True,True,2,2,"[1, 0]",,left left,left left
3138,False,False,False,4,6,"[1, 2]",obstacle,right right right up,right right right up
3139,True,True,True,3,3,"[4, 2]",,right right down,right right down
3140,True,True,True,3,3,"[2, 1]",,left down down,left down down
3141,True,True,True,3,3,"[3, 1]",,down down down,down down down
3142,True,True,True,4,4,"[0, 1]",,up up up up,up up up up
3143,True,True,True,4,4,"[4, 1]",,down down down down,down down down down
3144,True,True,True,4,4,"[4, 0]",,left left down down,left left down down
3145,True,True,True,7,7,"[0, 0]",,up left left left up up left,up left left left up up left
3146,True,True,True,3,3,"[0, 0]",,up up left,up up left
3147,True,True,True,2,2,"[2, 3]",,down left,down left
3148,True,True,True,5,5,"[0, 2]",,up up up up right,up up up up right
3149,True,True,True,5,5,"[4, 4]",,right right right right down,right right right right down
3150,True,True,True,4,4,"[0, 3]",,up up up right,up up up right
3151,True,True,True,3,3,"[2, 2]",,up up left,up up left
3152,True,True,True,6,6,"[4, 3]",,right right down down down down,right right down down down down
3153,True,True,True,1,1,"[1, 2]",,down,down
3154,True,True,True,5,5,"[2, 3]",,up up right right right,up up right right right
3155,True,True,True,2,2,"[1, 4]",,up up,up up
3156,True,True,True,1,1,"[2, 4]",,down,down
3157,True,True,True,6,6,"[4, 4]",,right right right down down down,right right right down down down
3158,True,True,True,4,4,"[1, 3]",,right right right down,right right right down
3159,True,True,True,4,4,"[3, 3]",,right right down down,right right down down
3160,True,True,True,4,4,"[4, 0]",,down down down down,down down down down
3161,True,True,True,2,2,"[2, 2]",,up left,up left
3162,True,True,True,4,4,"[0, 3]",,up up left up,up up left up
3163,True,True,True,3,3,"[3, 2]",,right right down,right right down
3164,True,True,True,7,7,"[3, 4]",,right right right down right down down,right right right down right down down
3165,True,True,True,2,2,"[0, 2]",,up left,up left
3166,True,True,True,5,5,"[4, 3]",,right down down down down,right down down down down
3167,True,True,True,4,4,"[3, 4]",,right right right right,right right right right
3168,True,True,True,4,4,"[3, 4]",,right right down down,right right down down
3169,True,True,True,6,6,"[2, 4]",,up up right right right right,up up right right right right
3170,True,True,True,4,4,"[0, 0]",,up up left left,up up left left
3171,True,True,True,2,2,"[3, 4]",,right right,right right
3172,True,True,True,3,3,"[1, 3]",,up up right,up up right
3173,True,True,True,3,3,"[3, 2]",,right right down,right right down
3174,True,True,True,4,4,"[2, 4]",,up right right right,up right right right
3175,True,True,True,2,2,"[3, 2]",,down down,down down
3176,True,True,True,2,2,"[1, 3]",,up right,up right
3177,True,True,True,1,1,"[3, 1]",,right,right
3178,True,True,True,2,2,"[2, 0]",,left down,left down
3179,True,True,True,7,7,"[4, 3]",,right right right down down down down,right right right down down down down
3180,True,True,True,3,3,"[4, 2]",,left left down,left left down
3181,True,True,True,6,6,"[0, 1]",,up up up left left left,up up up left left left
3182,True,True,True,1,1,"[3, 2]",,left,left
3184,True,True,True,2,2,"[3, 1]",,down down,down down
3187,True,True,True,5,5,"[1, 4]",,up right right right right,up right right right right
3188,True,True,True,1,1,"[1, 0]",,down,down
3189,True,True,True,4,4,"[2, 0]",,left left left down,left left left down
3190,True,True,True,3,3,"[3, 1]",,up left left,up left left
3191,True,True,True,5,5,"[0, 4]",,up up up up right,up up up up right
3192,True,True,True,7,7,"[4, 3]",,right right right down down down down,right right right down down down down
3193,True,True,True,1,1,"[2, 1]",,up,up
3194,True,True,True,2,2,"[2, 2]",,up up,up up
3195,True,True,True,3,3,"[0, 2]",,up right right,up right right
3196,True,True,True,5,5,"[0, 3]",,up up up up right,up up up up right
3197,True,True,True,3,3,"[0, 1]",,up left left,up left left
3198,True,True,True,4,4,"[0, 3]",,up up up left,up up up left
3200,True,True,True,2,2,"[3, 1]",,down down,down down
3201,True,True,True,3,3,"[2, 3]",,up up right,up up right
3202,True,True,True,4,4,"[2, 0]",,up up left left,up up left left
3203,True,True,True,1,1,"[3, 3]",,left,left
3205,True,True,True,3,3,"[1, 4]",,up up right,up up right
3206,True,True,True,1,1,"[0, 1]",,right,right
3207,True,True,True,3,3,"[3, 2]",,right right down,right right down
3208,True,True,True,4,4,"[2, 3]",,right right down down,right right down down
3209,True,True,True,4,4,"[1, 3]",,up up up right,up up up right
3210,True,True,True,3,3,"[1, 2]",,up up up,up up up
3211,True,True,True,1,1,"[3, 0]",,down,down
3212,True,True,True,2,2,"[3, 2]",,left left,left left
3213,True,True,True,2,2,"[4, 2]",,down down,down down
3214,True,True,True,2,2,"[2, 3]",,up left,up left
3215,True,True,True,7,7,"[3, 0]",,left down left down left left down,left down left down left left down
3216,False,False,False,4,4,"[0, 2]",obstacle,up left left down,up left left down
3217,True,True,True,3,3,"[2, 4]",,right right down,right right down
3218,True,True,True,2,2,"[1, 4]",,right down,right down
3219,True,True,True,4,4,"[0, 3]",,right up up right,right up up right
3220,True,True,True,5,5,"[1, 4]",,up right up right right,up right up right right
3221,True,True,True,5,5,"[4, 1]",,left left left down down,left left left down down
3222,True,True,True,1,1,"[4, 2]",,right,right
3223,True,True,True,1,1,"[2, 4]",,down,down
3224,True,True,True,4,4,"[1, 2]",,up up right up,up up right up
3225,True,True,True,2,2,"[2, 1]",,down left,down left
3226,True,True,True,2,2,"[3, 4]",,right right,right right
3227,True,True,True,3,3,"[4, 2]",,right down down,right down down
3228,True,True,True,6,6,"[4, 0]",,left down left left down down,left down left left down down
3229,True,True,True,5,5,"[4, 1]",,left down left down down,left down left down down
3230,True,True,True,2,2,"[4, 0]",,left down,left down
3231,True,True,True,5,5,"[0, 2]",,up up right up up,up up right up up
3232,True,True,True,5,5,"[3, 1]",,left left down left down,left left down left down
3233,True,True,True,1,1,"[2, 3]",,right,right
3234,True,True,True,4,4,"[3, 4]",,right down down down,right down down down
3235,True,True,True,4,4,"[1, 3]",,up up up left,up up up left
3236,True,True,True,3,3,"[2, 0]",,left left left,left left left
3237,True,True,True,3,3,"[2, 3]",,right right right,right right right
3238,True,True,True,1,1,"[1, 4]",,down,down
3239,True,True,True,4,4,"[3, 1]",,left left left down,left left left down
3240,True,True,True,5,5,"[1, 3]",,up up right right right,up up right right right
3241,True,True,True,4,4,"[2, 2]",,up up left left,up up left left
3242,True,True,True,5,5,"[2, 4]",,right right right down down,right right right down down
3243,True,True,True,2,2,"[2, 4]",,up right,up right
3244,True,True,True,4,4,"[4, 3]",,right down down down,right down down down
3245,True,True,True,4,4,"[1, 2]",,up up up left,up up up left
3246,True,True,True,3,3,"[1, 3]",,up up left,up up left
3247,False,False,False,6,8,"[3, 3]",obstacle,left up left left left down,left up left left left down
3248,True,True,True,1,1,"[0, 1]",,right,right
3249,True,True,True,3,3,"[2, 0]",,left down down,left down down
3250,True,True,True,1,1,"[3, 1]",,right,right
3251,True,True,True,2,2,"[4, 1]",,right down,right down
3252,True,True,True,2,2,"[2, 2]",,right right,right right
3253,True,True,True,6,6,"[4, 4]",,up right right right down down,up right right right down down
3254,True,True,True,3,3,"[1, 3]",,up right right,up right right
3255,True,True,True,2,2,"[0, 4]",,up up,up up
3256,True,True,True,5,5,"[4, 3]",,left down down down down,left down down down down
3257,True,True,True,2,2,"[0, 4]",,up right,up right
3258,True,True,True,2,2,"[2, 2]",,up right,up right
3259,True,True,True,1,1,"[0, 3]",,up,up
3260,True,True,True,2,2,"[2, 3]",,up left,up left
3261,True,True,True,3,3,"[3, 1]",,left left down,left left down
3262,True,True,True,3,3,"[4, 1]",,left down down,left down down
3263,True,True,True,4,4,"[2, 0]",,up left left left,up left left left
3264,True,True,True,3,3,"[1, 2]",,left left down,left left down
3265,True,True,True,5,5,"[2, 3]",,right right right down down,right right right down down
3266,True,True,True,6,6,"[0, 3]",,up up up up right right,up up up up right right
3267,True,True,True,2,2,"[2, 1]",,up right,up right
3268,True,True,True,3,3,"[2, 1]",,left left left,left left left
3269,True,True,True,2,2,"[3, 1]",,left down,left down
3270,True,True,True,3,3,"[1, 1]",,down left left,down left left
3271,True,True,True,8,8,"[4, 0]",,left down left left left down down down,left down left left left down down down
3272,True,True,True,5,5,"[2, 0]",,up left left left left,up left left left left
3273,True,True,True,4,4,"[4, 2]",,left down down right,left down down right
3274,True,True,True,4,4,"[3, 1]",,right down down down,right down down down
3275,True,True,True,5,5,"[3, 3]",,down right right down down,down right right down down
3276,True,True,True,2,2,"[3, 0]",,down down,down down
3277,True,True,True,7,7,"[1, 0]",,up up up left left left left,up up up left left left left
3278,True,True,True,2,2,"[3, 1]",,left down,left down
3279,True,True,True,2,2,"[3, 3]",,down down,down down
3280,True,True,True,5,5,"[0, 3]",,up up right right up,up up right right up
3281,True,True,True,6,6,"[4, 2]",,right down down down down right,right down down down down right
3282,True,True,True,2,2,"[2, 4]",,right down,right down
3283,True,True,True,5,5,"[0, 1]",,left down left left up,left down left left up
3284,True,True,True,3,3,"[3, 1]",,left down down,left down down
3285,True,True,True,5,5,"[1, 0]",,left up up up left,left up up up left
3286,True,True,True,6,6,"[4, 4]",,right right right right down down,right right right right down down
3287,True,True,True,1,1,"[4, 4]",,right,right
3288,True,True,True,4,4,"[2, 1]",,up up left left,up up left left
3289,True,True,True,3,3,"[1, 2]",,right down right,right down right
3290,True,True,True,4,4,"[1, 3]",,up up up left,up up up left
3291,True,True,True,4,4,"[1, 0]",,up left left left,up left left left
3292,True,True,True,3,3,"[4, 0]",,left down down,left down down
3293,True,True,True,4,4,"[4, 2]",,down down down left,down down down left
3294,True,True,True,1,1,"[1, 3]",,up,up
3295,True,True,True,4,4,"[2, 0]",,up left left left,up left left left
3296,True,True,True,4,4,"[1, 4]",,up up up right,up up up right
3297,True,True,True,3,3,"[1, 3]",,down right right,down right right
3298,True,True,True,5,5,"[3, 4]",,up right right right down,up right right right down
3299,True,True,True,5,5,"[3, 0]",,left left left down down,left left left down down
3300,True,True,True,3,3,"[3, 3]",,right right down,right right down
3301,True,True,True,4,4,"[1, 2]",,up up left left,up up left left
3302,True,True,True,4,4,"[3, 1]",,down right down down,down right down down
3303,True,True,True,3,3,"[2, 0]",,up left left,up left left
3304,True,True,True,1,1,"[2, 3]",,up,up
3305,True,True,True,1,1,"[1, 2]",,left,left
3306,True,True,True,2,2,"[2, 1]",,right down,right down
3307,True,True,True,1,1,"[2, 1]",,left,left
3308,True,True,True,5,5,"[0, 0]",,left left left left up,left left left left up
3309,True,True,True,2,2,"[2, 3]",,up left,up left
3310,True,True,True,3,3,"[1, 0]",,up left left,up left left
3311,True,True,True,6,6,"[4, 0]",,down left left down down down,down left left down down down
3312,True,True,True,2,2,"[2, 3]",,up up,up up
3313,True,True,True,5,5,"[0, 0]",,up up left left up,up up left left up
3314,True,True,True,1,1,"[2, 3]",,up,up
3315,True,True,True,2,2,"[1, 2]",,up right,up right
3316,True,True,True,4,4,"[4, 0]",,left left down down,left left down down
3317,True,True,True,2,2,"[4, 3]",,down down,down down
3318,True,True,True,1,1,"[3, 2]",,down,down
3319,True,True,True,2,2,"[3, 2]",,right down,right down
3320,True,True,True,4,4,"[4, 1]",,left left left down,left left left down
3321,True,True,True,2,2,"[2, 2]",,left left,left left
3322,True,True,True,2,2,"[3, 4]",,right down,right down
3323,True,True,True,3,3,"[3, 0]",,left left left,left left left
3324,True,True,True,5,5,"[3, 4]",,up right right right right,up right right right right
3325,True,True,True,3,3,"[3, 4]",,right right down,right right down
3326,True,True,True,1,1,"[2, 3]",,up,up
3327,True,True,True,4,4,"[0, 2]",,down right right up,down right right up
3328,True,True,True,3,3,"[2, 3]",,up up right,up up right
3329,True,True,True,5,5,"[1, 4]",,up up right right right,up up right right right
3330,True,True,True,6,6,"[2, 0]",,up up left left left left,up up left left left left
3331,True,True,True,2,2,"[2, 1]",,left left,left left
3332,True,True,True,4,4,"[2, 2]",,up up left left,up up left left
3333,True,True,True,5,5,"[2, 0]",,up left left left left,up left left left left
3334,True,True,True,2,2,"[2, 2]",,down right,down right
3335,True,True,True,1,1,"[4, 4]",,down,down
3336,True,True,True,4,4,"[2, 1]",,up left left left,up left left left
3337,True,True,True,7,7,"[1, 0]",,up up left left left left up,up up left left left left up
3338,True,True,True,4,4,"[4, 0]",,down down down down,down down down down
3339,True,True,True,4,4,"[0, 3]",,up up up left,up up up left
3340,True,True,True,2,2,"[2, 0]",,up left,up left
3341,True,True,True,4,4,"[2, 4]",,right right down down,right right down down
3342,True,True,True,5,5,"[2, 1]",,left left left down down,left left left down down
3343,True,True,True,5,5,"[2, 4]",,up up right right right,up up right right right
3344,True,True,True,2,2,"[1, 3]",,right down,right down
3345,True,True,True,4,4,"[1, 3]",,up up right up,up up right up
3346,True,True,True,4,4,"[0, 1]",,up up up up,up up up up
3347,True,True,True,4,4,"[3, 4]",,right right right down,right right right down
3348,True,True,True,2,2,"[2, 3]",,up right,up right
3349,True,True,True,4,4,"[1, 4]",,up right up right,up right up right
3350,True,True,True,4,4,"[2, 0]",,up up left left,up up left left
3351,True,True,True,2,2,"[2, 1]",,up left,up left
3352,True,True,True,4,4,"[1, 3]",,right right right up,right right right up
3353,True,True,True,4,4,"[4, 1]",,right down down down,right down down down
3354,True,True,True,2,2,"[1, 1]",,up right,up right
3355,True,True,True,6,6,"[0, 4]",,up up right right right right,up up right right right right
3356,True,True,True,6,6,"[0, 4]",,up up up right right right,up up up right right right
3357,True,True,True,3,3,"[1, 1]",,up up right,up up right
3358,True,True,True,4,4,"[1, 4]",,right right right down,right right right down
3359,True,True,True,3,3,"[1, 3]",,up right up,up right up
3360,True,True,True,3,3,"[4, 0]",,left left left,left left left
3361,True,True,True,2,2,"[1, 1]",,left left,left left
3362,True,True,True,3,3,"[0, 4]",,up up up,up up up
3363,True,True,True,1,1,"[2, 1]",,right,right
3364,True,True,True,3,3,"[1, 1]",,up up right,up up right
3365,True,True,True,4,4,"[2, 4]",,up up right right,up up right right
3366,True,True,True,4,4,"[2, 2]",,right right down down,right right down down
3367,True,True,True,5,5,"[1, 3]",,up up up right right,up up up right right
3368,True,True,True,3,3,"[4, 1]",,down down down,down down down
3369,True,True,True,4,4,"[0, 2]",,up up right right,up up right right
3370,True,True,True,1,1,"[0, 1]",,left,left
3371,True,True,True,4,4,"[0, 1]",,up up up up,up up up up
3372,True,True,True,1,1,"[0, 1]",,right,right
3373,True,True,True,3,3,"[2, 2]",,right down down,right down down
3374,True,True,True,3,3,"[2, 1]",,up up left,up up left
3375,True,True,True,3,3,"[1, 2]",,up left left,up left left
3376,True,True,True,1,1,"[0, 0]",,left,left
3377,True,True,True,2,2,"[2, 2]",,down down,down down
3378,True,True,True,5,5,"[3, 4]",,up right right right right,up right right right right
3379,True,True,True,3,3,"[2, 2]",,up left left,up left left
3380,True,True,True,1,1,"[2, 0]",,up,up
3381,True,True,True,3,3,"[1, 1]",,up left left,up left left
3382,True,True,True,6,6,"[4, 0]",,left left left down down down,left left left down down down
3383,True,True,True,1,1,"[1, 4]",,right,right
3384,True,True,True,2,2,"[1, 1]",,up left,up left
3385,True,True,True,7,7,"[4, 1]",,down left left left down down down,down left left left down down down
3386,True,True,True,3,3,"[4, 2]",,right right down,right right down
3387,True,True,True,2,2,"[1, 0]",,left left,left left
3388,True,True,True,5,5,"[0, 4]",,right right right right up,right right right right up
3389,True,True,True,5,5,"[1, 4]",,up up right right right,up up right right right
3390,True,True,True,5,5,"[3, 0]",,left left down down down,left left down down down
3391,True,True,True,2,2,"[4, 2]",,right down,right down
3392,True,True,True,5,5,"[3, 0]",,left down left left down,left down left left down
3393,True,True,True,4,4,"[1, 2]",,up left up up,up left up up
3394,True,True,True,5,5,"[0, 1]",,up left up up right,up left up up right
3395,True,True,True,6,6,"[2, 0]",,left left left left down down,left left left left down down
3396,True,True,True,5,5,"[2, 4]",,right right right right up,right right right right up
3397,True,True,True,4,4,"[0, 0]",,up left left left,up left left left
3398,True,True,True,1,1,"[1, 2]",,left,left
3399,True,True,True,2,2,"[0, 0]",,up up,up up
3400,True,True,True,3,3,"[0, 0]",,left up up,left up up
3401,False,False,False,6,6,"[1, 2]",obstacle,up left left left left down,up left left left left down
3402,True,True,True,5,5,"[3, 1]",,left down down left down,left down down left down
3403,True,True,True,4,4,"[2, 2]",,up left left down,up left left down
3404,True,True,True,4,4,"[2, 4]",,up right right down,up right right down
3405,True,True,True,3,3,"[4, 0]",,left left down,left left down
3406,True,True,True,4,4,"[4, 0]",,left left down down,left left down down
3407,True,True,True,3,3,"[1, 2]",,right right down,right right down
3408,False,False,False,6,6,"[1, 3]",obstacle,left down down left left down,left down down left left down
3409,True,True,True,1,1,"[2, 0]",,left,left
3410,True,True,True,2,2,"[2, 0]",,up left,up left
3411,True,True,True,4,4,"[0, 0]",,up left up up,up left up up
3412,True,True,True,3,3,"[3, 3]",,up right right,up right right
3413,True,True,True,1,1,"[4, 2]",,down,down
3414,False,False,False,6,6,"[2, 2]",obstacle,down right right right right down,down right right right right down
3415,True,True,True,4,4,"[0, 4]",,right right right right,right right right right
3416,True,True,True,2,2,"[4, 2]",,down down,down down
3417,True,True,True,5,5,"[1, 3]",,up up right up right,up up right up right
3418,True,True,True,4,4,"[4, 1]",,down left down down,down left down down
3419,True,True,True,7,7,"[4, 3]",,right right down down down right down,right right down down down right down
3420,True,True,True,3,3,"[4, 1]",,right down down,right down down
3421,True,True,True,3,3,"[3, 2]",,up left left,up left left
3422,True,True,True,4,4,"[1, 1]",,up left left left,up left left left
3423,True,True,True,6,6,"[0, 0]",,left up up up left left,left up up up left left
3424,True,True,True,4,4,"[2, 2]",,up up right right,up up right right
3425,True,True,True,4,4,"[2, 4]",,right right right up,right right right up
3426,True,True,True,4,4,"[4, 2]",,left down down down,left down down down
3427,True,True,True,2,2,"[4, 0]",,left left,left left
3428,True,True,True,4,4,"[3, 3]",,right right down right,right right down right
3429,True,True,True,4,4,"[0, 0]",,up left left left,up left left left
3430,True,True,True,6,6,"[4, 2]",,right right down down down down,right right down down down down
3431,True,True,True,4,4,"[3, 4]",,up right right right,up right right right
3432,True,True,True,1,1,"[4, 1]",,left,left
3433,True,True,True,3,3,"[4, 0]",,left down down,left down down
3434,True,True,True,4,4,"[2, 1]",,left left left down,left left left down
3435,True,True,True,1,1,"[3, 1]",,up,up
3436,True,True,True,1,1,"[1, 4]",,right,right
3437,True,True,True,3,3,"[3, 2]",,up left left,up left left
3438,True,True,True,3,3,"[3, 2]",,right right down,right right down
3439,True,True,True,1,1,"[3, 4]",,up,up
3440,True,True,True,4,4,"[3, 1]",,down left left left,down left left left
3441,True,True,True,6,6,"[2, 4]",,right right right right down down,right right right right down down
3442,True,True,True,4,4,"[3, 4]",,up right right right,up right right right
3443,True,True,True,2,2,"[4, 2]",,right down,right down
3444,True,True,True,4,4,"[0, 0]",,up left left left,up left left left
3445,True,True,True,4,4,"[3, 4]",,right right right right,right right right right
3446,True,True,True,3,3,"[0, 1]",,right up up,right up up
3447,True,True,True,5,5,"[0, 0]",,up up up left left,up up up left left
3448,True,True,True,4,4,"[3, 3]",,down down down left,down down down left
3449,True,True,True,5,5,"[4, 4]",,right right down down down,right right down down down
3450,True,True,True,3,3,"[4, 0]",,left down down,left down down
3451,True,True,True,1,1,"[2, 0]",,down,down
3452,True,True,True,3,3,"[2, 0]",,up left left,up left left
3453,True,True,True,1,1,"[1, 3]",,right,right
3454,True,True,True,6,6,"[3, 3]",,right right right down down down,right right right down down down
3455,True,True,True,1,1,"[3, 1]",,up,up
3456,True,True,True,5,5,"[4, 3]",,right right down down down,right right down down down
3457,True,True,True,5,5,"[1, 0]",,left left left left down,left left left left down
3458,True,True,True,3,3,"[0, 4]",,up right right,up right right
3459,True,True,True,5,5,"[0, 1]",,up up up left left,up up up left left
3460,True,True,True,2,2,"[1, 3]",,left up,left up
3461,True,True,True,8,8,"[4, 0]",,left left left left down down down down,left left left left down down down down
3462,True,True,True,3,3,"[3, 3]",,right down down,right down down
3463,True,True,True,4,4,"[1, 2]",,up up up left,up up up left
3464,True,True,True,1,1,"[1, 3]",,right,right
3465,True,True,True,1,1,"[3, 1]",,right,right
3466,True,True,True,3,3,"[1, 3]",,up up right,up up right
3467,True,True,True,4,4,"[2, 3]",,up up right right,up up right right
3468,True,True,True,3,3,"[3, 4]",,right right right,right right right
3469,True,True,True,2,2,"[3, 3]",,down down,down down
3470,True,True,True,1,1,"[0, 0]",,left,left
3471,True,True,True,7,7,"[4, 3]",,right right right down down down down,right right right down down down down
3472,True,True,True,1,1,"[3, 1]",,down,down
3473,True,True,True,7,7,"[4, 3]",,right right right down down down down,right right right down down down down
3474,True,True,True,3,3,"[3, 0]",,left left down,left left down
3475,True,True,True,2,2,"[1, 0]",,up up,up up
3476,True,True,True,1,1,"[0, 4]",,right,right
3477,True,True,True,2,2,"[3, 1]",,right down,right down
3478,True,True,True,1,1,"[3, 0]",,left,left
3479,True,True,True,4,4,"[2, 0]",,left left down down,left left down down
3480,True,True,True,4,4,"[2, 2]",,up up left left,up up left left
3481,True,True,True,3,3,"[3, 3]",,right right right,right right right
3482,True,True,True,4,4,"[4, 2]",,left down down down,left down down down
3483,True,True,True,5,5,"[4, 4]",,right down down down down,right down down down down
3484,True,True,True,3,3,"[0, 4]",,up right right,up right right
3485,True,True,True,2,2,"[4, 4]",,down down,down down
3486,True,True,True,2,2,"[4, 4]",,down down,down down
3487,True,True,True,7,7,"[4, 1]",,left left left down down down down,left left left down down down down
3488,True,True,True,3,3,"[4, 0]",,left left down,left left down
3489,True,True,True,2,2,"[2, 3]",,down down,down down
3490,True,True,True,6,6,"[3, 1]",,left left left down down down,left left left down down down
3491,True,True,True,5,5,"[4, 0]",,left down down left down,left down down left down
3492,True,True,True,1,1,"[0, 3]",,right,right
3493,True,True,True,6,6,"[4, 4]",,right right right down down down,right right right down down down
3494,True,True,True,1,1,"[1, 4]",,down,down
3495,True,True,True,4,4,"[1, 1]",,up right up up,up right up up
3496,True,True,True,5,5,"[0, 2]",,up up up up left,up up up up left
3497,True,True,True,3,3,"[0, 0]",,up left left,up left left
3498,True,True,True,5,5,"[3, 0]",,left left left down left,left left left down left
3499,True,True,True,4,4,"[3, 4]",,right right right right,right right right right
3500,True,True,True,1,1,"[2, 1]",,left,left
3501,True,True,True,2,2,"[0, 1]",,up up,up up
3502,True,True,True,4,4,"[3, 3]",,right down down down,right down down down
3503,True,True,True,4,4,"[3, 3]",,right down down down,right down down down
3504,True,True,True,3,3,"[1, 1]",,up up left,up up left
3505,True,True,True,1,1,"[3, 4]",,down,down
3506,True,True,True,2,2,"[2, 1]",,right up,right up
3507,True,True,True,4,4,"[3, 1]",,left down down down,left down down down
3508,True,True,True,3,3,"[0, 2]",,up up up,up up up
3509,True,True,True,6,6,"[1, 4]",,up up up right right right,up up up right right right
3510,True,True,True,4,4,"[1, 3]",,right up up up,right up up up
3511,True,True,True,5,5,"[2, 1]",,up up left left left,up up left left left
3512,True,True,True,6,6,"[2, 4]",,right right right right down down,right right right right down down
3513,True,True,True,7,7,"[4, 4]",,right right right right down down down,right right right right down down down
3514,True,True,True,5,5,"[1, 4]",,right up up up right,right up up up right
3515,True,True,True,4,4,"[1, 1]",,left left left down,left left left down
3516,True,True,True,4,4,"[2, 1]",,up up left left,up up left left
3517,True,True,True,3,3,"[0, 0]",,up left left,up left left
3518,True,True,True,3,3,"[2, 0]",,left left left,left left left
3519,True,True,True,3,3,"[0, 4]",,up right right,up right right
3520,True,True,True,4,4,"[1, 4]",,up right right right,up right right right
3521,True,True,True,2,2,"[4, 0]",,left down,left down
3522,True,True,True,4,4,"[0, 2]",,up up right right,up up right right
3523,False,False,False,4,6,"[4, 2]",obstacle,left up up left,left up up left
3524,True,True,True,5,5,"[3, 0]",,left left left left down,left left left left down
3525,True,True,True,5,5,"[1, 4]",,right up up up right,right up up up right
3526,True,True,True,6,6,"[0, 4]",,up up right right right right,up up right right right right
3527,True,True,True,7,7,"[1, 4]",,up up up right right right right,up up up right right right right
3528,True,True,True,2,2,"[2, 4]",,right down,right down
3529,True,True,True,2,2,"[4, 4]",,down down,down down
3530,True,True,True,4,4,"[3, 1]",,up left left down,up left left down
3531,True,True,True,2,2,"[3, 1]",,down down,down down
3532,True,True,True,3,3,"[1, 1]",,left left left,left left left
3533,True,True,True,3,3,"[0, 3]",,up up left,up up left
3534,True,True,True,1,1,"[2, 2]",,left,left
3535,True,True,True,6,6,"[0, 1]",,up up up left left left,up up up left left left
3536,True,True,True,5,5,"[3, 3]",,right right right down down,right right right down down
3537,True,True,True,2,2,"[3, 1]",,up right,up right
3538,True,True,True,1,1,"[0, 3]",,left,left
3539,False,False,False,5,5,"[4, 2]",obstacle,left up up up right,left up up up right
3540,True,True,True,5,5,"[3, 4]",,right right right right down,right right right right down
3541,True,True,True,4,4,"[3, 1]",,left left left down,left left left down
3542,True,True,True,2,2,"[0, 2]",,up right,up right
3543,True,True,True,3,3,"[0, 1]",,left left left,left left left
3544,True,True,True,3,3,"[3, 1]",,left down down,left down down
3545,True,True,True,3,3,"[2, 0]",,up left left,up left left
3546,True,True,True,2,2,"[0, 4]",,right right,right right
3547,True,True,True,4,4,"[1, 0]",,up up up left,up up up left
3548,True,True,True,6,6,"[4, 1]",,left left down down down down,left left down down down down
3549,True,True,True,4,4,"[2, 0]",,left left down down,left left down down
3550,True,True,True,1,1,"[2, 1]",,down,down
3551,True,True,True,3,3,"[4, 3]",,right down down,right down down
3552,True,True,True,4,4,"[0, 1]",,up left left left,up left left left
3553,True,True,True,5,5,"[2, 0]",,down left left left left,down left left left left
3554,True,True,True,3,3,"[2, 2]",,right right down,right right down
3555,True,True,True,5,5,"[2, 0]",,up left left left left,up left left left left
3556,True,True,True,5,5,"[0, 0]",,up up up left left,up up up left left
3557,True,True,True,2,2,"[2, 2]",,up right,up right
3558,True,True,True,5,5,"[1, 0]",,left left left left down,left left left left down
3559,True,True,True,1,1,"[3, 1]",,down,down
3560,True,True,True,1,1,"[0, 4]",,up,up
3561,True,True,True,5,5,"[0, 3]",,up up up right right,up up up right right
3562,True,True,True,3,3,"[1, 2]",,up left up,up left up
3563,True,True,True,1,1,"[0, 4]",,right,right
3564,True,True,True,6,6,"[1, 4]",,up right right right right up,up right right right right up
3565,True,True,True,6,6,"[1, 0]",,up up left up left left,up up left up left left
3566,True,True,True,2,2,"[4, 0]",,down down,down down
3567,True,True,True,3,3,"[2, 4]",,down right right,down right right
3568,True,True,True,5,5,"[0, 3]",,up up up right right,up up up right right
3569,True,True,True,3,3,"[3, 3]",,down right down,down right down
3570,True,True,True,4,4,"[0, 1]",,up up up up,up up up up
3571,True,True,True,3,3,"[1, 2]",,left left down,left left down
3572,True,True,True,4,4,"[3, 0]",,left left left left,left left left left
3573,True,True,True,2,2,"[0, 3]",,up up,up up
3574,True,True,True,2,2,"[2, 3]",,up up,up up
3575,True,True,True,2,2,"[1, 3]",,up left,up left
3576,True,True,True,2,2,"[1, 0]",,up up,up up
3577,True,True,True,3,3,"[1, 2]",,up right right,up right right
3578,True,True,True,5,5,"[1, 4]",,up right right right right,up right right right right
3579,True,True,True,2,2,"[1, 1]",,right down,right down
3580,True,True,True,7,7,"[0, 0]",,up up up left left left left,up up up left left left left
3581,True,True,True,2,2,"[4, 2]",,right down,right down
3582,True,True,True,2,2,"[2, 0]",,up left,up left
3583,True,True,True,3,3,"[3, 4]",,down down down,down down down
3584,True,True,True,3,3,"[1, 2]",,up up right,up up right
3585,True,True,True,1,1,"[3, 0]",,left,left
3586,True,True,True,2,2,"[3, 4]",,up right,up right
3587,True,True,True,5,5,"[4, 2]",,down down down right down,down down down right down
3588,True,True,True,3,3,"[4, 2]",,right right down,right right down
3589,True,True,True,4,4,"[2, 4]",,up right up right,up right up right
3590,True,True,True,4,4,"[3, 1]",,left down down down,left down down down
3591,True,True,True,3,3,"[3, 1]",,down left left,down left left
3592,True,True,True,7,7,"[0, 4]",,up up up up right right right,up up up up right right right
3593,True,True,True,4,4,"[2, 0]",,left left down down,left left down down
3594,True,True,True,3,3,"[4, 2]",,down left down,down left down
3595,True,True,True,2,2,"[0, 0]",,left left,left left
3596,True,True,True,4,4,"[2, 1]",,left left left down,left left left down
3597,True,True,True,5,5,"[2, 4]",,right right right right down,right right right right down
3598,True,True,True,6,6,"[0, 0]",,up left up up up left,up left up up up left
3599,True,True,True,3,3,"[4, 2]",,down right down,down right down
3600,True,True,True,4,4,"[2, 2]",,up right up right,up right up right
3601,True,True,True,4,4,"[4, 2]",,up left left down,up left left down
3602,True,True,True,4,4,"[3, 1]",,left left down down,left left down down
3603,True,True,True,2,2,"[1, 4]",,up right,up right
3604,True,True,True,2,2,"[4, 2]",,right down,right down
3605,True,True,True,5,5,"[3, 2]",,right right down down down,right right down down down
3606,True,True,True,3,3,"[3, 1]",,right down down,right down down
3607,True,True,True,5,5,"[0, 3]",,up up up up right,up up up up right
3608,True,True,True,4,4,"[1, 3]",,up up up left,up up up left
3609,True,True,True,2,2,"[1, 4]",,right right,right right
3610,True,True,True,4,4,"[1, 2]",,right up up right,right up up right
3611,True,True,True,2,2,"[3, 4]",,down down,down down
3612,True,True,True,5,5,"[0, 0]",,up up left left left,up up left left left
3613,True,True,True,5,5,"[3, 4]",,right right down down down,right right down down down
3614,True,True,True,3,3,"[0, 1]",,up up left,up up left
3615,True,True,True,4,4,"[3, 1]",,left down down down,left down down down
3616,True,True,True,5,5,"[0, 2]",,up up up up right,up up up up right
3617,True,True,True,4,4,"[3, 4]",,right right down down,right right down down
3618,True,True,True,4,4,"[1, 3]",,right right right down,right right right down
3619,True,True,True,4,4,"[3, 2]",,left down down down,left down down down
3620,True,True,True,3,3,"[2, 1]",,up up left,up up left
3621,True,True,True,5,5,"[4, 1]",,left left down down down,left left down down down
3622,True,True,True,3,3,"[1, 1]",,right up up,right up up
3623,True,True,True,5,5,"[0, 1]",,up up up left left,up up up left left
3624,True,True,True,2,2,"[1, 0]",,left left,left left
3625,True,True,True,1,1,"[1, 4]",,right,right
3626,True,True,True,3,3,"[3, 0]",,left down left,left down left
3627,True,True,True,4,4,"[1, 4]",,right right right down,right right right down
3628,True,True,True,4,4,"[2, 4]",,up right right right,up right right right
3629,True,True,True,2,2,"[1, 1]",,up left,up left
3630,True,True,True,5,5,"[2, 0]",,left left left down down,left left left down down
3631,True,True,True,5,5,"[3, 1]",,left left down down left,left left down down left
3632,True,True,True,6,6,"[0, 3]",,up right up up up right,up right up up up right
3633,True,True,True,1,1,"[3, 2]",,down,down
3634,True,True,True,2,2,"[2, 3]",,right down,right down
3635,True,True,True,3,3,"[4, 2]",,right right down,right right down
3636,True,True,True,2,2,"[2, 2]",,right up,right up
3637,True,True,True,2,2,"[1, 0]",,left left,left left
3638,True,True,True,4,4,"[3, 2]",,right down down down,right down down down
3639,True,True,True,1,1,"[3, 1]",,up,up
3640,True,True,True,5,5,"[1, 4]",,right right right right down,right right right right down
3641,True,True,True,8,8,"[4, 4]",,right right right right down down down down,right right right right down down down down
3642,True,True,True,4,4,"[3, 2]",,left left down down,left left down down
3643,True,True,True,1,1,"[2, 3]",,left,left
3644,True,True,True,4,4,"[3, 1]",,down down down left,down down down left
3645,True,True,True,1,1,"[4, 0]",,left,left
3646,True,True,True,4,4,"[2, 3]",,right right right down,right right right down
3647,True,True,True,4,4,"[3, 4]",,right down down down,right down down down
3648,True,True,True,5,5,"[4, 4]",,right down down down down,right down down down down
3649,True,True,True,2,2,"[0, 0]",,up up,up up
3650,True,True,True,2,2,"[4, 1]",,left down,left down
3651,True,True,True,3,3,"[1, 1]",,up up left,up up left
3652,True,True,True,2,2,"[3, 1]",,up left,up left
3653,True,True,True,4,4,"[0, 0]",,left left left left,left left left left
3654,True,True,True,6,6,"[4, 0]",,left left left down down down,left left left down down down
3655,True,True,True,5,5,"[0, 2]",,up up up right right,up up up right right
3656,True,True,True,3,3,"[2, 4]",,right right down,right right down
3657,True,True,True,4,4,"[4, 1]",,down left left left,down left left left
3658,True,True,True,4,4,"[0, 0]",,left up up up,left up up up
3659,True,True,True,1,1,"[0, 3]",,right,right
3660,True,True,True,4,4,"[1, 3]",,up up up left,up up up left
3661,True,True,True,2,2,"[4, 2]",,left left,left left
3662,True,True,True,5,5,"[2, 3]",,right up up right right,right up up right right
3663,True,True,True,4,4,"[4, 2]",,right down down down,right down down down
3664,True,True,True,3,3,"[4, 3]",,down down left,down down left
3665,True,True,True,2,2,"[0, 1]",,up up,up up
3666,True,True,True,5,5,"[1, 0]",,left left left left down,left left left left down
3667,True,True,True,1,1,"[3, 1]",,down,down
3668,True,True,True,3,3,"[3, 1]",,down down down,down down down
3669,True,True,True,3,3,"[2, 4]",,right right right,right right right
3670,True,True,True,1,1,"[2, 1]",,down,down
3671,True,True,True,2,2,"[2, 0]",,left down,left down
3672,True,True,True,2,2,"[2, 1]",,left left,left left
3673,True,True,True,5,5,"[0, 3]",,up up up up left,up up up up left
3674,True,True,True,4,4,"[0, 0]",,up up left left,up up left left
3675,True,True,True,4,4,"[1, 4]",,right right right right,right right right right
3676,True,True,True,3,3,"[0, 1]",,up up right,up up right
3677,True,True,True,4,4,"[2, 3]",,up up right right,up up right right
3678,True,True,True,5,5,"[1, 3]",,up up up right right,up up up right right
3679,True,True,True,3,3,"[4, 0]",,left down left,left down left
3680,True,True,True,3,3,"[0, 2]",,up up up,up up up
3681,True,True,True,3,3,"[1, 3]",,up right right,up right right
3682,True,True,True,4,4,"[0, 2]",,up up right right,up up right right
3683,True,True,True,2,2,"[2, 4]",,right down,right down
3684,True,True,True,5,5,"[4, 0]",,left left down down left,left left down down left
3685,True,True,True,3,3,"[4, 0]",,left down left,left down left
3686,True,True,True,5,5,"[0, 0]",,up left left left left,up left left left left
3687,True,True,True,4,4,"[2, 1]",,left left left down,left left left down
3688,True,True,True,7,7,"[4, 4]",,right right right right down down down,right right right right down down down
3689,True,True,True,5,5,"[3, 1]",,left left down down down,left left down down down
3690,True,True,True,3,3,"[2, 3]",,right right down,right right down
3691,True,True,True,1,1,"[3, 1]",,down,down
3692,True,True,True,2,2,"[4, 4]",,right right,right right
3693,True,True,True,4,4,"[0, 0]",,up left left left,up left left left
3694,True,True,True,2,2,"[2, 2]",,left down,left down
3695,True,True,True,2,2,"[2, 3]",,up up,up up
3696,True,True,True,2,2,"[1, 2]",,left down,left down
3697,True,True,True,4,4,"[3, 1]",,left left left down,left left left down
3698,True,True,True,3,3,"[2, 1]",,right up up,right up up
3699,True,True,True,1,1,"[4, 1]",,left,left
3700,True,True,True,3,3,"[4, 1]",,left left left,left left left
3701,True,True,True,4,4,"[0, 2]",,up up up up,up up up up
3702,True,True,True,6,6,"[3, 4]",,right right down right down down,right right down right down down
3703,True,True,True,2,2,"[4, 4]",,right down,right down
3704,True,True,True,2,2,"[3, 3]",,up left,up left
3705,True,True,True,6,6,"[0, 0]",,right up up up up left,right up up up up left
3706,True,True,True,1,1,"[0, 1]",,right,right
3707,True,True,True,4,4,"[2, 2]",,up up left left,up up left left
3708,True,True,True,7,7,"[0, 3]",,right up up up up right right,right up up up up right right
3709,True,True,True,8,8,"[0, 0]",,up up up left up left left left,up up up left up left left left
3710,True,True,True,1,1,"[0, 0]",,up,up
3711,True,True,True,8,8,"[4, 4]",,right right right down right down down down,right right right down right down down down
3712,True,True,True,3,3,"[3, 3]",,up right right,up right right
3713,True,True,True,7,7,"[0, 1]",,up up up left up left left,up up up left up left left
3714,True,True,True,3,3,"[3, 3]",,up right right,up right right
3715,True,True,True,4,4,"[1, 2]",,up up up right,up up up right
3716,True,True,True,1,1,"[0, 1]",,left,left
3717,True,True,True,5,5,"[0, 3]",,up up right right right,up up right right right
3718,True,True,True,2,2,"[1, 1]",,up left,up left
3719,True,True,True,3,3,"[2, 2]",,up up left,up up left
3720,True,True,True,2,2,"[3, 3]",,up right,up right
3721,True,True,True,2,2,"[1, 3]",,up up,up up
3722,True,True,True,4,4,"[1, 3]",,up up up right,up up up right
3723,True,True,True,1,1,"[2, 4]",,up,up
3724,True,True,True,5,5,"[4, 2]",,left down down down down,left down down down down
3725,True,True,True,5,5,"[0, 1]",,up left up up right,up left up up right
3726,True,True,True,3,3,"[1, 2]",,up left left,up left left
3727,True,True,True,6,6,"[0, 1]",,up up left up left left,up up left up left left
3728,True,True,True,2,2,"[2, 2]",,up right,up right
3729,True,True,True,6,6,"[4, 0]",,left left down down down down,left left down down down down
3730,True,True,True,1,1,"[1, 4]",,right,right
3731,True,True,True,3,3,"[3, 1]",,down left down,down left down
3732,True,True,True,4,4,"[1, 0]",,up left left up,up left left up
3733,True,True,True,5,5,"[1, 0]",,up left left left up,up left left left up
3734,True,True,True,2,2,"[3, 4]",,right down,right down
3735,True,True,True,4,4,"[0, 0]",,up left up up,up left up up
3736,True,True,True,5,5,"[1, 0]",,left left left left up,left left left left up
3737,True,True,True,3,3,"[0, 1]",,up up right,up up right
3738,True,True,True,4,4,"[2, 0]",,up up left left,up up left left
3739,True,True,True,2,2,"[4, 1]",,down down,down down
3740,True,True,True,3,3,"[0, 3]",,up left up,up left up
3741,True,True,True,3,3,"[3, 0]",,up left left,up left left
3742,False,False,False,6,6,"[0, 3]",obstacle,up right right right right down,up right right right right down
3743,True,True,True,7,7,"[4, 4]",,right right down right down down down,right right down right down down down
3744,True,True,True,1,1,"[3, 2]",,right,right
3745,True,True,True,3,3,"[4, 0]",,left left left,left left left
3746,True,True,True,1,1,"[3, 0]",,down,down
3747,True,True,True,5,5,"[2, 0]",,up up left left left,up up left left left
3748,True,True,True,2,2,"[4, 2]",,right down,right down
3749,True,True,True,3,3,"[3, 2]",,up right right,up right right
