idx,success,feasible,optimal,action_count,optimal_length,end,error,actions,prediction
0,False,False,False,6,6,"[1, 1]",obstacle,left down down down left down,left down down down left down 
1,True,True,True,6,6,"[2, 5]",,up right up right right down,up right up right right down 
2,False,False,False,4,5,"[0, 0]",out_of_bounds,left up left left,left up left left 
3,False,False,False,6,5,"[1, 1]",obstacle,left down down down left down,left down down down left down 
4,False,False,False,5,14,"[5, 3]",obstacle,up up up left left,up up up left left 
5,False,False,False,6,8,"[3, 5]",obstacle,down left left up left left,down left left up left left 
6,False,False,False,4,5,"[0, 5]",out_of_bounds,up left left left,up left left left 
7,False,True,False,8,10,"[4, 1]",,left left left down down down left down,left left left down down down left down 
8,False,False,False,6,7,"[3, 1]",obstacle,up right up right right right,up right up right right right 
9,False,False,False,3,5,"[3, 1]",obstacle,up up up,up up up 
10,False,False,False,7,6,"[0, 5]",out_of_bounds,right down down right down down left,right down down right down down left 
11,False,False,False,5,4,"[0, 5]",out_of_bounds,up up left left left,up up left left left 
12,False,False,False,5,1,"[0, 5]",out_of_bounds,up right right down down,up right right down down 
13,False,False,False,5,2,"[2, 0]",out_of_bounds,up up left left left,up up left left left 
14,False,False,False,8,12,"[5, 3]",obstacle,up up up up left left up left,up up up up left left up left 
15,False,False,False,5,3,"[0, 5]",out_of_bounds,up up up right right,up up up right right 
16,False,False,False,5,2,"[5, 5]",out_of_bounds,down down right right down,down down right right down 
17,True,True,True,4,4,"[0, 4]",,up up up right,up up up right 
18,False,True,False,3,2,"[0, 1]",,up left left,up left left 
19,False,False,False,6,8,"[5, 3]",obstacle,left up up up left up,left up up up left up 
20,False,False,False,4,6,"[2, 5]",obstacle,up up left left,up up left left 
21,False,True,False,3,2,"[0, 1]",,up up left,up up left 
22,False,False,False,5,4,"[0, 5]",out_of_bounds,right right down down down,right right down down down 
23,False,False,False,6,8,"[3, 5]",obstacle,down left left up left left,down left left up left left 
24,False,False,False,7,12,"[5, 1]",obstacle,right right up up up right right,right right up up up right right 
25,False,False,False,7,10,"[3, 3]",obstacle,right right down down right right down,right right down down right right down 
26,False,False,False,5,2,"[0, 5]",out_of_bounds,up up up right right,up up up right right 
27,False,False,False,3,3,"[0, 4]",out_of_bounds,up up left,up up left 
28,False,False,False,6,6,"[3, 1]",obstacle,up up up up right right,up up up up right right 
29,False,False,False,4,5,"[2, 5]",obstacle,up left left left,up left left left 
30,True,True,True,4,4,"[5, 3]",,down right down down,down right down down 
31,False,False,False,10,9,"[3, 0]",out_of_bounds,up up left right right right up right down down,up up left right right right up right down down 
32,False,False,False,7,6,"[0, 4]",obstacle,up up right right right down right,up up right right right down right 
33,False,False,False,2,10,"[0, 5]",out_of_bounds,up right,up right 
34,True,True,False,8,4,"[1, 2]",,up up right right up right left down,up up right right up right left down 
35,False,False,False,6,6,"[2, 4]",obstacle,up left up left left down,up left up left left down 
36,False,False,False,8,7,"[0, 4]",out_of_bounds,up left up left left left down left,up left up left left left down left 
37,False,False,False,4,8,"[0, 4]",obstacle,down down down down,down down down down 
38,False,True,False,7,7,"[0, 1]",,up up left up up up left,up up left up up up left 
39,False,False,False,9,11,"[2, 0]",out_of_bounds,up up up left right right right up right,up up up left right right right up right 
40,False,False,False,8,6,"[3, 0]",out_of_bounds,left down down left down down up left,left down down left down down up left 
41,True,True,False,8,6,"[5, 5]",,right right right down right up down down,right right right down right up down down 
42,False,False,False,8,6,"[0, 2]",out_of_bounds,up right right up right right down down,up right right up right right down down 
43,True,True,True,2,2,"[0, 1]",,up up,up up 
44,False,True,False,5,4,"[3, 1]",,left down down down right,left down down down right 
45,False,False,False,10,7,"[2, 4]",obstacle,up left up left left left down left down down,up left up left left left down left down down 
46,False,False,False,7,8,"[0, 3]",obstacle,left down down left down down down,left down down left down down down 
47,False,False,False,7,1,"[2, 0]",out_of_bounds,up left up left left left down,up left up left left left down 
48,False,False,False,5,4,"[3, 5]",obstacle,up up left down down,up up left down down 
49,False,False,False,7,4,"[0, 0]",out_of_bounds,up right right left left down down,up right right left left down down 
50,False,False,False,7,6,"[4, 0]",obstacle,right right down right right down down,right right down right right down down 
51,False,False,False,4,9,"[1, 5]",obstacle,down down left down,down down left down 
52,False,False,False,6,5,"[0, 2]",out_of_bounds,up right up right right down,up right up right right down 
53,False,False,False,4,4,"[0, 4]",out_of_bounds,up left left left,up left left left 
54,False,True,False,6,2,"[2, 0]",,up right up left left down,up right up left left down 
55,False,False,False,5,3,"[2, 0]",out_of_bounds,left left up left left,left left up left left 
56,False,False,False,7,3,"[3, 0]",out_of_bounds,down left left up left left down,down left left up left left down 
57,False,False,False,7,6,"[3, 1]",obstacle,down down right right right up right,down down right right right up right 
58,False,False,False,8,8,"[0, 4]",out_of_bounds,up left up left left left down left,up left up left left left down left 
59,False,False,False,8,12,"[1, 5]",obstacle,left down left down down left left down,left down left down down left left down 
60,True,True,True,3,3,"[1, 4]",,right right down,right right down 
61,False,False,False,5,4,"[0, 1]",obstacle,up up left left left,up up left left left 
62,False,False,False,8,6,"[4, 0]",obstacle,right right down down down right down right,right right down down down right down right 
63,False,False,False,4,4,"[0, 4]",out_of_bounds,up up up left,up up up left 
64,False,False,False,3,2,"[0, 4]",out_of_bounds,up up right,up up right 
65,False,False,False,6,5,"[0, 4]",out_of_bounds,up up up left down down,up up up left down down 
66,False,False,False,4,5,"[0, 3]",out_of_bounds,up up up down,up up up down 
67,False,False,False,6,1,"[5, 2]",out_of_bounds,right down down up left left,right down down up left left 
68,False,False,False,8,6,"[4, 0]",obstacle,down down down left left up up left,down down down left left up up left 
69,False,False,False,5,2,"[4, 3]",obstacle,up up up up left,up up up up left 
70,False,False,False,5,4,"[1, 0]",obstacle,up up up right right,up up up right right 
71,True,True,True,4,4,"[0, 1]",,up up up left,up up up left 
72,False,False,False,6,4,"[2, 5]",obstacle,up up up left left left,up up up left left left 
73,False,False,False,7,6,"[4, 2]",obstacle,left down down down left down left,left down down down left down left 
74,True,True,True,6,6,"[2, 5]",,up up up right right right,up up up right right right 
75,False,False,False,6,3,"[5, 2]",out_of_bounds,left left down down down left,left left down down down left 
76,False,False,False,4,2,"[2, 1]",obstacle,up up up right,up up up right 
77,False,True,False,4,3,"[1, 3]",,up up up right,up up up right 
78,False,False,False,6,4,"[0, 5]",obstacle,right down down down right down,right down down down right down 
79,False,False,False,8,6,"[1, 0]",obstacle,up up up right right right down right,up up up right right right down right 
80,True,True,True,4,4,"[0, 4]",,up up right right,up up right right 
81,False,False,False,7,6,"[4, 3]",obstacle,up up up up left right left,up up up up left right left 
82,False,True,False,8,5,"[0, 2]",,up up up up left right left left,up up up up left right left left 
83,False,False,False,6,5,"[1, 2]",obstacle,up left left left up left,up left left left up left 
84,True,True,True,4,4,"[0, 5]",,up up up right,up up up right 
85,False,False,False,6,5,"[2, 1]",obstacle,left left down down left down,left left down down left down 
86,False,False,False,5,5,"[1, 4]",obstacle,up up up up right,up up up up right 
87,False,True,False,4,3,"[0, 1]",,up up up left,up up up left 
88,False,False,False,6,4,"[0, 3]",out_of_bounds,left left up up down right,left left up up down right 
89,False,False,False,7,5,"[5, 2]",out_of_bounds,down down down down left left up,down down down down left left up 
90,False,False,False,5,2,"[1, 4]",obstacle,up up up left left,up up up left left 
91,False,False,False,7,4,"[0, 3]",obstacle,up right right up up up right,up right right up up up right 
92,False,False,False,7,4,"[3, 0]",out_of_bounds,up left left up up up left,up left left up up up left 
93,False,False,False,2,1,"[1, 4]",obstacle,up up,up up 
94,True,True,True,3,3,"[1, 0]",,left left down,left left down 
95,False,False,False,6,4,"[1, 2]",obstacle,left down down down right down,left down down down right down 
96,False,False,False,5,4,"[3, 2]",obstacle,down down down left down,down down down left down 
97,False,False,False,7,6,"[0, 5]",out_of_bounds,up up up up left left left,up up up up left left left 
98,False,False,False,8,7,"[3, 2]",obstacle,up right up up up right right right,up right up up up right right right 
99,True,True,True,5,5,"[1, 5]",,up up up right right,up up up right right 
100,False,False,False,7,5,"[3, 0]",out_of_bounds,left down down down left left down,left down down down left left down 
101,False,False,False,7,2,"[0, 0]",out_of_bounds,up left left up up up right,up left left up up up right 
102,False,True,False,5,4,"[2, 4]",,right up up up right,right up up up right 
103,False,False,False,6,4,"[4, 3]",obstacle,left left left down up up,left left left down up up 
104,False,False,False,8,8,"[1, 2]",obstacle,left left left down down down left down,left left left down down down left down 
105,False,True,False,4,3,"[4, 1]",,left left left down,left left left down 
106,False,False,False,7,7,"[1, 2]",obstacle,left down down down left down down,left down down down left down down 
107,False,False,False,7,2,"[1, 0]",out_of_bounds,left left left left down down down,left left left left down down down 
108,False,False,False,6,5,"[0, 1]",obstacle,right down down down right down,right down down down right down 
109,False,False,False,7,6,"[1, 2]",obstacle,left down down down left left down,left down down down left left down 
110,False,False,False,7,7,"[5, 2]",obstacle,up left up left up up up,up left up left up up up 
111,False,False,False,7,5,"[2, 1]",obstacle,left left left left up up left,left left left left up up left 
112,False,False,False,9,9,"[0, 5]",obstacle,left left down down down left left left down,left left down down down left left left down 
113,False,False,False,6,4,"[2, 1]",obstacle,left left left left up up,left left left left up up 
114,False,False,False,3,2,"[1, 4]",obstacle,up up left,up up left 
115,False,False,False,5,2,"[0, 3]",out_of_bounds,right up up up right,right up up up right 
116,True,True,True,4,4,"[1, 2]",,up left left left,up left left left 
117,False,False,False,7,7,"[2, 3]",obstacle,left left left down down left left,left left left down down left left 
118,False,False,False,5,4,"[0, 0]",out_of_bounds,up up up right right,up up up right right 
119,False,False,False,9,8,"[0, 5]",obstacle,up up up up left left left left left,up up up up left left leftleft left 
120,True,True,True,3,3,"[5, 2]",,left down down,left down down 
121,False,False,False,7,3,"[2, 4]",obstacle,right right down down left down down,right right down down left down down 
122,False,False,False,5,2,"[3, 2]",obstacle,left up up left left,left up up left left 
123,False,False,False,6,1,"[0, 1]",out_of_bounds,left up up left down down,left up up left down down 
124,True,True,True,2,2,"[2, 4]",,up left,up left 
125,False,False,False,8,7,"[0, 5]",out_of_bounds,up up left left left up left down,up up left left left up left down 
126,False,False,False,8,5,"[0, 0]",out_of_bounds,up up up right right right up right,up up up right right right up right 
127,False,False,False,7,5,"[1, 5]",out_of_bounds,right right down down down left down,right right down down down left down 
128,False,True,False,8,7,"[4, 1]",,left down left down down left left down,left down left down down left left down 
129,False,False,False,8,3,"[0, 0]",out_of_bounds,up up up left left left up left,up up up left left left up left 
130,False,True,False,1,1,"[1, 3]",,up,up 
131,True,True,True,3,3,"[0, 2]",,up up right,up up right 
132,False,False,False,6,3,"[0, 2]",out_of_bounds,up up up right right up,up up up right right up 
133,False,False,False,4,5,"[4, 5]",obstacle,up left left left,up left left left 
134,False,False,False,8,4,"[0, 5]",out_of_bounds,up up up left up left left down,up up up left up left left down 
135,False,False,False,7,5,"[5, 4]",obstacle,right up up left left left up,right up up left left left up 
136,False,False,False,7,3,"[2, 4]",obstacle,right right down down left down down,right right down down left down down 
137,False,True,False,8,7,"[4, 1]",,left down left down down left left down,left down left down down left left down 
138,False,False,False,7,7,"[1, 2]",obstacle,up up left left left down left,up up left left left down left 
139,True,True,True,3,3,"[0, 2]",,up up right,up up right 
140,True,True,True,3,3,"[2, 1]",,right down down,right down down 
141,False,True,False,6,4,"[3, 0]",,up left left left down down,up left left left down down 
142,False,True,False,8,7,"[2, 5]",,up up up right right right down right,up up up right right right down right 
143,False,True,False,5,4,"[2, 0]",,up up left left up,up up left left up 
144,False,False,False,6,3,"[0, 1]",out_of_bounds,up up up left left left,up up up left left left 
145,False,False,False,6,6,"[1, 2]",obstacle,left down left left down down,left down left left down down 
146,False,False,False,6,5,"[3, 2]",obstacle,up left left up up right,up left left up up right 
147,False,False,False,7,5,"[1, 5]",out_of_bounds,right down right right down down down,right down right right down down down 
148,False,False,False,7,3,"[0, 4]",out_of_bounds,up up up left left up left,up up up left left up left 
149,False,False,False,4,4,"[0, 4]",out_of_bounds,up up left up,up up left up 
150,False,True,False,6,3,"[0, 1]",,left up up left left left,left up up left left left 
151,False,False,False,8,3,"[0, 3]",out_of_bounds,up up up up left left up left,up up up up left left up left 
152,False,False,False,4,2,"[0, 0]",out_of_bounds,up up up right,up up up right 
153,False,False,False,6,5,"[0, 3]",out_of_bounds,left left up up up left,left left up up up left 
154,False,True,False,4,3,"[2, 0]",,up left left left,up left left left 
155,False,False,False,6,2,"[3, 4]",obstacle,up right right down down left,up right right down down left 
156,False,False,False,8,4,"[0, 2]",out_of_bounds,up up up up right right up right,up up up up right right up right 
157,False,True,False,5,4,"[0, 1]",,up up left left left,up up left left left 
158,False,False,False,7,2,"[0, 0]",out_of_bounds,up up up up right up right,up up up up right up right 
160,False,False,False,0,6,"[5, 3]",invalid_action,,Goal not reachable
162,False,False,False,9,6,"[0, 3]",out_of_bounds,left up up left left left down down down,left up up left left left down down down 
163,True,True,True,3,3,"[0, 3]",,up up left,up up left 
164,False,False,False,5,2,"[0, 2]",out_of_bounds,up up up up left,up up up up left 
165,False,True,False,4,3,"[1, 3]",,up up up right,up up up right 
166,True,True,True,4,4,"[0, 4]",,up up right right,up up right right 
167,True,True,True,4,4,"[5, 2]",,left down down down,left down down down 
168,False,False,False,7,6,"[4, 0]",out_of_bounds,left left down down down left down,left left down down down left down 
169,False,False,False,6,2,"[3, 3]",obstacle,up right right down down left,up right right down down left 
170,False,False,False,8,4,"[0, 5]",out_of_bounds,up up up up left left up left,up up up up left left up left 
171,True,True,True,4,4,"[5, 2]",,left down down down,left down down down 
172,False,False,False,7,2,"[0, 4]",out_of_bounds,left up up up left left left,left up up up left left left 
173,False,False,False,5,1,"[0, 3]",out_of_bounds,up up left up left,up up left up left 
174,True,True,True,5,5,"[4, 0]",,left left down down down,left left down down down 
175,False,True,False,6,5,"[1, 4]",,up up up right right right,up up up right right right 
177,False,True,False,6,5,"[4, 1]",,left left left down down down,left left left down down down 
178,False,True,False,2,2,"[1, 2]",,up left,up left 
179,False,False,False,6,1,"[0, 4]",out_of_bounds,up up left up right right,up up left up right right 
180,False,False,False,7,5,"[3, 5]",obstacle,down down left left up up left,down down left left up up left 
181,False,False,False,6,6,"[1, 3]",obstacle,right right right down down down,right right right down down down 
182,False,False,False,4,4,"[3, 3]",obstacle,up up right right,up up right right 
183,False,True,False,6,6,"[2, 0]",,up left left left down down,up left left left down down 
184,False,False,False,6,8,"[3, 5]",obstacle,left left up left left left,left left up left left left 
185,False,False,False,4,6,"[2, 5]",out_of_bounds,right up up right,right up up right 
186,False,False,False,6,4,"[3, 3]",obstacle,up left left left down down,up left left left down down 
187,False,False,False,3,2,"[0, 1]",out_of_bounds,up up right,up up right 
188,False,False,False,7,9,"[0, 5]",out_of_bounds,right right down down down left left,right right down down down left left 
189,False,True,False,6,4,"[2, 0]",,down left left up up left,down left left up up left 
190,False,True,False,4,4,"[0, 2]",,up up up right,up up up right 
191,False,False,False,2,1,"[0, 5]",out_of_bounds,up up,up up 
192,False,False,False,6,8,"[2, 5]",out_of_bounds,right up up up right right,right up up up right right 
193,False,False,False,8,5,"[3, 1]",obstacle,left left up left left left down down,left left up left left left down down 
194,False,True,False,7,6,"[0, 2]",,up up up up left left left,up up up up left left left 
195,False,True,False,4,3,"[0, 4]",,up up right right,up up right right 
196,False,True,False,8,8,"[0, 2]",,up up up left left left right left,up up up left left left right left 
197,False,False,False,3,2,"[0, 1]",out_of_bounds,up up right,up up right 
198,False,False,False,8,2,"[2, 5]",obstacle,down left left up up left left left,down left left up up left left left 
199,False,False,False,7,10,"[1, 3]",obstacle,right right right down down down right,right right right down down down right 
200,False,False,False,6,10,"[2, 5]",obstacle,up up up left left left,up up up left left left 
201,False,False,False,6,6,"[2, 5]",out_of_bounds,up up up right right right,up up up right right right 
202,True,True,True,3,3,"[2, 5]",,up up up,up up up 
203,False,False,False,6,3,"[2, 2]",obstacle,right up up right right down,right up up right right down 
204,True,True,True,5,5,"[3, 5]",,right right right right up,right right right right up 
205,False,False,False,6,4,"[1, 5]",obstacle,up up left left left down,up up left left left down 
206,True,True,True,1,1,"[3, 3]",,up,up 
207,False,False,False,8,6,"[0, 5]",out_of_bounds,right right right down down down right down,right right right down down down right down 
208,True,True,True,5,5,"[3, 5]",,right right down down down,right right down down down 
209,False,False,False,6,6,"[1, 3]",obstacle,right right down down right down,right right down down right down 
210,False,False,False,4,6,"[4, 0]",obstacle,up up up up,up up up up 
211,False,False,False,7,7,"[2, 2]",obstacle,up left left left up left left,up left left left up left left 
212,False,True,False,3,3,"[2, 3]",,up left right,up left right 
213,False,False,False,5,6,"[2, 5]",obstacle,up up right right right,up up right right right 
214,False,False,False,6,5,"[0, 5]",out_of_bounds,up up up right right right,up up up right right right 
215,False,False,False,4,2,"[1, 3]",obstacle,right right up right,right right up right 
216,False,False,False,6,5,"[4, 3]",obstacle,right up right up right right,right up right up right right 
217,False,False,False,8,4,"[2, 5]",out_of_bounds,right right right up right down down left,right right right up right down down left 
218,False,False,False,7,7,"[3, 1]",obstacle,left left left down left down down,left left left down left down down 
219,False,False,False,5,2,"[2, 4]",obstacle,up right up right right,up right up right right 
220,False,False,False,8,7,"[3, 2]",obstacle,up left left left down down left down,up left left left down down left down 
221,False,False,False,6,5,"[4, 0]",obstacle,up right right right up right,up right right right up right 
222,False,False,False,5,4,"[0, 3]",out_of_bounds,up up left left left,up up left left left 
223,False,False,False,5,1,"[2, 5]",out_of_bounds,right right up right right,right right up right right 
224,False,False,False,8,5,"[2, 5]",obstacle,up up up right right right down right,up up up right right right down right 
225,False,False,False,6,3,"[0, 3]",out_of_bounds,up up right right right up,up up right right right up 
226,False,True,False,6,5,"[2, 5]",,right down right right up right,right down right right up right 
227,False,False,False,8,7,"[4, 0]",obstacle,up up up right right right up right,up up up right right right up right 
228,False,False,False,5,5,"[0, 0]",out_of_bounds,up up right right right,up up right right right 
229,False,False,False,4,2,"[2, 4]",obstacle,right up right right,right up right right 
230,False,False,False,6,3,"[2, 5]",out_of_bounds,right right right down down down,right right right down down down 
231,False,False,False,4,1,"[0, 1]",out_of_bounds,up up up right,up up up right 
232,False,False,False,5,3,"[1, 3]",obstacle,right right right up right,right right right up right 
233,False,False,False,6,3,"[2, 4]",obstacle,up up right up right right,up up right up right right 
234,False,False,False,5,2,"[0, 1]",out_of_bounds,up up right right right,up up right right right 
235,False,False,False,6,5,"[0, 5]",out_of_bounds,right right right down down down,right right right down down down 
236,False,False,False,7,6,"[2, 4]",obstacle,up left up left left left down,up left up left left left down 
237,False,False,False,7,6,"[2, 4]",obstacle,up up up right right right down,up up up right right right down 
238,False,False,False,6,6,"[4, 1]",obstacle,up right right right up right,up right right right up right 
239,False,False,False,7,5,"[2, 5]",out_of_bounds,up up right up right right right,up up right up right right right 
240,False,True,False,5,2,"[2, 0]",,down left left up up,down left left up up 
241,False,False,False,5,2,"[2, 2]",obstacle,up up up left down,up up up left down 
242,False,False,False,5,2,"[5, 2]",obstacle,down right right down down,down right right down down 
243,False,False,False,5,2,"[5, 1]",out_of_bounds,down left down down down,down left down down down 
244,False,True,False,6,5,"[5, 2]",,left left left down down down,left left left down down down 
245,False,True,False,6,4,"[3, 3]",,up right right up down down,up right right up down down 
246,False,True,False,6,7,"[0, 2]",,up up left left up left,up up left left up left 
247,True,True,True,6,6,"[1, 4]",,up up right right up right,up up right right up right 
248,False,False,False,8,3,"[0, 0]",out_of_bounds,up up up up right right right up,up up up up right right right up 
249,False,False,False,7,4,"[5, 2]",obstacle,down right right right down down down,down right right right down down down 
250,False,False,False,6,3,"[4, 3]",obstacle,right down right right down down,right down right right down down 
251,True,True,True,5,5,"[1, 0]",,up left left left up,up left left left up 
252,False,False,False,7,2,"[4, 3]",obstacle,up right right right down down down,up right right right down down down 
253,True,True,True,5,5,"[3, 4]",,right down right down down,right down right down down 
254,False,False,False,4,2,"[4, 3]",obstacle,down down down down,down down down down 
255,True,True,True,4,4,"[0, 3]",,up up up up,up up up up 
256,False,False,False,6,5,"[4, 0]",obstacle,down left left left down down,down left left left down down 
257,False,False,False,6,8,"[2, 2]",obstacle,up up up up left up,up up up up left up 
258,False,False,False,6,4,"[1, 3]",obstacle,up left up left left down,up left up left left down 
259,False,False,False,8,7,"[0, 1]",obstacle,right down down up up up left left,right down down up up up left left 
260,False,False,False,5,2,"[4, 0]",obstacle,down left left down down,down left left down down 
261,False,True,False,6,3,"[5, 5]",,right right right down down down,right right right down down down 
262,True,True,True,5,5,"[1, 5]",,up up up right right,up up up right right 
263,False,False,False,4,4,"[2, 1]",obstacle,up up left down,up up left down 
264,False,True,False,6,5,"[3, 0]",,left down down down up down,left down down down up down 
265,False,False,False,5,2,"[2, 5]",out_of_bounds,right right down down down,right right down down down 
266,False,False,False,4,6,"[0, 2]",obstacle,down down left down,down down left down 
267,True,True,True,6,6,"[1, 4]",,up up up right up right,up up up right up right 
268,True,True,True,3,3,"[0, 2]",,up up left,up up left 
269,False,False,False,8,7,"[5, 2]",obstacle,down right right right down down right down,down right right right down down right down 
270,False,False,False,4,5,"[4, 3]",obstacle,up left left left,up left left left 
271,False,False,False,4,2,"[3, 5]",out_of_bounds,right right down down,right right down down 
272,False,False,False,7,2,"[0, 3]",out_of_bounds,up up up up right right right,up up up up right right right 
273,False,False,False,5,15,"[1, 1]",obstacle,right down down left left,right down down left left 
274,True,True,True,4,4,"[0, 4]",,up left up up,up left up up 
275,False,False,False,3,1,"[5, 4]",out_of_bounds,left down down,left down down 
276,False,False,False,5,5,"[4, 3]",obstacle,down left down left down,down left down left down 
277,False,False,False,7,9,"[2, 5]",obstacle,right right up up left left down,right right up up left left down 
278,False,False,False,4,7,"[3, 1]",obstacle,up right right right,up right right right 
279,False,False,False,4,1,"[1, 4]",obstacle,right right up up,right right up up 
280,False,False,False,6,11,"[0, 2]",obstacle,down down down left left down,down down down left left down 
281,False,False,False,5,1,"[0, 3]",out_of_bounds,up up up right down,up up up right down 
282,True,True,True,2,2,"[4, 4]",,up right,up right 
283,False,False,False,2,1,"[2, 4]",obstacle,up left,up left 
285,False,False,False,7,8,"[5, 2]",obstacle,up right up up up right right,up right up up up right right 
286,False,False,False,6,13,"[1, 1]",obstacle,down right down down left left,down right down down left left 
287,False,False,False,3,4,"[3, 3]",obstacle,up up left,up up left 
288,False,False,False,7,7,"[3, 1]",obstacle,up up right right right up right,up up right right right up right 
289,False,False,False,7,9,"[3, 3]",obstacle,up left left left up up left,up left left left up up left 
290,False,False,False,5,3,"[3, 3]",obstacle,up up left left left,up up left left left 
291,False,False,False,4,1,"[4, 5]",out_of_bounds,up right right right,up right right right 
292,True,True,True,1,1,"[1, 4]",,up,up 
293,False,False,False,3,1,"[2, 5]",obstacle,up left right,up left right 
294,False,True,False,6,5,"[4, 5]",,right down down right down down,right down down right down down 
295,False,False,False,8,9,"[5, 2]",obstacle,right right up up up right up right,right right up up up right up right 
296,False,False,False,7,9,"[3, 3]",obstacle,up up left left up up right,up up left left up up right 
297,False,False,False,6,9,"[1, 3]",obstacle,right down down left down down,right down down left down down 
298,False,True,False,5,6,"[4, 3]",,down down down left down,down down down left down 
299,False,False,False,6,7,"[1, 0]",obstacle,down right right right up right,down right right right up right 
300,False,False,False,6,3,"[5, 3]",out_of_bounds,left down down down left left,left down down down left left 
301,False,False,False,9,8,"[0, 4]",out_of_bounds,up left left up up up left right down,up left left up up up left right down 
302,False,False,False,7,2,"[0, 0]",out_of_bounds,up up up up right right up,up up up up right right up 
303,False,True,False,9,8,"[0, 0]",,up up up left up left left up left,up up up left up left left upleft 
304,False,False,False,6,5,"[3, 1]",obstacle,up right right up up left,up right right up up left 
305,False,False,False,10,10,"[2, 5]",out_of_bounds,right down down right right up up right left down,right down down right right up up right left down 
306,False,False,False,6,4,"[3, 3]",obstacle,up up left left up up,up up left left up up 
307,True,True,False,7,5,"[5, 1]",,right down down left left left down,right down down left left left down 
308,False,False,False,7,5,"[5, 3]",obstacle,left left left down up up down,left left left down up up down 
309,False,True,False,6,3,"[5, 3]",,right right down down left down,right right down down left down 
310,False,False,False,6,2,"[5, 4]",obstacle,right up up up right up,right up up up right up 
311,False,False,False,8,7,"[1, 3]",obstacle,up up up left up up right right,up up up left up up right right 
312,False,False,False,4,1,"[0, 4]",out_of_bounds,up up left up,up up left up 
313,False,False,False,9,8,"[3, 3]",obstacle,right down down left left down down up left,right down down left left down down up left 
314,False,False,False,8,7,"[1, 3]",obstacle,up up up left up up right right,up up up left up up right right 
315,False,False,False,7,6,"[3, 3]",obstacle,left left down down left left down,left left down down left left down 
316,False,False,False,5,3,"[2, 4]",obstacle,up up up right up,up up up right up 
317,False,False,False,6,6,"[2, 0]",obstacle,right down down right right down,right down down right right down 
318,False,True,False,9,8,"[0, 0]",,up up up left up left left up left,up up up left up left left upleft 
319,False,False,False,7,5,"[1, 1]",obstacle,up up up up left left left,up up up up left left left 
320,False,False,False,8,2,"[3, 3]",obstacle,left down left left left up left down,left down left left left up left down 
321,False,False,False,6,3,"[5, 3]",out_of_bounds,down down down left down left,down down down left down left 
322,False,False,False,4,3,"[2, 0]",obstacle,up left up up,up left up up 
323,False,True,False,6,5,"[1, 2]",,up up left left up left,up up left left up left 
324,False,False,False,5,5,"[1, 1]",obstacle,up up left left left,up up left left left 
325,False,True,False,5,4,"[0, 5]",,up right right up up,up right right up up 
326,False,False,False,8,4,"[2, 4]",obstacle,up up left left left up up left,up up left left left up up left 
327,False,False,False,4,6,"[2, 2]",obstacle,down down right down,down down right down 
328,False,False,False,9,1,"[0, 2]",out_of_bounds,up up right up up up left left down,up up right up up up left left down 
329,False,False,False,9,7,"[0, 2]",obstacle,up up left left up left up right left,up up left left up left up right left 
330,False,True,False,5,6,"[1, 4]",,up up up up right,up up up up right 
331,False,False,False,9,9,"[0, 2]",out_of_bounds,left left left up up down left left down,left left left up up down left left down 
332,False,False,False,4,2,"[5, 1]",out_of_bounds,down left down down,down left down down 
333,False,False,False,0,5,"[4, 1]",invalid_action,,Goal not reachable
334,False,False,False,6,4,"[5, 3]",out_of_bounds,right right down down down right,right right down down down right 
335,False,False,False,0,7,"[2, 1]",invalid_action,,Goal not reachable
336,False,False,False,3,2,"[0, 3]",out_of_bounds,up up left,up up left 
337,False,False,False,4,4,"[1, 4]",obstacle,down down down right,down down down right 
338,False,False,False,6,7,"[0, 0]",obstacle,left down down down left down,left down down down left down 
339,False,False,False,5,4,"[5, 4]",obstacle,up left up up left,up left up up left 
340,False,False,False,2,1,"[0, 3]",out_of_bounds,up right,up right 
341,False,True,False,8,7,"[0, 0]",,up up up up left left up left,up up up up left left up left 
342,True,True,True,4,4,"[2, 0]",,up left up left,up left up left 
343,False,False,False,4,4,"[0, 0]",obstacle,left down down down,left down down down 
344,True,True,True,4,4,"[1, 3]",,up up up right,up up up right 
345,False,False,False,7,6,"[0, 0]",out_of_bounds,left left left left down down down,left left left left down down down 
346,False,False,False,3,2,"[0, 5]",out_of_bounds,up up right,up up right 
347,False,False,False,7,6,"[1, 1]",obstacle,up up up up left left up,up up up up left left up 
348,False,True,False,4,5,"[3, 2]",,down down down left,down down down left 
349,False,False,False,4,4,"[0, 0]",out_of_bounds,up right right right,up right right right 
350,False,False,False,5,4,"[5, 3]",out_of_bounds,right down right down down,right down right down down 
351,False,False,False,0,9,"[0, 5]",invalid_action,,Goal not reachable
352,False,False,False,4,3,"[3, 3]",obstacle,down right down down,down right down down 
353,False,False,False,4,2,"[1, 1]",obstacle,up left left left,up left left left 
354,False,False,False,5,3,"[5, 4]",obstacle,up left up up left,up left up up left 
355,False,True,False,6,5,"[1, 3]",,up up up up right right,up up up up right right 
356,False,False,False,5,5,"[0, 1]",out_of_bounds,left left up up left,left left up up left 
357,False,False,False,7,2,"[3, 0]",out_of_bounds,left left up left left down down,left left up left left down down 
358,False,False,False,0,6,"[4, 0]",invalid_action,,Goal not reachable
359,False,False,False,3,4,"[0, 5]",out_of_bounds,up up right,up up right 
360,False,False,False,6,4,"[1, 2]",obstacle,up right up right right down,up right up right right down 
361,False,False,False,9,7,"[5, 5]",out_of_bounds,down down right down down right right up right,down down right down down right right up right 
362,False,False,False,5,4,"[2, 3]",obstacle,up up right right up,up up right right up 
363,False,False,False,9,7,"[5, 0]",obstacle,right right up right right right down down down,right right up right right right down down down 
364,False,False,False,9,8,"[1, 4]",obstacle,down down down down left left left down down,down down down down left left left down down 
365,False,True,False,4,5,"[5, 2]",,left down down down,left down down down 
366,False,True,False,3,1,"[2, 3]",,up up right,up up right 
367,False,False,False,5,2,"[2, 3]",obstacle,up up right right up,up up right right up 
368,False,False,False,8,8,"[4, 3]",obstacle,right right down right down down right right,right right down right down down right right 
369,False,False,False,8,7,"[2, 5]",out_of_bounds,right down right right down down down left,right down right right down down down left 
370,False,False,False,6,8,"[1, 4]",obstacle,down left left down down down,down left left down down down 
371,False,True,False,3,2,"[5, 2]",,right down down,right down down 
372,False,False,False,9,6,"[2, 5]",out_of_bounds,up up right right up right left right down,up up right right up right left right down 
373,False,False,False,7,4,"[5, 2]",obstacle,right down right down down down right,right down right down down down right 
374,False,False,False,4,2,"[1, 2]",obstacle,left down down down,left down down down 
375,False,True,False,3,1,"[5, 2]",,down left down,down left down 
376,False,True,False,5,2,"[3, 5]",,right down right up up,right down right up up 
377,True,True,True,4,4,"[5, 2]",,down left down down,down left down down 
378,False,False,False,8,1,"[0, 2]",out_of_bounds,up right right down down left down down,up right right down down left down down 
379,False,False,False,3,4,"[4, 1]",obstacle,right down down,right down down 
380,False,False,False,7,4,"[4, 3]",obstacle,right down right right down down down,right down right right down down down 
381,False,True,False,5,2,"[1, 2]",,up left up left up,up left up left up 
382,False,False,False,5,2,"[2, 3]",obstacle,right down right down down,right down right down down 
383,False,False,False,7,4,"[2, 1]",obstacle,up up left up left left up,up up left up left left up 
384,False,False,False,9,9,"[1, 0]",obstacle,up up up right right right down right right,up up up right right right down right right 
385,False,True,False,3,4,"[1, 2]",,up left up,up left up 
386,False,False,False,6,2,"[4, 5]",out_of_bounds,down right right right up up,down right right right up up 
387,False,False,False,5,1,"[1, 2]",obstacle,up up up up left,up up up up left 
388,False,False,False,9,8,"[1, 5]",out_of_bounds,right right down right right down down down left,right right down right right down down down left 
389,True,True,True,3,3,"[3, 4]",,right down right,right down right 
390,True,True,True,6,6,"[2, 0]",,left left left left down down,left left left left down down 
391,False,True,False,4,1,"[2, 1]",,left left down down,left left down down 
392,False,False,False,7,7,"[4, 4]",obstacle,up left up up up right right,up left up up up right right 
393,True,True,True,6,6,"[5, 3]",,down right right down down down,down right right down down down 
394,False,True,False,4,2,"[2, 4]",,up up right right,up up right right 
395,False,True,False,3,2,"[2, 0]",,up left left,up left left 
396,False,False,False,6,4,"[3, 0]",out_of_bounds,up left left left up left,up left left left up left 
397,False,False,False,4,4,"[2, 2]",obstacle,left up left left,left up left left 
398,False,False,False,8,6,"[1, 1]",obstacle,right right down down down left left down,right right down down down left left down 
399,True,True,True,6,6,"[0, 3]",,up up up right right right,up up up right right right 
400,False,False,False,5,4,"[2, 2]",obstacle,left left up up right,left left up up right 
401,False,False,False,6,5,"[5, 3]",out_of_bounds,right right right down down down,right right right down down down 
402,True,True,True,2,2,"[4, 2]",,left down,left down 
403,True,True,True,4,4,"[2, 4]",,up up right right,up up right right 
404,False,False,False,3,3,"[3, 5]",out_of_bounds,right down down,right down down 
405,False,True,False,5,4,"[2, 4]",,up up right right right,up up right right right 
406,True,True,True,4,4,"[2, 4]",,up up up right,up up up right 
407,False,False,False,4,4,"[3, 5]",out_of_bounds,right down down down,right down down down 
408,False,True,False,6,8,"[2, 0]",,up up up left left left,up up up left left left 
409,False,False,False,4,7,"[3, 5]",obstacle,up up up right,up up up right 
410,False,False,False,3,2,"[2, 2]",obstacle,up right right,up right right 
411,False,False,False,5,6,"[0, 4]",obstacle,down down left down down,down down left down down 
412,True,True,True,3,3,"[2, 4]",,up up right,up up right 
413,False,False,False,4,2,"[0, 0]",out_of_bounds,left down down left,left down down left 
414,False,True,False,5,4,"[2, 1]",,left up up left left,left up up left left 
415,False,False,False,6,4,"[4, 4]",obstacle,up up up left left left,up up up left left left 
416,False,True,False,2,3,"[2, 0]",,up up,up up 
417,False,True,False,4,1,"[2, 4]",,up up up right,up up up right 
418,False,True,False,5,3,"[5, 0]",,left left down down down,left left down down down 
419,False,False,False,7,3,"[1, 0]",out_of_bounds,up left left left right down down,up left left left right down down 
420,False,False,False,4,3,"[4, 1]",obstacle,up up up right,up up up right 
421,False,False,False,9,7,"[0, 0]",out_of_bounds,up up up up right right right up right,up up up up right right right up right 
422,False,False,False,9,4,"[0, 0]",out_of_bounds,up up up up right right right up right,up up up up right right right up right 
423,False,False,False,0,2,"[5, 2]",invalid_action,,Goal not reachable
424,False,False,False,0,1,"[1, 5]",invalid_action,,Goal not reachable
425,False,False,False,7,6,"[0, 2]",out_of_bounds,up up up up left left down,up up up up left left down 
426,True,True,True,6,6,"[0, 1]",,up up up up left up,up up up up left up 
427,True,True,True,5,5,"[1, 1]",,up up up up left,up up up up left 
428,False,False,False,0,7,"[1, 5]",invalid_action,,Goal not reachable
429,True,True,True,2,2,"[3, 3]",,up up,up up 
430,False,True,False,5,4,"[1, 4]",,up up up right right,up up up right right 
431,True,True,True,5,5,"[5, 4]",,right down down down right,right down down down right 
432,True,True,True,8,8,"[1, 0]",,left up up up left up left left,left up up up left up left left 
433,False,False,False,0,8,"[4, 0]",invalid_action,,Goal not reachable
434,True,True,True,2,2,"[4, 2]",,right right,right right 
435,False,False,False,8,5,"[4, 0]",out_of_bounds,left up right right right down down down,left up right right right down down down 
436,False,True,False,4,3,"[5, 1]",,down down left down,down down left down 
437,False,False,False,8,7,"[2, 1]",obstacle,left up left left left down down right,left up left left left down down right 
438,False,False,False,9,3,"[0, 4]",out_of_bounds,up up up up left left left up left,up up up up left left left up left 
439,True,True,True,6,6,"[0, 1]",,up up up up left up,up up up up left up 
440,False,False,False,0,9,"[0, 0]",invalid_action,,Goal not reachable
441,True,True,True,3,3,"[5, 2]",,left down down,left down down 
442,False,False,False,3,1,"[0, 2]",out_of_bounds,up up up,up up up 
443,False,True,False,4,2,"[1, 4]",,up right right right,up right right right 
444,False,False,False,6,5,"[2, 1]",obstacle,left left down down left down,left left down down left down 
445,False,False,False,7,3,"[0, 2]",out_of_bounds,up up up up left left up,up up up up left left up 
446,True,True,False,6,4,"[1, 0]",,right up up up left left,right up up up left left 
447,False,True,False,5,4,"[5, 1]",,left left down left down,left left down left down 
448,False,False,False,6,2,"[0, 2]",out_of_bounds,up up up up right up,up up up up right up 
449,False,False,False,9,3,"[1, 3]",obstacle,up up up up right up right left left,up up up up right up right left left 
450,False,False,False,4,4,"[1, 2]",obstacle,right right down down,right right down down 
452,False,True,False,3,2,"[2, 0]",,up up up,up up up 
454,True,True,True,3,3,"[3, 4]",,left down down,left down down 
456,False,True,False,5,4,"[2, 5]",,right up up up right,right up up up right 
459,False,False,False,2,2,"[2, 1]",obstacle,right down,right down 
462,False,False,False,3,2,"[0, 5]",out_of_bounds,up right right,up right right 
465,False,False,False,3,2,"[3, 2]",obstacle,right right down,right right down 
467,False,False,False,6,1,"[2, 5]",out_of_bounds,up up up right right down,up up up right right down 
468,True,True,True,3,3,"[2, 0]",,left down down,left down down 
470,False,True,False,7,6,"[0, 5]",,up right up up up right up,up right up up up right up 
473,False,False,False,6,5,"[1, 4]",obstacle,left left down down left down,left left down down left down 
474,False,False,False,4,4,"[0, 3]",obstacle,left left down down,left left down down 
478,False,False,False,4,1,"[4, 3]",obstacle,up left up up,up left up up 
479,True,True,True,2,2,"[2, 0]",,up up,up up 
480,False,True,False,4,3,"[3, 4]",,right right down down,right right down down 
481,True,True,True,3,3,"[1, 5]",,up up up,up up up 
482,False,False,False,8,8,"[5, 2]",obstacle,right up up up left up up right,right up up up left up up right 
483,False,False,False,8,8,"[5, 0]",out_of_bounds,down right right right up right right down,down right right right up right right down 
484,False,False,False,8,5,"[0, 0]",out_of_bounds,up right right right up right down down,up right right right up right down down 
485,False,False,False,6,10,"[5, 2]",obstacle,up up right up right right,up up right up right right 
486,False,False,False,6,6,"[3, 3]",obstacle,left left down left left left,left left down left left left 
487,True,True,True,4,4,"[3, 3]",,left down down down,left down down down 
488,False,True,False,6,3,"[2, 3]",,up up right right right up,up up right right right up 
489,False,False,False,6,6,"[1, 1]",obstacle,right down down down right down,right down down down right down 
490,False,False,False,5,7,"[5, 3]",obstacle,up up up right down,up up up right down 
491,False,False,False,6,6,"[2, 0]",obstacle,right down right right right down,right down right right right down 
492,False,True,False,7,6,"[3, 5]",,right right right up right right down,right right right up right right down 
493,False,False,False,3,3,"[0, 5]",out_of_bounds,up up left,up up left 
494,True,True,True,3,3,"[2, 5]",,up up up,up up up 
495,False,False,False,4,1,"[5, 5]",out_of_bounds,right down down down,right down down down 
496,False,False,False,5,3,"[1, 0]",out_of_bounds,left left left down down,left left left down down 
497,False,False,False,5,4,"[3, 3]",obstacle,down left left up left,down left left up left 
498,False,False,False,5,1,"[3, 1]",obstacle,down left left up up,down left left up up 
499,False,True,False,8,5,"[2, 5]",,right right right right up right down down,right right right right up right down down 
500,False,False,False,4,1,"[0, 4]",out_of_bounds,up up up left,up up up left 
501,False,False,False,6,2,"[4, 0]",obstacle,right down right down down left,right down right down down left 
502,False,False,False,7,8,"[0, 0]",obstacle,right right right right down down down,right right right right down down down 
503,False,False,False,4,5,"[1, 5]",out_of_bounds,right right down down,right right down down 
504,True,True,True,7,7,"[3, 5]",,right right right right right down down,right right right rightright down down 
505,False,True,False,8,5,"[2, 0]",,up left left up left left left down,up left left up left left left down 
506,False,False,False,5,2,"[0, 4]",out_of_bounds,up up up right right,up up up right right 
507,False,False,False,6,2,"[0, 2]",out_of_bounds,up up up left left left,up up up left left left 
508,False,False,False,9,6,"[0, 2]",out_of_bounds,right right up up up right right right down,right right up up up right right right down 
509,True,True,False,7,5,"[3, 1]",,up up left left down left left,up up left left down left left 
510,False,False,False,6,3,"[1, 4]",obstacle,right up up left left left,right up up left left left 
511,True,True,True,2,2,"[3, 0]",,down down,down down 
512,False,False,False,8,7,"[2, 0]",obstacle,up up right right right down right right,up up right right right down right right 
513,False,False,False,4,3,"[2, 4]",obstacle,up up left left,up up left left 
514,True,True,True,1,1,"[2, 5]",,up,up 
515,False,False,False,5,4,"[1, 2]",obstacle,up up up right up,up up up right up 
516,False,False,False,2,1,"[1, 2]",obstacle,down right,down right 
517,False,False,False,7,5,"[5, 2]",out_of_bounds,left left down down down left down,left left down down down left down 
518,False,False,False,2,3,"[1, 2]",obstacle,up right,up right 
519,True,True,True,3,3,"[1, 4]",,up up up,up up up 
520,False,False,False,4,2,"[1, 4]",obstacle,up up left left,up up left left 
521,False,False,False,4,4,"[0, 3]",obstacle,down right down right,down right down right 
522,False,False,False,5,2,"[1, 5]",out_of_bounds,up left right right down,up left right right down 
523,False,False,False,4,2,"[1, 4]",obstacle,up up left left,up up left left 
524,False,False,False,6,5,"[5, 4]",obstacle,right right right down down down,right right right down down down 
525,False,False,False,6,4,"[5, 3]",out_of_bounds,right down down right down down,right down down right down down 
526,False,False,False,8,8,"[0, 5]",out_of_bounds,right right up right right down down left,right right up right right down down left 
527,True,True,True,1,1,"[2, 5]",,up,up 
528,False,False,False,3,7,"[0, 3]",obstacle,right down right,right down right 
529,False,False,False,6,3,"[5, 4]",out_of_bounds,right down down down left down,right down down down left down 
530,False,True,False,5,2,"[2, 5]",,right up up right down,right up up right down 
531,False,False,False,5,1,"[1, 2]",obstacle,up up up up left,up up up up left 
532,False,False,False,3,7,"[1, 2]",obstacle,right right up,right right up 
533,False,False,False,4,4,"[1, 2]",obstacle,up up right right,up up right right 
534,False,False,False,4,2,"[1, 2]",obstacle,up up right right,up up right right 
535,False,False,False,3,5,"[1, 4]",obstacle,up left right,up left right 
536,False,False,False,5,5,"[1, 2]",obstacle,up up up right right,up up up right right 
537,False,False,False,4,6,"[1, 2]",obstacle,up right right right,up right right right 
538,False,False,False,7,9,"[1, 0]",obstacle,right right right right up right down,right right right right up right down 
539,False,True,False,5,4,"[1, 5]",,up up up up right,up up up up right 
540,False,False,False,5,4,"[3, 5]",out_of_bounds,right right right down down,right right right down down 
541,False,False,False,7,6,"[2, 5]",out_of_bounds,right up up up right right right,right up up up right right right 
542,False,False,False,6,6,"[4, 0]",obstacle,right right right up up right,right right right up up right 
543,False,False,False,5,1,"[2, 4]",obstacle,right right right right down,right right right right down 
544,True,True,True,7,7,"[4, 5]",,right right right right right down down,right right right rightright down down 
545,False,False,False,5,3,"[0, 2]",out_of_bounds,up up right right right,up up right right right 
546,True,True,True,2,2,"[0, 5]",,up up,up up 
547,False,False,False,6,4,"[1, 5]",out_of_bounds,up up up right right right,up up up right right right 
548,False,False,False,4,2,"[0, 2]",out_of_bounds,up up right up,up up right up 
549,False,False,False,7,8,"[0, 5]",out_of_bounds,right right right right down down down,right right right right down down down 
550,False,True,False,4,1,"[2, 4]",,up right right right,up right right right 
551,False,False,False,3,1,"[0, 4]",out_of_bounds,up up up,up up up 
552,False,True,False,7,7,"[1, 3]",,up up up left left left right,up up up left left left right 
553,False,True,False,4,1,"[2, 4]",,up right right right,up right right right 
554,False,False,False,7,6,"[2, 5]",out_of_bounds,right right right right down down down,right right right right down down down 
555,False,False,False,8,4,"[4, 5]",obstacle,left left up down left left down down,left left up down left left down down 
556,False,False,False,3,1,"[0, 3]",out_of_bounds,up up right,up up right 
557,False,False,False,9,10,"[4, 0]",obstacle,right up up right right down down down left,right up up right right down down down left 
558,False,True,False,5,2,"[3, 5]",,right right right right down,right right right right down 
559,False,False,False,4,2,"[2, 5]",out_of_bounds,up right right right,up right right right 
560,False,False,False,5,4,"[0, 3]",out_of_bounds,up up right right right,up up right right right 
561,False,False,False,7,6,"[0, 2]",out_of_bounds,up up left left left up left,up up left left left up left 
562,False,False,False,8,7,"[0, 5]",out_of_bounds,right right right down down down right down,right right right down down down right down 
563,False,True,False,3,2,"[1, 4]",,up right right,up right right 
564,False,False,False,7,4,"[0, 5]",out_of_bounds,up up left up left left left,up up left up left left left 
565,False,True,False,5,2,"[2, 3]",,up up right right right,up up right right right 
566,False,False,False,3,1,"[0, 4]",out_of_bounds,up up up,up up up 
567,True,True,True,6,6,"[3, 5]",,right right right right down down,right right right right down down 
568,False,False,False,5,4,"[1, 5]",out_of_bounds,right right down down down,right right down down down 
569,False,False,False,3,2,"[0, 3]",out_of_bounds,up up right,up up right 
570,False,False,False,7,2,"[5, 5]",out_of_bounds,right down down left left left down,right down down left left left down 
571,False,False,False,9,6,"[1, 5]",out_of_bounds,up up up up right right right up right,up up up up right right right up right 
572,False,False,False,8,1,"[3, 5]",out_of_bounds,right right down right right right down down,right right down right right right down down 
573,False,False,False,8,2,"[3, 5]",out_of_bounds,up right right right up right right down,up right right right up right right down 
574,False,False,False,8,8,"[0, 5]",out_of_bounds,up right right right down down right down,up right right right down down right down 
575,False,False,False,7,7,"[0, 3]",obstacle,up up left up left left left,up up left up left left left 
576,True,True,True,7,7,"[4, 4]",,down down right down right right down,down down right down right right down 
577,False,False,False,8,8,"[2, 2]",obstacle,up up right right right up up right,up up right right right up up right 
578,False,False,False,7,2,"[2, 5]",out_of_bounds,up right right up right right down,up right right up right right down 
579,False,False,False,5,5,"[2, 2]",obstacle,right down right down down,right down right down down 
580,False,False,False,4,3,"[2, 2]",obstacle,right down down down,right down down down 
581,False,False,False,6,6,"[1, 0]",obstacle,down down right right down down,down down right right down down 
582,False,True,False,3,4,"[1, 1]",,up left up,up left up 
583,False,False,False,9,9,"[0, 5]",out_of_bounds,up up up up right right up right up,up up up up right right up right up 
584,False,False,False,6,2,"[3, 5]",out_of_bounds,up up right right right up,up up right right right up 
585,False,False,False,8,8,"[0, 4]",out_of_bounds,up up up up right right up right,up up up up right right up right 
586,False,False,False,6,3,"[3, 5]",out_of_bounds,right down right down down left,right down right down down left 
587,False,True,False,4,2,"[2, 2]",,up up left up,up up left up 
588,False,False,False,2,1,"[0, 1]",obstacle,up right,up right 
589,False,True,False,5,4,"[5, 3]",,right down right down down,right down right down down 
590,False,False,False,8,2,"[3, 5]",out_of_bounds,up right right right up right right down,up right right right up right right down 
591,False,True,False,9,8,"[5, 5]",,right down right down right right right down down,right down right down right right right down down 
592,False,False,False,4,3,"[2, 4]",obstacle,up left left left,up left left left 
595,False,False,False,3,3,"[0, 1]",obstacle,up up right,up up right 
596,False,False,False,9,10,"[0, 3]",out_of_bounds,up up right right down down left down left,up up right right down down left down left 
597,False,False,False,8,3,"[1, 5]",out_of_bounds,up right right right up right right down,up right right right up right right down 
598,True,True,True,4,4,"[3, 3]",,down down down left,down down down left 
599,False,False,False,7,2,"[1, 3]",obstacle,right up up left left left down,right up up left left left down 
600,False,True,False,3,2,"[1, 2]",,up left up,up left up 
601,True,True,True,5,5,"[1, 1]",,up up left up left,up up left up left 
602,True,True,True,5,5,"[0, 2]",,up up up left up,up up up left up 
603,False,False,False,6,7,"[0, 1]",obstacle,up left left up left left,up left left up left left 
604,False,False,False,5,5,"[1, 1]",obstacle,up left up left left,up left up left left 
605,False,False,False,6,5,"[0, 5]",out_of_bounds,up up right up right right,up up right up right right 
606,False,False,False,6,3,"[1, 4]",obstacle,up right right right up right,up right right right up right 
607,False,False,False,7,7,"[0, 2]",obstacle,right right down right down down right,right right down right down down right 
608,False,False,False,7,7,"[2, 0]",obstacle,up up up up right right up,up up up up right right up 
609,False,False,False,7,2,"[2, 5]",out_of_bounds,right right down right right up right,right right down right right up right 
610,False,False,False,7,6,"[0, 2]",obstacle,right right right up right right down,right right right up right right down 
611,False,False,False,9,6,"[1, 4]",obstacle,up up up up left right right right up,up up up up left right right right up 
612,False,False,False,8,4,"[2, 0]",obstacle,up up right right up right down right,up up right right up right down right 
613,False,False,False,7,7,"[2, 0]",obstacle,up up right right right up right,up up right right right up right 
614,False,False,False,8,10,"[0, 5]",obstacle,down right down down left right right down,down right down down left right right down 
615,False,True,False,8,8,"[4, 0]",,down left left left down down left down,down left left left down down left down 
616,False,False,False,4,4,"[1, 3]",obstacle,up right up right,up right up right 
617,False,False,False,4,4,"[0, 2]",out_of_bounds,up up up right,up up up right 
618,True,True,True,2,2,"[1, 2]",,right down,right down 
619,False,False,False,3,2,"[2, 0]",obstacle,up up right,up up right 
620,False,False,False,8,4,"[1, 4]",obstacle,up up left right right right up right,up up left right right right up right 
621,False,False,False,8,4,"[1, 3]",obstacle,up up up right right right down down,up up up right right right down down 
622,False,False,False,3,1,"[0, 1]",obstacle,up up left,up up left 
623,False,True,False,5,2,"[1, 2]",,up up up up left,up up up up left 
624,False,False,False,7,6,"[0, 2]",obstacle,right right right up right right down,right right right up right right down 
625,False,False,False,5,5,"[3, 1]",obstacle,up right right right up,up right right right up 
626,False,False,False,6,5,"[0, 4]",out_of_bounds,up up up left up down,up up up left up down 
627,False,False,False,5,4,"[0, 1]",out_of_bounds,up up up down left,up up up down left 
628,False,False,False,6,4,"[1, 1]",obstacle,up left left up left left,up left left up left left 
629,True,True,True,6,6,"[0, 2]",,up up up up left up,up up up up left up 
630,False,False,False,6,4,"[1, 2]",obstacle,up up up right right right,up up up right right right 
631,False,False,False,7,7,"[2, 5]",obstacle,left left left left up up left,left left left left up up left 
632,False,False,False,7,7,"[2, 3]",obstacle,up up right right right up right,up up right right right up right 
633,False,False,False,8,7,"[0, 4]",out_of_bounds,up up left left left down down left,up up left left left down down left 
634,False,False,False,4,4,"[2, 3]",obstacle,up right up right,up right up right 
635,False,False,False,5,3,"[0, 0]",out_of_bounds,left left left down down,left left left down down 
636,False,False,False,5,4,"[2, 3]",obstacle,up up right up right,up up right up right 
637,False,False,False,5,5,"[2, 3]",obstacle,right right right right down,right right right right down 
638,True,True,True,5,5,"[0, 3]",,up up right right right,up up right right right 
639,False,False,False,9,9,"[2, 5]",obstacle,up up up left left left up left up,up up up left left left up left up 
640,False,False,False,4,2,"[2, 3]",obstacle,right down right right,right down right right 
641,True,True,True,3,3,"[1, 0]",,up left left,up left left 
642,False,False,False,5,4,"[1, 5]",out_of_bounds,up up up right right,up up up right right 
643,False,False,False,5,7,"[2, 3]",obstacle,right right right up right,right right right up right 
644,False,True,False,5,3,"[0, 4]",,up up right right right,up up right right right 
645,False,False,False,4,2,"[1, 4]",obstacle,right right down down,right right down down 
646,True,True,True,3,3,"[1, 5]",,up up up,up up up 
647,True,True,True,1,1,"[4, 3]",,down,down 
648,False,True,False,5,3,"[2, 2]",,left left left down down,left left left down down 
649,False,False,False,6,2,"[1, 5]",out_of_bounds,up up up right right right,up up up right right right 
650,False,True,False,4,2,"[2, 3]",,up right right right,up right right right 
651,False,False,False,4,5,"[2, 3]",obstacle,down right right right,down right right right 
652,True,True,True,5,5,"[1, 0]",,up left up left left,up left up left left 
653,False,False,False,3,2,"[0, 5]",out_of_bounds,up right right,up right right 
654,False,True,False,7,9,"[3, 5]",,right right right right down down down,right right right right down down down 
655,False,False,False,3,2,"[4, 1]",obstacle,left down down,left down down 
656,False,False,False,6,5,"[5, 4]",out_of_bounds,right right right down down down,right right right down down down 
657,False,False,False,6,5,"[5, 4]",out_of_bounds,right right right down down down,right right right down down down 
658,False,False,False,6,4,"[2, 3]",obstacle,down right right right down down,down right right right down down 
659,False,False,False,4,3,"[2, 3]",obstacle,up right right right,up right right right 
660,False,False,False,8,6,"[2, 4]",obstacle,up up up left left left up left,up up up left left left up left 
661,False,False,False,6,6,"[2, 4]",obstacle,left up up up left up,left up up up left up 
662,False,False,False,4,3,"[5, 1]",obstacle,left down down left,left down down left 
663,False,True,False,6,3,"[3, 3]",,up left up up left down,up left up up left down 
664,False,False,False,4,6,"[2, 4]",obstacle,up up up right,up up up right 
665,False,False,False,8,7,"[4, 1]",obstacle,right right right down down down right down,right right right down down down right down 
666,False,False,False,4,3,"[2, 4]",obstacle,left up up up,left up up up 
667,False,True,False,7,6,"[1, 1]",,up up up left left up left,up up up left left up left 
668,False,False,False,8,8,"[1, 5]",obstacle,left left left down down down left down,left left left down down down left down 
669,False,False,False,4,2,"[0, 3]",out_of_bounds,up up up right,up up up right 
670,True,True,True,4,4,"[5, 3]",,right down down down,right down down down 
671,False,False,False,8,8,"[1, 5]",obstacle,left up up up left left left down,left up up up left left left down 
672,False,True,False,4,3,"[1, 0]",,up up left left,up up left left 
673,False,False,False,8,4,"[1, 0]",out_of_bounds,up up up left left left up left,up up up left left left up left 
674,False,False,False,6,5,"[0, 3]",out_of_bounds,up up up up right right,up up up up right right 
675,False,False,False,8,7,"[5, 3]",out_of_bounds,right right right down down down right right,right right right down down down right right 
676,False,True,False,4,2,"[1, 2]",,up up up left,up up up left 
677,False,False,False,8,7,"[5, 3]",out_of_bounds,right right right down down down right right,right right right down down down right right 
678,False,False,False,7,1,"[0, 2]",out_of_bounds,up up up up down left left,up up up up down left left 
679,False,False,False,8,2,"[1, 0]",obstacle,up up up up right left left left,up up up up right left left left 
680,False,False,False,8,3,"[0, 5]",out_of_bounds,up up up up down left left left,up up up up down left left left 
681,False,False,False,9,9,"[2, 4]",obstacle,up left up up up left left left down,up left up up up left left left down 
682,False,False,False,8,5,"[1, 0]",obstacle,up up up up left up left left,up up up up left up left left 
683,False,False,False,6,4,"[4, 0]",obstacle,left left left down down down,left left left down down down 
684,False,True,False,4,2,"[1, 1]",,up up left left,up up left left 
685,False,False,False,6,6,"[1, 5]",obstacle,left up up up left left,left up up up left left 
686,False,True,False,4,3,"[2, 1]",,up up left left,up up left left 
687,False,False,False,7,5,"[1, 0]",out_of_bounds,up up up up left left left,up up up up left left left 
688,False,True,False,6,5,"[0, 3]",,up up up up right right,up up up up right right 
689,False,False,False,7,4,"[2, 0]",out_of_bounds,left left left left down down down,left left left left down down down 
690,False,False,False,3,1,"[0, 2]",obstacle,up right right,up right right 
691,False,False,False,6,3,"[0, 4]",obstacle,up left left left up left,up left left left up left 
692,False,True,False,2,1,"[4, 2]",,up left,up left 
693,False,False,False,8,8,"[4, 4]",obstacle,left up up up left left left right,left up up up left left left right 
694,False,True,False,4,3,"[3, 0]",,left down down down,left down down down 
695,False,False,False,7,7,"[1, 2]",obstacle,up up right right right up right,up up right right right up right 
696,False,False,False,7,6,"[3, 5]",obstacle,left up left left left down left,left up left left left down left 
697,True,True,True,5,5,"[0, 2]",,up up up up right,up up up up right 
698,False,False,False,3,1,"[3, 0]",obstacle,left down down,left down down 
699,False,False,False,7,4,"[2, 3]",obstacle,left up up up right right right,left up up up right right right 
700,False,False,False,7,2,"[0, 4]",out_of_bounds,up up left left left up left,up up left left left up left 
701,False,False,False,6,5,"[2, 4]",obstacle,right right right down down right,right right right down down right 
702,True,True,True,3,3,"[0, 2]",,left up up,left up up 
703,False,False,False,4,1,"[0, 0]",out_of_bounds,up up up up,up up up up 
704,False,False,False,8,4,"[1, 2]",obstacle,right right up right right down down left,right right up right right down down left 
705,False,False,False,4,1,"[0, 0]",out_of_bounds,up up up right,up up up right 
706,False,False,False,7,6,"[0, 1]",out_of_bounds,right up up up left up right,right up up up left up right 
707,False,True,False,3,3,"[1, 2]",,up right right,up right right 
708,False,False,False,6,3,"[3, 0]",out_of_bounds,up left up left left left,up left up left left left 
709,False,False,False,9,9,"[4, 4]",obstacle,up left up left up up left left left,up left up left up up left left left 
710,True,True,True,4,4,"[5, 1]",,left down down down,left down down down 
711,False,True,False,6,6,"[3, 1]",,left down down down up down,left down down down up down 
712,False,True,False,7,6,"[5, 2]",,down down right down down down left,down down right down down down left 
713,False,False,False,4,4,"[0, 4]",out_of_bounds,up up left up,up up left up 
714,False,False,False,7,3,"[1, 0]",out_of_bounds,left up left left left down down,left up left left left down down 
715,False,True,False,5,2,"[4, 3]",,down left left left right,down left left left right 
716,True,True,False,4,2,"[4, 2]",,right down down left,right down down left 
717,False,False,False,6,5,"[0, 4]",obstacle,up left left left up left,up left left left up left 
718,False,False,False,6,4,"[3, 3]",obstacle,right down down left left left,right down down left left left 
719,False,True,False,4,2,"[5, 2]",,right right down down,right right down down 
720,False,False,False,5,5,"[5, 5]",out_of_bounds,down right right right up,down right right right up 
721,False,False,False,7,5,"[5, 3]",out_of_bounds,down right right right down right right,down right right right down right right 
722,False,False,False,7,2,"[4, 5]",out_of_bounds,right right up right right right down,right right up right right right down 
723,False,False,False,8,6,"[1, 5]",out_of_bounds,up up right up up right right right,up up right up up right right right 
724,False,False,False,4,4,"[2, 3]",obstacle,right right right down,right right right down 
725,False,False,False,5,4,"[4, 5]",out_of_bounds,right right right up right,right right right up right 
726,False,False,False,6,8,"[4, 0]",obstacle,up right right right up up,up right right right up up 
727,False,False,False,4,3,"[2, 3]",obstacle,down right right down,down right right down 
728,False,False,False,5,5,"[1, 5]",out_of_bounds,right right right down down,right right right down down 
729,False,False,False,9,4,"[1, 5]",out_of_bounds,right right right right down down down right down,right right right right down down down right down 
730,False,False,False,6,3,"[3, 5]",out_of_bounds,down right right right up right,down right right right up right 
731,False,False,False,5,6,"[2, 3]",obstacle,down right down down down,down right down down down 
732,False,False,False,5,4,"[0, 2]",obstacle,up right right right up,up right right right up 
733,False,True,False,5,2,"[4, 4]",,down right right up right,down right right up right 
734,False,False,False,5,4,"[0, 5]",out_of_bounds,up right right right down,up right right right down 
735,False,False,False,5,4,"[3, 5]",out_of_bounds,up right right right down,up right right right down 
736,False,False,False,5,5,"[3, 1]",obstacle,up right right right down,up right right right down 
737,False,False,False,7,4,"[4, 5]",out_of_bounds,right right up up right right right,right right up up right right right 
738,False,True,False,4,2,"[1, 5]",,up right right right,up right right right 
739,False,False,False,4,3,"[2, 3]",obstacle,up right right right,up right right right 
740,False,False,False,5,2,"[5, 5]",out_of_bounds,down right right right up,down right right right up 
741,False,False,False,5,4,"[3, 2]",obstacle,down right right down down,down right right down down 
742,False,True,False,6,6,"[1, 3]",,up up right up up right,up up right up up right 
743,False,False,False,7,5,"[1, 5]",out_of_bounds,up right right right up right down,up right right right up right down 
744,False,False,False,7,7,"[4, 3]",obstacle,up up up up right right right,up up up up right right right 
745,False,False,False,6,2,"[3, 5]",out_of_bounds,up up right right right down,up up right right right down 
746,False,True,False,5,6,"[2, 3]",,right right up up right,right right up up right 
747,False,False,False,6,1,"[5, 0]",out_of_bounds,down right right right down down,down right right right down down 
748,False,False,False,6,7,"[4, 5]",out_of_bounds,down right right right left down,down right right right left down 
749,False,True,False,7,5,"[1, 4]",,up up right up up right right,up up right up up right right 
750,True,True,True,2,2,"[1, 2]",,up right,up right 
751,True,True,True,6,6,"[4, 1]",,left left left down down down,left left left down down down 
752,True,True,True,1,1,"[1, 2]",,left,left 
753,True,True,True,3,3,"[0, 3]",,up up up,up up up 
754,True,True,True,2,2,"[1, 0]",,left left,left left 
755,True,True,True,1,1,"[3, 3]",,down,down 
756,True,True,True,4,4,"[1, 1]",,right up up up,right up up up 
757,True,True,True,5,5,"[1, 1]",,up right up up up,up right up up up 
758,False,False,False,7,7,"[3, 4]",obstacle,right right right down down down right,right right right down down down right 
759,False,True,False,4,2,"[2, 3]",,up up up right,up up up right 
760,True,True,True,4,4,"[1, 0]",,up left left left,up left left left 
761,False,True,False,6,6,"[1, 3]",,up right right right left right,up right right right left right 
762,True,True,True,2,2,"[0, 3]",,right up,right up 
763,False,True,False,9,8,"[0, 5]",,right up up up right right right up right,right up up up right right right up right 
764,False,True,False,3,3,"[0, 3]",,up left left,up left left 
765,True,True,True,3,3,"[1, 1]",,left left left,left left left 
766,True,True,True,3,3,"[2, 3]",,up right right,up right right 
767,True,True,True,5,5,"[0, 4]",,up up up up right,up up up up right 
768,True,True,True,3,3,"[2, 4]",,up up right,up up right 
769,True,True,True,4,4,"[1, 5]",,right right right right,right right right right 
770,True,True,True,3,3,"[1, 3]",,up right right,up right right 
771,False,False,False,3,1,"[5, 2]",out_of_bounds,right down down,right down down 
772,True,True,True,2,2,"[2, 3]",,right down,right down 
773,False,False,False,6,6,"[1, 5]",obstacle,down down left down down right,down down left down down right 
774,True,True,True,6,6,"[3, 5]",,right right right down down right,right right right down down right 
775,True,True,True,8,8,"[4, 5]",,down right right right down down right down,down right right right down down right down 
776,True,True,True,3,3,"[3, 2]",,left down down,left down down 
777,True,True,True,4,4,"[3, 5]",,down down down right,down down down right 
778,True,True,True,5,5,"[3, 4]",,up up right right right,up up right right right 
779,True,True,True,1,1,"[1, 5]",,down,down 
780,False,True,False,5,5,"[0, 2]",,up right right right left,up right right right left 
781,True,True,True,3,3,"[1, 2]",,up left left,up left left 
782,True,True,True,4,4,"[5, 5]",,right down down down,right down down down 
783,True,True,True,3,3,"[2, 4]",,left down down,left down down 
784,True,True,True,3,3,"[3, 2]",,up left left,up left left 
785,True,True,True,4,4,"[1, 4]",,up right right right,up right right right 
786,False,False,False,5,5,"[1, 3]",obstacle,left down down down left,left down down down left 
787,True,True,True,2,2,"[0, 3]",,left left,left left 
788,True,True,True,6,6,"[2, 5]",,right up right right right down,right up right right right down 
789,True,True,True,5,5,"[2, 1]",,up up left up left,up up left up left 
790,False,True,False,6,7,"[0, 2]",,up up up left left left,up up up left left left 
791,True,True,True,1,1,"[1, 1]",,down,down 
792,True,True,True,1,1,"[4, 5]",,down,down 
793,True,True,True,4,4,"[2, 0]",,left left left down,left left left down 
794,True,True,True,3,3,"[3, 3]",,down down right,down down right 
797,True,True,True,3,3,"[2, 5]",,right down down,right down down 
799,True,True,True,7,7,"[4, 5]",,right right right right down down down,right right right right down down down 
800,True,True,True,3,3,"[4, 3]",,down left down,down left down 
801,True,True,True,2,2,"[2, 1]",,left down,left down 
802,True,True,True,5,5,"[3, 3]",,right right down down right,right right down down right 
803,False,False,False,6,5,"[0, 2]",out_of_bounds,up up left left left up,up up left left left up 
805,False,False,False,6,5,"[0, 5]",out_of_bounds,right down down down up down,right down down down up down 
806,True,True,True,5,5,"[0, 2]",,up left up up up,up left up up up 
808,True,True,True,5,5,"[0, 0]",,up up up left left,up up up left left 
809,True,True,True,7,7,"[1, 2]",,up up up up left left left,up up up up left left left 
810,True,True,True,5,5,"[0, 2]",,up up up up left,up up up up left 
812,False,False,False,6,2,"[2, 5]",out_of_bounds,right right right up right down,right right right up right down 
813,False,False,False,6,3,"[2, 5]",out_of_bounds,right right right up right down,right right right up right down 
814,False,False,False,9,6,"[0, 4]",obstacle,right right right down down right down left down,right right right down down right down left down 
815,True,True,True,4,4,"[1, 2]",,up up up right,up up up right 
816,False,False,False,3,2,"[0, 4]",obstacle,right right down,right right down 
817,False,False,False,7,6,"[1, 3]",obstacle,right right down right right down down,right right down right right down down 
818,True,True,True,5,5,"[2, 4]",,up right up right right,up right up right right 
820,True,True,True,2,2,"[0, 2]",,up up,up up 
821,False,False,False,10,7,"[0, 4]",obstacle,right right right down down right down left down down,right right right down down right down left down down 
822,False,False,False,4,3,"[4, 5]",out_of_bounds,up right right right,up right right right 
823,False,False,False,6,4,"[1, 5]",obstacle,up up left left left down,up up left left left down 
824,False,False,False,6,5,"[1, 3]",obstacle,up up up up right up,up up up up right up 
825,False,False,False,7,6,"[1, 5]",obstacle,up up left up right right right,up up left up right right right 
826,False,False,False,5,7,"[1, 5]",obstacle,left up left left left,left up left left left 
827,False,True,False,7,7,"[1, 3]",,up up left left up left right,up up left left up left right 
828,False,False,False,7,7,"[2, 4]",obstacle,up up right right right up right,up up right right right up right 
829,True,True,True,5,5,"[1, 1]",,up left up left left,up left up left left 
830,True,True,True,3,3,"[0, 1]",,up up up,up up up 
831,False,False,False,6,4,"[1, 3]",obstacle,up right right right down right,up right right right down right 
832,False,True,False,2,1,"[3, 5]",,right right,right right 
833,False,False,False,4,4,"[0, 1]",out_of_bounds,right up up left,right up up left 
834,False,False,False,6,6,"[2, 5]",out_of_bounds,right right right right down right,right right right right down right 
836,True,True,True,3,3,"[1, 1]",,up up up,up up up 
837,True,True,True,5,5,"[0, 2]",,right up up up right,right up up up right 
838,False,True,False,2,2,"[4, 5]",,right right,right right 
840,True,True,True,2,2,"[0, 4]",,up right,up right 
841,True,True,True,1,1,"[0, 2]",,up,up 
842,True,True,True,4,4,"[0, 5]",,up right right right,up right right right 
843,False,False,False,5,9,"[3, 4]",obstacle,down left down down right,down left down down right 
844,True,True,True,2,2,"[1, 2]",,right right,right right 
845,True,True,True,2,2,"[2, 3]",,up right,up right 
846,True,True,True,6,6,"[4, 0]",,left left left left down down,left left left left down down 
847,False,True,False,4,5,"[0, 4]",,right right right right,right right right right 
848,True,True,True,2,2,"[1, 0]",,left down,left down 
849,False,False,False,8,11,"[3, 0]",obstacle,up right right right down down right right,up right right right down down right right 
850,True,True,True,5,5,"[3, 3]",,right right right down down,right right right down down 
851,False,False,False,5,5,"[4, 1]",obstacle,right up up up left,right up up up left 
852,False,False,False,4,8,"[3, 4]",obstacle,down down down right,down down down right 
853,True,True,True,3,3,"[2, 5]",,right down down,right down down 
854,False,False,False,0,11,"[4, 1]",invalid_action,,Goal not reachable
855,True,True,True,4,4,"[0, 2]",,up up left left,up up left left 
856,False,False,False,2,2,"[0, 3]",out_of_bounds,up up,up up 
857,True,True,True,2,2,"[2, 1]",,down down,down down 
858,False,False,False,9,9,"[0, 3]",out_of_bounds,up up up up right right right up right,up up up up right right right up right 
859,True,True,True,5,5,"[3, 3]",,left left down down down,left left down down down 
860,True,True,True,2,2,"[4, 3]",,down down,down down 
861,True,True,True,2,2,"[4, 3]",,left down,left down 
862,True,True,True,2,2,"[1, 4]",,right right,right right 
863,True,True,True,7,7,"[1, 3]",,left up up up right right right,left up up up right right right 
864,True,True,True,5,5,"[0, 1]",,up up left left left,up up left left left 
865,False,True,False,8,9,"[0, 3]",,left up up up right up right right,left up up up right up right right 
866,False,False,False,0,1,"[4, 1]",invalid_action,,Goal not reachable
867,True,True,True,6,6,"[5, 4]",,down down left down down right,down down left down down right 
868,True,True,True,5,5,"[3, 0]",,left left down down down,left left down down down 
869,False,True,False,6,8,"[0, 3]",,up up up right right right,up up up right right right 
870,False,False,False,8,9,"[3, 2]",obstacle,down down down left left left up left,down down down left left left up left 
871,False,False,False,4,1,"[0, 1]",obstacle,up left left down,up left left down 
872,False,False,False,7,8,"[1, 2]",obstacle,up up left up left left down,up up left up left left down 
873,False,False,False,3,3,"[1, 5]",out_of_bounds,up up right,up up right 
874,False,False,False,6,1,"[5, 1]",out_of_bounds,up left down down right down,up left down down right down 
875,True,True,True,4,4,"[4, 4]",,right right down down,right right down down 
876,False,False,False,7,5,"[4, 4]",obstacle,left left down down left left down,left left down down left left down 
877,False,False,False,6,6,"[5, 2]",out_of_bounds,left left down down left left,left left down down left left 
878,False,False,False,7,3,"[2, 2]",obstacle,right up up up left left down,right up up up left left down 
879,True,True,True,5,5,"[1, 5]",,up up up up right,up up up up right 
880,False,False,False,6,8,"[2, 0]",obstacle,up right right up up left,up right right up up left 
881,False,False,False,8,4,"[5, 0]",out_of_bounds,down right down right right right down down,down right down right right right down down 
882,True,True,True,7,7,"[1, 5]",,up up up right up right right,up up up right up right right 
883,True,True,True,4,4,"[2, 0]",,up left up up,up left up up 
884,True,True,True,6,6,"[5, 1]",,left left down down down left,left left down down down left 
885,True,True,True,4,4,"[0, 3]",,up up up left,up up up left 
886,False,False,False,5,2,"[2, 0]",obstacle,up up right right up,up up right right up 
887,True,True,True,5,5,"[2, 4]",,right right right down down,right right right down down 
888,True,True,True,5,5,"[5, 4]",,right right down down down,right right down down down 
889,False,False,False,6,6,"[5, 2]",out_of_bounds,left down left left up up,left down left left up up 
890,False,False,False,7,7,"[3, 3]",obstacle,left left down down down left left,left left down down down left left 
891,False,False,False,3,2,"[1, 5]",out_of_bounds,right right right,right right right 
892,True,True,True,5,5,"[5, 0]",,down down left left down,down down left left down 
893,False,False,False,8,5,"[5, 3]",obstacle,down right right up up right right down,down right right up up right right down 
894,True,True,True,2,2,"[5, 4]",,right right,right right 
895,False,False,False,7,2,"[1, 2]",obstacle,down right right up up up left,down right right up up up left 
896,True,True,True,4,4,"[0, 2]",,up up up up,up up up up 
897,False,False,False,3,3,"[3, 0]",obstacle,down right down,down right down 
898,False,False,False,8,6,"[2, 0]",obstacle,up up right right up right down right,up up right right up right down right 
899,True,True,True,1,1,"[3, 3]",,down,down 
900,False,False,False,4,3,"[4, 1]",obstacle,left left left down,left left left down 
901,False,False,False,9,7,"[4, 5]",obstacle,up up left left left up left right down,up up left left left up left right down 
902,True,True,True,4,4,"[2, 5]",,up up right right,up up right right 
903,True,True,True,2,2,"[3, 4]",,up up,up up 
904,True,True,True,2,2,"[2, 5]",,down down,down down 
905,False,True,False,3,5,"[2, 3]",,up up up,up up up 
906,True,True,True,5,5,"[4, 1]",,left left down left down,left left down left down 
907,True,True,True,1,1,"[4, 1]",,down,down 
908,False,False,False,5,6,"[3, 4]",obstacle,down down down right down,down down down right down 
909,False,True,False,4,6,"[3, 3]",,left down down down,left down down down 
910,True,True,True,4,4,"[0, 1]",,left left left left,left left left left 
911,True,True,True,7,7,"[3, 0]",,left left left left down down down,left left left left down down down 
912,False,True,False,4,6,"[3, 4]",,left down down down,left down down down 
913,True,True,True,6,6,"[3, 3]",,right right right down down down,right right right down down down 
914,True,True,True,4,4,"[2, 3]",,up right up right,up right up right 
915,False,True,False,8,7,"[1, 4]",,up up up right right right down right,up up up right right right down right 
916,True,True,True,1,1,"[2, 3]",,right,right 
917,True,True,True,2,2,"[3, 1]",,left left,left left 
918,True,True,True,4,4,"[0, 5]",,up up up right,up up up right 
919,False,True,False,6,5,"[0, 5]",,left up up up right up,left up up up right up 
920,True,True,True,5,5,"[1, 5]",,left up up up right,left up up up right 
921,True,True,True,1,1,"[0, 1]",,up,up 
922,False,True,False,3,3,"[0, 5]",,up right right,up right right 
923,True,True,True,4,4,"[5, 3]",,left down down down,left down down down 
924,False,False,False,4,1,"[5, 4]",out_of_bounds,left down down right,left down down right 
925,True,True,True,4,4,"[0, 2]",,up up up left,up up up left 
926,True,True,True,6,6,"[2, 0]",,left left left left down down,left left left left down down 
927,True,True,True,2,2,"[0, 1]",,up right,up right 
928,True,True,True,1,1,"[1, 3]",,down,down 
929,False,True,False,7,6,"[4, 4]",,left left down down down right down,left left down down down right down 
930,False,False,False,7,9,"[2, 2]",obstacle,up up up right right right left,up up up right right right left 
931,False,False,False,8,8,"[0, 0]",out_of_bounds,left left down down down left down right,left left down down down left down right 
932,False,False,False,10,8,"[4, 1]",obstacle,left down left left up up up right right right,left down left left up up up right right right 
933,True,True,True,2,2,"[1, 3]",,left down,left down 
934,False,True,False,7,7,"[0, 3]",,up up right right right left right,up up right right right left right 
935,True,True,True,1,1,"[3, 2]",,up,up 
936,False,True,False,6,8,"[2, 1]",,left left up up up left,left left up up up left 
937,False,False,False,8,7,"[3, 2]",obstacle,right down down right down right left down,right down down right down right left down 
938,True,True,True,6,6,"[1, 0]",,up up up up left left,up up up up left left 
939,False,False,False,3,1,"[5, 3]",out_of_bounds,down right down,down right down 
940,False,False,False,7,8,"[3, 2]",obstacle,left left down down down left down,left left down down down left down 
941,True,True,True,4,4,"[1, 1]",,up up up left,up up up left 
942,False,False,False,9,8,"[4, 0]",out_of_bounds,left left left left down down down left down,left left left left down down down left down 
943,False,False,False,7,8,"[4, 3]",obstacle,up left up up up right right,up left up up up right right 
944,False,False,False,2,2,"[5, 5]",out_of_bounds,down left,down left 
945,True,True,True,4,4,"[4, 4]",,down down right right,down down right right 
946,False,True,False,7,6,"[5, 1]",,left left down down down left down,left left down down down left down 
947,True,True,True,3,3,"[0, 1]",,left left left,left left left 
948,True,True,True,3,3,"[4, 4]",,right right up,right right up 
949,True,True,True,2,2,"[1, 2]",,up up,up up 
950,False,True,False,2,1,"[5, 2]",,right down,right down 
951,False,False,False,8,6,"[2, 1]",obstacle,left left down left down down right right,left left down left down down right right 
952,False,False,False,7,9,"[4, 3]",obstacle,up right right up right right right,up right right up right right right 
953,True,True,True,4,4,"[4, 1]",,down down down right,down down down right 
954,True,True,True,8,8,"[1, 5]",,up right up up up right right right,up right up up up right right right 
955,True,True,True,5,5,"[0, 2]",,up up left left left,up up left left left 
956,True,True,True,2,2,"[1, 3]",,left down,left down 
957,True,True,True,2,2,"[1, 2]",,right down,right down 
958,True,True,True,3,3,"[5, 1]",,down left down,down left down 
959,True,True,True,5,5,"[2, 2]",,left left left down down,left left left down down 
960,True,True,True,5,5,"[4, 4]",,down right right right down,down right right right down 
961,True,True,True,7,7,"[5, 2]",,down left down down right down down,down left down down right down down 
962,True,True,True,3,3,"[3, 4]",,up right up,up right up 
963,True,True,True,5,5,"[0, 3]",,up up right up right,up up right up right 
964,False,False,False,2,2,"[1, 4]",obstacle,left down,left down 
965,True,True,True,5,5,"[0, 3]",,up right right up right,up right right up right 
966,True,True,True,4,4,"[3, 1]",,down right down down,down right down down 
967,False,True,False,1,1,"[0, 0]",,up,up 
968,False,True,False,7,5,"[2, 1]",,down right right up down left down,down right right up down left down 
969,True,True,True,1,1,"[1, 1]",,left,left 
970,False,False,False,6,4,"[4, 1]",obstacle,left left left left down down,left left left left down down 
971,True,True,True,2,2,"[4, 2]",,right down,right down 
972,True,True,True,5,5,"[5, 5]",,down down right down down,down down right down down 
973,False,True,False,2,1,"[1, 0]",,left up,left up 
974,True,True,True,3,3,"[0, 4]",,up up up,up up up 
975,True,True,True,1,1,"[1, 4]",,down,down 
976,True,True,True,6,6,"[0, 3]",,right right up up up left,right right up up up left 
977,True,True,True,2,2,"[3, 3]",,right up,right up 
978,True,True,True,4,4,"[2, 1]",,left down left down,left down left down 
979,True,True,True,7,7,"[2, 1]",,up left up left left left up,up left up left left left up 
980,False,False,False,7,7,"[2, 3]",obstacle,up left up left left left up,up left up left left left up 
981,False,False,False,9,7,"[2, 0]",out_of_bounds,up up left up left left up up right,up up left up left left up up right 
982,False,False,False,5,2,"[2, 3]",obstacle,up left up left up,up left up left up 
983,True,True,True,3,3,"[5, 2]",,right down down,right down down 
984,True,True,True,4,4,"[4, 3]",,down down right right,down down right right 
985,True,True,True,6,6,"[0, 4]",,up up up right up up,up up up right up up 
986,False,False,False,7,7,"[2, 3]",obstacle,up left left left up left up,up left left left up left up 
987,True,True,True,4,4,"[0, 5]",,up up up right,up up up right 
988,True,True,True,3,3,"[2, 4]",,up up up,up up up 
989,True,True,True,4,4,"[1, 0]",,left up up left,left up up left 
990,False,False,False,6,6,"[0, 0]",out_of_bounds,up up right right right left,up up right right right left 
991,False,False,False,7,13,"[4, 2]",obstacle,right up up up left left down,right up up up left left down 
992,False,True,False,5,2,"[3, 0]",,left left down down down,left left down down down 
993,False,False,False,3,1,"[5, 1]",out_of_bounds,right down down,right down down 
994,True,True,True,2,2,"[1, 3]",,left down,left down 
995,True,True,True,6,6,"[4, 5]",,right right right down down down,right right right down down down 
996,False,False,False,4,10,"[3, 0]",obstacle,down right right right,down right right right 
997,False,True,False,4,4,"[0, 1]",,up left left left,up left left left 
998,True,True,True,1,1,"[1, 5]",,right,right 
999,True,True,True,4,4,"[3, 5]",,right down down down,right down down down 
1000,False,False,False,3,2,"[0, 1]",out_of_bounds,up up right,up up right 
1001,True,True,True,3,3,"[1, 4]",,right right down,right right down 
1002,True,True,True,4,4,"[0, 5]",,up up up right,up up up right 
1003,True,True,True,7,7,"[4, 4]",,right right right right down down down,right right right right down down down 
1004,False,True,False,8,7,"[1, 0]",,up up left up left left left down,up up left up left left left down 
1005,False,True,False,7,4,"[3, 0]",,left left left left down down down,left left left left down down down 
1006,False,True,False,9,8,"[3, 4]",,right up up right right right down down down,right up up right right right down down down 
1007,False,False,False,4,6,"[3, 4]",obstacle,down down down left,down down down left 
1008,False,True,False,6,5,"[3, 4]",,right right right down down down,right right right down down down 
1009,True,True,True,4,4,"[1, 5]",,up up up up,up up up up 
1010,False,False,False,4,3,"[1, 5]",out_of_bounds,up right right right,up right right right 
1011,True,True,True,3,3,"[0, 3]",,up up left,up up left 
1012,False,True,False,6,6,"[0, 2]",,up left left left right left,up left left left right left 
1013,False,False,False,3,1,"[5, 4]",out_of_bounds,down left down,down left down 
1014,True,True,True,3,3,"[1, 3]",,right right down,right right down 
1015,True,True,True,8,8,"[3, 5]",,right right right right down down down right,right right right right down down down right 
1016,True,True,True,3,3,"[2, 4]",,up up up,up up up 
1017,False,True,False,8,7,"[5, 4]",,right right right down down down left down,right right right down down down left down 
1018,True,True,True,6,6,"[3, 4]",,right right right down down down,right right right down down down 
1019,False,False,False,5,4,"[5, 4]",out_of_bounds,down right right right down,down right right right down 
1020,True,True,True,5,5,"[4, 2]",,right right down down down,right right down down down 
1021,True,True,True,3,3,"[1, 0]",,up left left,up left left 
1022,True,True,True,6,6,"[0, 3]",,up up up left up up,up up up left up up 
1023,True,True,True,1,1,"[0, 2]",,up,up 
1024,True,True,True,3,3,"[2, 3]",,up right right,up right right 
1025,False,False,False,7,5,"[4, 4]",obstacle,left left left left down down up,left left left left down down up 
1026,True,True,True,4,4,"[0, 2]",,left up up left,left up up left 
1027,False,False,False,3,2,"[2, 4]",obstacle,up left up,up left up 
1028,True,True,True,1,1,"[1, 3]",,up,up 
1029,True,True,True,3,3,"[2, 4]",,right right right,right right right 
1030,False,False,False,8,6,"[4, 2]",obstacle,right right right right down down up right,right right right right down down up right 
1031,True,True,True,4,4,"[2, 3]",,up up right right,up up right right 
1032,False,False,False,5,5,"[1, 0]",obstacle,down right down down down,down right down down down 
1033,False,False,False,8,8,"[1, 3]",obstacle,right right right down down right down right,right right right down down right down right 
1034,False,False,False,7,7,"[2, 4]",obstacle,up left up up left left left,up left up up left left left 
1035,True,True,True,3,3,"[3, 5]",,up up right,up up right 
1036,False,False,False,6,4,"[4, 4]",obstacle,left left left down down up,left left left down down up 
1037,True,True,True,5,5,"[5, 1]",,left left left down down,left left left down down 
1038,True,True,False,9,7,"[3, 0]",,up up left up left left left down left,up up left up left left left down left 
1039,True,True,True,3,3,"[0, 1]",,up left left,up left left 
1040,False,False,False,3,3,"[0, 3]",out_of_bounds,up up right,up up right 
1041,True,True,True,6,6,"[2, 5]",,up up up right right right,up up up right right right 
1042,True,True,True,7,7,"[0, 4]",,up up up up right right right,up up up up right right right 
1043,False,True,False,7,4,"[0, 4]",,right up up up right right right,right up up up right right right 
1044,True,True,True,8,8,"[5, 0]",,left left left left down down left down,left left left left down down left down 
1045,True,True,True,4,4,"[2, 4]",,right up up up,right up up up 
1046,False,False,False,5,2,"[2, 4]",obstacle,up up left up up,up up left up up 
1047,True,True,True,4,4,"[5, 3]",,left down down right,left down down right 
1048,False,False,False,7,7,"[4, 2]",obstacle,right right down down down right down,right right down down down right down 
1049,True,True,True,3,3,"[5, 2]",,left down down,left down down 
1050,True,True,True,3,3,"[0, 2]",,left left left,left left left 
1051,False,False,False,5,4,"[4, 1]",obstacle,left left down down down,left left down down down 
1052,True,True,True,6,6,"[4, 1]",,left left down left down down,left left down left down down 
1053,True,True,True,1,1,"[3, 5]",,down,down 
1054,True,True,True,1,1,"[4, 2]",,up,up 
1055,True,True,True,4,4,"[1, 5]",,up up up up,up up up up 
1056,True,True,True,3,3,"[0, 1]",,up left left,up left left 
1057,False,False,False,5,4,"[4, 1]",obstacle,left left down down down,left left down down down 
1058,False,False,False,5,5,"[2, 5]",obstacle,up left left left down,up left left left down 
1059,True,True,True,4,4,"[5, 3]",,up left left down,up left left down 
1060,True,True,True,3,3,"[0, 4]",,up right right,up right right 
1061,True,True,True,2,2,"[1, 4]",,right right,right right 
1062,True,True,True,5,5,"[3, 1]",,left down down left down,left down down left down 
1063,True,True,True,7,7,"[2, 1]",,up up left left left down left,up up left left left down left 
1064,True,True,True,2,2,"[4, 4]",,up left,up left 
1065,False,True,False,7,7,"[1, 0]",,left left up left left left down,left left up left left left down 
1066,True,True,True,7,7,"[3, 5]",,right right up right right down down,right right up right right down down 
1067,True,True,True,2,2,"[0, 2]",,up up,up up 
1068,True,True,True,7,7,"[2, 5]",,up right right up right right down,up right right up right right down 
1069,False,False,False,8,5,"[1, 4]",obstacle,up up right right up right down right,up up right right up right down right 
1070,False,False,False,8,8,"[0, 3]",out_of_bounds,up up up right right right up right,up up up right right right up right 
1071,False,True,False,8,7,"[5, 3]",,left left down down down right down down,left left down down down right down down 
1072,True,True,True,1,1,"[2, 5]",,up,up 
1073,False,False,False,6,5,"[4, 4]",obstacle,left down down down right down,left down down down right down 
1074,True,True,True,3,3,"[3, 1]",,up up left,up up left 
1075,True,True,True,2,2,"[2, 0]",,down down,down down 
1076,True,True,True,2,2,"[1, 2]",,right down,right down 
1077,True,True,True,1,1,"[0, 4]",,left,left 
1078,True,True,True,1,1,"[0, 4]",,up,up 
1079,True,True,True,4,4,"[1, 2]",,up left left left,up left left left 
1080,True,True,True,4,4,"[4, 3]",,down right down down,down right down down 
1081,False,True,False,6,5,"[5, 3]",,down down right down down down,down down right down down down 
1082,True,True,True,1,1,"[3, 1]",,down,down 
1083,True,True,True,5,5,"[1, 4]",,up up up right up,up up up right up 
1084,True,True,True,4,4,"[3, 0]",,left left down down,left left down down 
1085,True,True,True,6,6,"[4, 3]",,right right down right down down,right right down right down down 
1086,True,True,True,1,1,"[2, 3]",,left,left 
1087,True,True,True,4,4,"[4, 3]",,right right right down,right right right down 
1088,True,True,True,3,3,"[3, 2]",,up right right,up right right 
1089,True,True,True,7,7,"[0, 3]",,up up up up right right right,up up up up right right right 
1090,True,True,True,2,2,"[4, 0]",,left down,left down 
1091,True,True,True,6,6,"[0, 3]",,up up up right right right,up up up right right right 
1092,True,True,True,3,3,"[3, 5]",,up right right,up right right 
1093,True,True,True,5,5,"[1, 2]",,up up up left up,up up up left up 
1094,False,False,False,7,1,"[4, 5]",out_of_bounds,right up right right right down down,right up right right right down down 
1095,False,False,False,5,5,"[2, 3]",obstacle,left left up up left,left left up up left 
1096,True,True,True,5,5,"[2, 4]",,right down down right right,right down down right right 
1097,True,True,True,3,3,"[3, 4]",,up up left,up up left 
1098,True,True,True,1,1,"[5, 3]",,down,down 
1099,True,True,True,2,2,"[3, 2]",,right right,right right 
1100,True,True,True,4,4,"[0, 0]",,up up up up,up up up up 
1101,True,True,True,4,4,"[3, 0]",,left down down down,left down down down 
1102,False,False,False,5,7,"[4, 1]",obstacle,down down down down right,down down down down right 
1103,False,False,False,3,1,"[5, 5]",out_of_bounds,right right right,right right right 
1104,False,False,False,0,6,"[1, 5]",invalid_action,,Goal not reachable
1105,True,True,True,5,5,"[4, 0]",,left left down down down,left left down down down 
1106,True,True,True,5,5,"[3, 0]",,left left down down down,left left down down down 
1107,True,True,True,2,2,"[1, 5]",,up up,up up 
1108,True,True,True,7,7,"[1, 5]",,up up right right right up right,up up right right right up right 
1109,True,True,True,1,1,"[3, 0]",,left,left 
1110,False,False,False,3,3,"[0, 2]",obstacle,right down right,right down right 
1111,True,True,True,1,1,"[4, 4]",,down,down 
1112,True,True,True,1,1,"[2, 3]",,right,right 
1113,True,True,True,5,5,"[2, 5]",,up left up up right,up left up up right 
1114,True,True,True,2,2,"[0, 1]",,up up,up up 
1115,True,True,True,1,1,"[3, 2]",,left,left 
1116,False,False,False,3,2,"[5, 1]",out_of_bounds,left down down,left down down 
1117,True,True,True,2,2,"[3, 2]",,up left,up left 
1118,False,True,False,3,3,"[5, 1]",,left down down,left down down 
1119,False,True,False,4,5,"[1, 2]",,up left left left,up left left left 
1120,True,True,True,3,3,"[2, 3]",,down right down,down right down 
1121,False,True,False,7,7,"[1, 2]",,up up up right right right left,up up up right right right left 
1122,True,True,True,1,1,"[2, 2]",,left,left 
1123,True,True,True,1,1,"[4, 4]",,down,down 
1124,False,True,False,5,5,"[2, 2]",,up left left left right,up left left left right 
1125,True,True,True,3,3,"[0, 2]",,right right up,right right up 
1126,True,True,True,3,3,"[3, 2]",,up up left,up up left 
1127,True,True,True,5,5,"[2, 1]",,up up left left left,up up left left left 
1128,False,False,False,3,2,"[5, 1]",out_of_bounds,right down down,right down down 
1129,True,True,True,2,2,"[1, 0]",,left left,left left 
1130,True,True,True,5,5,"[3, 1]",,left up left left left,left up left left left 
1131,False,False,False,6,5,"[4, 4]",obstacle,right right right right down right,right right right right down right 
1132,True,True,True,7,7,"[5, 5]",,right right down down down right down,right right down down down right down 
1133,False,True,False,6,5,"[3, 1]",,up left left left up left,up left left left up left 
1134,False,True,False,4,3,"[5, 5]",,right right right down,right right right down 
1135,False,True,False,5,5,"[1, 2]",,up left left left right,up left left left right 
1136,True,True,True,2,2,"[3, 4]",,left up,left up 
1137,True,True,True,5,5,"[1, 2]",,up up up right right,up up up right right 
1138,True,True,True,3,3,"[1, 1]",,left left left,left left left 
1139,True,True,True,6,6,"[1, 3]",,up left up up up left,up left up up up left 
1140,False,False,False,3,1,"[5, 3]",out_of_bounds,down down down,down down down 
1141,True,True,True,1,1,"[1, 4]",,down,down 
1142,True,True,True,3,3,"[2, 4]",,up up right,up up right 
1143,True,True,True,3,3,"[2, 4]",,right up right,right up right 
1144,True,True,True,6,6,"[1, 2]",,up right up up up right,up right up up up right 
1145,True,True,True,1,1,"[2, 4]",,down,down 
1146,True,True,True,6,6,"[2, 3]",,up right up right right up,up right up right right up 
1147,True,True,True,2,2,"[2, 3]",,up up,up up 
1148,True,True,True,3,3,"[2, 3]",,right down down,right down down 
1149,False,False,False,5,4,"[5, 1]",out_of_bounds,left left down down left,left left down down left 
1150,False,False,False,7,7,"[3, 1]",obstacle,left down down down left down down,left down down down left down down 
1151,False,False,False,8,8,"[4, 4]",obstacle,left up up up left up up right,left up up up left up up right 
1152,False,False,False,10,10,"[4, 4]",obstacle,left up up up left up up right left left,left up up up left up up right left left 
1153,True,True,True,4,4,"[4, 1]",,down down down down,down down down down 
1154,False,True,False,5,5,"[0, 3]",,up right right right left,up right right right left 
1155,False,False,False,7,7,"[3, 2]",obstacle,left down left down left left down,left down left down left left down 
1156,True,True,True,6,6,"[4, 0]",,left down left left down left,left down left left down left 
1157,True,True,True,3,3,"[4, 4]",,right down right,right down right 
1158,True,True,True,3,3,"[3, 2]",,right down right,right down right 
1160,True,True,True,4,4,"[5, 3]",,left down down down,left down down down 
1161,False,False,False,8,6,"[0, 3]",out_of_bounds,up right right right up right right down,up right right right up right right down 
1162,True,True,True,1,1,"[1, 2]",,left,left 
1163,True,True,True,2,2,"[1, 2]",,left down,left down 
1164,True,True,True,1,1,"[3, 3]",,down,down 
1165,False,True,False,5,6,"[3, 3]",,right right down down down,right right down down down 
1166,False,False,False,4,1,"[5, 3]",out_of_bounds,down down down left,down down down left 
1167,False,False,False,6,6,"[4, 1]",obstacle,right right up up right right,right right up up right right 
1168,True,True,True,4,4,"[2, 1]",,left up up up,left up up up 
1169,False,False,False,5,5,"[2, 3]",obstacle,up up left left left,up up left left left 
1170,True,True,True,5,5,"[3, 0]",,down left left down down,down left left down down 
1171,False,True,False,4,3,"[3, 4]",,left down down down,left down down down 
1172,False,True,False,4,5,"[0, 2]",,up left left left,up left left left 
1173,True,True,True,3,3,"[4, 5]",,down down right,down down right 
1174,False,False,False,5,3,"[5, 3]",out_of_bounds,right right down right down,right right down right down 
1175,False,False,False,4,2,"[0, 3]",out_of_bounds,up up right right,up up right right 
1176,False,True,False,5,5,"[1, 3]",,up right right right left,up right right right left 
1177,True,True,True,6,6,"[4, 3]",,down down left down down right,down down left down down right 
1178,False,True,False,5,4,"[3, 0]",,down left left down down,down left left down down 
1179,True,True,True,4,4,"[5, 2]",,down down down down,down down down down 
1180,True,True,True,2,2,"[0, 3]",,up up,up up 
1181,False,False,False,7,4,"[5, 5]",out_of_bounds,right up right right down down down,right up right right down down down 
1182,True,True,True,4,4,"[5, 5]",,down down right down,down down right down 
1183,True,True,True,3,3,"[1, 3]",,up right right,up right right 
1184,False,False,False,6,5,"[5, 4]",out_of_bounds,right down right right right down,right down right right right down 
1185,False,False,False,4,4,"[3, 2]",obstacle,down down right down,down down right down 
1186,True,True,True,2,2,"[4, 3]",,up left,up left 
1187,True,True,True,4,4,"[3, 2]",,left down down down,left down down down 
1188,True,True,True,1,1,"[1, 4]",,right,right 
1189,True,True,True,4,4,"[1, 3]",,up up up right,up up up right 
1190,True,True,True,3,3,"[1, 3]",,up right right,up right right 
1191,True,True,True,2,2,"[1, 3]",,left down,left down 
1192,False,False,False,7,6,"[2, 1]",obstacle,left left left down left down down,left left left down left down down 
1193,True,True,True,4,4,"[4, 2]",,left left down down,left left down down 
1194,True,True,True,1,1,"[1, 5]",,down,down 
1195,True,True,True,7,7,"[4, 5]",,right right right down down down right,right right right down down down right 
1196,False,True,False,4,6,"[3, 2]",,left down down down,left down down down 
1197,True,True,True,3,3,"[2, 5]",,up up right,up up right 
1198,False,True,False,3,2,"[5, 2]",,right right down,right right down 
1199,False,False,False,6,6,"[4, 0]",out_of_bounds,left down down down left down,left down down down left down 
1200,False,False,False,8,6,"[4, 0]",out_of_bounds,up left left up up up right right,up left left up up up right right 
1201,False,False,False,10,10,"[2, 1]",obstacle,down right down right down down right right right down,down right down right down down right right right down 
1202,False,False,False,10,9,"[3, 2]",obstacle,up up left left left up left up up left,up up left left left up left up up left 
1203,False,False,False,6,3,"[5, 2]",out_of_bounds,down down left left up up,down down left left up up 
1204,False,False,False,6,4,"[5, 4]",out_of_bounds,left down down left left up,left down down left left up 
1205,False,False,False,6,6,"[4, 1]",obstacle,down left left up up left,down left left up up left 
1206,False,False,False,8,2,"[1, 4]",obstacle,left down left left up up right right,left down left left up up right right 
1207,False,True,False,7,1,"[1, 1]",,up left left up up up right,up left left up up up right 
1208,True,True,True,5,5,"[2, 0]",,down left left up up,down left left up up 
1209,False,False,False,8,7,"[2, 1]",obstacle,right right right up right up down left,right right right up right up down left 
1210,False,False,False,6,6,"[3, 2]",obstacle,left left up left up right,left left up left up right 
1211,False,False,False,8,8,"[2, 1]",obstacle,right down right down down right right down,right down right down down right right down 
1212,False,False,False,8,4,"[5, 3]",out_of_bounds,left down down left left up up right,left down down left left up up right 
1213,False,True,False,2,1,"[3, 2]",,left left,left left 
1214,False,False,False,10,9,"[3, 5]",out_of_bounds,up up right right right up up up left left,up up right right right up up up left left 
1215,False,False,False,4,4,"[1, 2]",obstacle,up right right up,up right right up 
1216,False,False,False,3,3,"[0, 0]",out_of_bounds,up up right,up up right 
1217,False,False,False,7,3,"[5, 3]",out_of_bounds,down down down left left up up,down down down left left up up 
1218,False,False,False,8,10,"[0, 3]",out_of_bounds,up left left up left left left down,up left left up left left left down 
1219,False,True,False,2,1,"[1, 0]",,up up,up up 
1220,True,True,True,6,6,"[5, 1]",,left left left down down left,left left left down down left 
1221,False,False,False,7,9,"[1, 4]",obstacle,right down down down left down down,right down down down left down down 
1222,False,False,False,9,9,"[2, 1]",obstacle,up up right right right up up right up,up up right right right up up right up 
1223,False,False,False,5,6,"[1, 2]",obstacle,up right right right up,up right right right up 
1224,False,False,False,6,5,"[4, 1]",obstacle,up left left up left up,up left left up left up 
1225,False,False,False,7,12,"[0, 3]",out_of_bounds,up left up left left left down,up left up left left left down 
1226,False,False,False,8,7,"[2, 3]",obstacle,right up right up right right up up,right up right up right right up up 
1227,False,False,False,9,11,"[2, 1]",obstacle,right down right down right right up up right,right down right down right right up up right 
1228,False,False,False,7,2,"[3, 4]",obstacle,up right right up up up left,up right right up up up left 
1229,False,False,False,6,6,"[2, 1]",obstacle,right right right down down down,right right right down down down 
1230,True,True,True,4,4,"[2, 5]",,up right right right,up right right right 
1231,False,False,False,9,7,"[1, 5]",out_of_bounds,down right right right down down right down right,down right right right down down right down right 
1232,False,False,False,2,8,"[4, 0]",obstacle,up up,up up 
1233,True,True,True,1,1,"[4, 3]",,up,up 
1234,False,False,False,2,1,"[5, 3]",out_of_bounds,down down,down down 
1235,True,True,True,2,2,"[3, 3]",,right down,right down 
1236,True,True,True,1,1,"[2, 3]",,up,up 
1237,False,True,False,7,4,"[5, 2]",,up left up left left down down,up left up left left down down 
1238,False,False,False,5,4,"[5, 2]",out_of_bounds,left left down down left,left left down down left 
1239,True,True,True,4,4,"[3, 1]",,up left left left,up left left left 
1240,True,True,True,2,2,"[3, 3]",,right right,right right 
1241,True,True,True,1,1,"[3, 2]",,right,right 
1242,True,True,True,3,3,"[1, 3]",,up up up,up up up 
1243,True,True,True,3,3,"[3, 2]",,up up left,up up left 
1244,True,True,True,3,3,"[0, 3]",,up left up,up left up 
1245,False,False,False,3,9,"[4, 0]",obstacle,up up up,up up up 
1246,False,False,False,8,6,"[2, 5]",out_of_bounds,down right right right down down right right,down right right right down down right right 
1247,False,False,False,2,7,"[3, 1]",obstacle,down down,down down 
1248,False,False,False,4,4,"[0, 0]",obstacle,up right right up,up right right up 
1249,False,False,False,5,3,"[5, 2]",out_of_bounds,left left down down left,left left down down left 
1250,False,True,False,2,2,"[3, 3]",,up right,up right 
1251,False,False,False,3,5,"[3, 1]",obstacle,down down left,down down left 
1252,True,True,True,5,5,"[1, 4]",,right right up right right,right right up right right 
1253,False,False,False,3,3,"[0, 3]",out_of_bounds,up up right,up up right 
1254,True,True,True,4,4,"[4, 3]",,right right down down,right right down down 
1255,False,False,False,8,6,"[2, 5]",obstacle,right down down down left left left down,right down down down left left left down 
1256,False,False,False,3,2,"[3, 4]",obstacle,up right right,up right right 
1257,False,False,False,2,7,"[3, 1]",obstacle,down down,down down 
1258,False,False,False,4,4,"[3, 4]",obstacle,right right down down,right right down down 
1259,True,True,True,4,4,"[2, 5]",,up up right right,up up right right 
1260,False,False,False,9,9,"[1, 3]",obstacle,down left left down left left left up down,down left left down left left left up down 
1261,False,False,False,8,7,"[3, 2]",obstacle,right down down right down right left down,right down down right down right left down 
1262,False,False,False,6,7,"[5, 3]",obstacle,right right right up up right,right right right up up right 
1263,True,True,True,6,6,"[0, 3]",,up up up up right right,up up up up right right 
1264,False,True,False,9,9,"[2, 5]",,right right right down right right up down down,right right right down right right up down down 
1265,False,False,False,7,6,"[4, 5]",out_of_bounds,right right up up up left left,right right up up up left left 
1266,True,True,True,5,5,"[1, 3]",,up up up left left,up up up left left 
1267,True,True,True,3,3,"[0, 2]",,up up up,up up up 
1268,True,True,True,2,2,"[2, 5]",,up up,up up 
1269,False,False,False,7,8,"[3, 2]",obstacle,up up right right right up right,up up right right right up right 
1270,True,True,True,1,1,"[1, 1]",,right,right 
1271,True,True,True,3,3,"[2, 5]",,up up up,up up up 
1272,True,True,True,2,2,"[0, 0]",,up left,up left 
1273,True,True,True,4,4,"[1, 1]",,up up up right,up up up right 
1274,False,False,False,9,6,"[5, 4]",out_of_bounds,left down left left left up up up right,left down left left left up up up right 
1275,False,False,False,7,8,"[5, 3]",obstacle,right up up right up up up,right up up right up up up 
1276,False,False,False,6,5,"[1, 4]",obstacle,down right down right down down,down right down right down down 
1277,True,True,True,3,3,"[1, 5]",,up up up,up up up 
1278,True,True,True,4,4,"[5, 2]",,left down left left,left down left left 
1279,True,True,True,4,4,"[3, 1]",,right down down down,right down down down 
1280,False,False,False,8,7,"[5, 3]",obstacle,up left left up up up right up,up left left up up up right up 
1281,True,True,True,2,2,"[5, 2]",,down right,down right 
1282,False,False,False,7,9,"[3, 2]",obstacle,right right down down down right right,right right down down down right right 
1283,False,True,False,1,1,"[0, 0]",,up,up 
1284,False,False,False,7,5,"[4, 1]",obstacle,right up right right right down down,right up right right right down down 
1285,False,False,False,7,7,"[4, 4]",obstacle,down left down left left up left,down left down left left up left 
1286,False,False,False,5,5,"[2, 2]",obstacle,right right right up up,right right right up up 
1287,False,True,False,6,5,"[4, 0]",,left down down down left down,left down down down left down 
1288,True,True,True,2,2,"[2, 5]",,right up,right up 
1289,False,False,False,6,7,"[4, 4]",obstacle,left down left left left down,left down left left left down 
1290,False,False,False,8,9,"[4, 0]",obstacle,right up up right up up up right,right up up right up up upright 
1291,False,True,False,5,4,"[3, 4]",,right right down down down,right right down down down 
1292,False,True,False,5,6,"[3, 2]",,right right down down down,right right down down down 
1293,True,True,True,5,5,"[1, 1]",,up up up up left,up up up up left 
1294,False,False,False,6,5,"[0, 5]",out_of_bounds,right right right down down down,right right right down down down 
1295,False,False,False,7,5,"[0, 1]",out_of_bounds,up left left left up up left,up left left left up up left 
1296,False,False,False,4,5,"[1, 5]",out_of_bounds,right right down down,right right down down 
1297,False,False,False,7,1,"[4, 5]",out_of_bounds,right right up right right down down,right right up right right down down 
1298,True,True,True,3,3,"[3, 2]",,left down down,left down down 
1299,False,True,False,2,3,"[1, 3]",,up right,up right 
1300,True,True,True,1,1,"[1, 0]",,down,down 
1301,False,False,False,4,2,"[0, 1]",out_of_bounds,up up up right,up up up right 
1302,False,False,False,3,5,"[4, 2]",obstacle,up right right,up right right 
1303,False,False,False,4,6,"[4, 4]",obstacle,up left left left,up left left left 
1304,False,False,False,7,4,"[2, 5]",out_of_bounds,up up up right right up right,up up up right right up right 
1305,False,False,False,6,4,"[1, 5]",out_of_bounds,right right right down down down,right right right down down down 
1306,False,False,False,5,4,"[0, 0]",out_of_bounds,up up up right down,up up up right down 
1307,False,False,False,7,9,"[3, 1]",obstacle,down right down down down left down,down right down down down left down 
1308,False,False,False,6,8,"[4, 0]",obstacle,right right up right right down,right right up right right down 
1309,False,False,False,7,3,"[2, 5]",out_of_bounds,up up right up right right down,up up right up right right down 
1310,False,False,False,5,2,"[4, 5]",out_of_bounds,right right right right down,right right right right down 
1311,True,True,True,3,3,"[2, 2]",,left left up,left left up 
1312,False,False,False,4,1,"[0, 0]",out_of_bounds,up up up up,up up up up 
1313,True,True,True,2,2,"[3, 3]",,up left,up left 
1314,False,True,False,6,6,"[1, 3]",,up up left left left right,up up left left left right 
1315,True,True,True,5,5,"[1, 5]",,up up right right right,up up right right right 
1316,False,False,False,6,4,"[2, 5]",out_of_bounds,up right up right right down,up right up right right down 
1317,False,False,False,7,1,"[4, 5]",out_of_bounds,right right up right right down down,right right up right right down down 
1318,True,True,True,5,5,"[0, 1]",,left up up up left,left up up up left 
1319,True,True,True,6,6,"[4, 5]",,right down right right right down,right down right right right down 
1320,False,False,False,4,1,"[3, 5]",out_of_bounds,down right right right,down right right right 
1321,False,False,False,7,13,"[5, 1]",obstacle,up right right right up right down,up right right right up right down 
1322,True,True,True,2,2,"[3, 0]",,down down,down down 
1323,True,True,True,4,4,"[0, 1]",,left up left left,left up left left 
1324,True,True,True,6,6,"[3, 5]",,right right right right down down,right right right right down down 
1325,False,True,False,6,5,"[4, 4]",,right down right down down down,right down right down down down 
1326,True,True,True,1,1,"[1, 1]",,right,right 
1327,False,False,False,5,5,"[0, 5]",obstacle,left left up left left,left left up left left 
1328,False,False,False,4,10,"[4, 0]",obstacle,up right right right,up right right right 
1329,True,True,True,3,3,"[0, 2]",,up up up,up up up 
1330,False,False,False,10,10,"[0, 3]",obstacle,up up up up left left up right left left,up up up up left left up right left left 
1331,False,False,False,7,6,"[3, 2]",obstacle,left down down down left left down,left down down down left left down 
1332,True,True,True,2,2,"[4, 2]",,left down,left down 
1333,False,False,False,7,14,"[5, 1]",obstacle,right up right right right down down,right up right right right down down 
1334,False,False,False,7,5,"[1, 5]",out_of_bounds,right right down down left left left,right right down down left left left 
1335,False,True,False,2,2,"[1, 3]",,up right,up right 
1336,False,True,False,6,7,"[4, 3]",,down left down down left down,down left down down left down 
1337,False,False,False,4,8,"[5, 1]",obstacle,up right up up,up right up up 
1338,False,True,False,8,7,"[4, 4]",,right right right down right down down down,right right right down right down down down 
1339,True,True,True,5,5,"[4, 3]",,right down down right down,right down down right down 
1340,True,True,True,4,4,"[4, 0]",,left down down down,left down down down 
1341,False,False,False,7,3,"[3, 5]",out_of_bounds,down right right right down right down,down right right right down right down 
1342,True,True,True,5,5,"[2, 2]",,up up right right down,up up right right down 
1343,False,False,False,7,9,"[4, 2]",obstacle,left left down down down left down,left left down down down left down 
1344,False,False,False,7,7,"[0, 3]",obstacle,up right right right up right right,up right right right up right right 
1345,False,False,False,4,10,"[4, 0]",obstacle,up right right right,up right right right 
1346,True,True,True,4,4,"[1, 4]",,up up up up,up up up up 
1347,False,False,False,5,12,"[4, 2]",obstacle,up left left left right,up left left left right 
1348,True,True,False,7,5,"[1, 0]",,up left left left up left down,up left left left up left down 
1349,True,True,True,7,7,"[4, 5]",,right down right right down down down,right down right right down down down 
1350,True,True,True,3,3,"[3, 0]",,left left left,left left left 
1351,True,True,True,2,2,"[0, 2]",,left left,left left 
1352,True,True,True,4,4,"[4, 2]",,right right down down,right right down down 
1353,False,False,False,5,4,"[4, 5]",out_of_bounds,left down down right right,left down down right right 
1354,True,True,True,4,4,"[3, 2]",,left up left left,left up left left 
1355,True,True,True,7,7,"[4, 1]",,left down left left left down down,left down left left left down down 
1356,False,True,False,9,10,"[4, 0]",,left left left left down down down left down,left left left left down down down left down 
1357,True,True,True,2,2,"[4, 2]",,left left,left left 
1358,True,True,True,2,2,"[0, 0]",,up left,up left 
1359,True,True,True,3,3,"[3, 1]",,up left left,up left left 
1360,False,False,False,6,6,"[1, 5]",out_of_bounds,right down down down left down,right down down down left down 
1361,False,True,False,7,7,"[0, 2]",,up up up left left left right,up up up left left left right 
1362,True,True,True,1,1,"[2, 1]",,up,up 
1363,False,False,False,8,8,"[2, 3]",obstacle,up up up right right right up right,up up up right right right up right 
1364,True,True,True,5,5,"[0, 2]",,right up up left left,right up up left left 
1365,False,False,False,3,3,"[1, 5]",out_of_bounds,right down down,right down down 
1366,True,True,True,3,3,"[4, 3]",,right right down,right right down 
1367,True,True,True,6,6,"[0, 2]",,up up right up up right,up up right up up right 
1368,True,True,True,5,5,"[5, 5]",,right right down right down,right right down right down 
1369,True,True,True,6,6,"[0, 1]",,up up left left up up,up up left left up up 
1370,True,True,True,2,2,"[1, 1]",,up up,up up 
1371,True,True,True,8,8,"[0, 2]",,up up up left left up up right,up up up left left up up right 
1372,True,True,True,4,4,"[4, 5]",,right down down right,right down down right 
1373,True,True,True,6,6,"[1, 1]",,up up up left left up,up up up left left up 
1374,True,True,True,1,1,"[2, 0]",,left,left 
1375,True,True,True,5,5,"[5, 0]",,up left left left down,up left left left down 
1376,False,True,False,6,8,"[2, 3]",,up up up right right right,up up up right right right 
1377,True,True,True,1,1,"[3, 3]",,up,up 
1378,True,True,True,1,1,"[0, 2]",,right,right 
1379,True,True,True,2,2,"[0, 5]",,up up,up up 
1380,True,True,True,5,5,"[3, 4]",,right down down down right,right down down down right 
1381,False,True,False,7,6,"[5, 3]",,left down down down right down down,left down down down right down down 
1382,True,True,True,3,3,"[1, 1]",,up left left,up left left 
1383,True,True,True,5,5,"[0, 2]",,up up up up right,up up up up right 
1384,False,False,False,5,3,"[3, 4]",obstacle,up up left left left,up up left left left 
1385,True,True,True,5,5,"[1, 1]",,up up up left left,up up up left left 
1386,True,True,True,3,3,"[1, 5]",,right up up,right up up 
1387,False,True,False,6,6,"[3, 3]",,right down down down up down,right down down down up down 
1388,False,False,False,9,9,"[0, 2]",out_of_bounds,up up up up left left up left up,up up up up left left up left up 
1389,True,True,True,4,4,"[2, 0]",,up up up left,up up up left 
1390,False,True,False,7,5,"[1, 2]",,up up left left left right left,up up left left left right left 
1391,False,True,False,10,10,"[0, 2]",,up up up up left left up left right left,up up up up left left up left right left 
1392,True,True,True,5,5,"[4, 2]",,left left down down down,left left down down down 
1393,True,True,True,4,4,"[3, 4]",,right right down right,right right down right 
1394,True,True,True,3,3,"[2, 2]",,up up up,up up up 
1395,False,False,False,3,3,"[0, 3]",obstacle,right right down,right right down 
1396,False,True,False,4,5,"[1, 4]",,up right right right,up right right right 
1397,True,True,True,4,4,"[0, 3]",,up up right right,up up right right 
1398,False,True,False,6,5,"[1, 2]",,up up up left left left,up up up left left left 
1399,True,True,True,2,2,"[1, 4]",,up right,up right 
1400,True,True,True,2,2,"[1, 1]",,up left,up left 
1401,False,True,False,6,5,"[5, 2]",,down down down down right down,down down down down right down 
1402,False,False,False,5,2,"[1, 1]",obstacle,up up up left left,up up up left left 
1403,False,True,False,6,7,"[3, 3]",,right right right down down down,right right right down down down 
1404,False,False,False,4,1,"[5, 2]",out_of_bounds,down down down down,down down down down 
1405,False,False,False,3,3,"[0, 3]",obstacle,up right right,up right right 
1406,False,False,False,8,6,"[2, 0]",obstacle,up up right right right down right right,up up right right right down right right 
1407,False,False,False,2,2,"[1, 4]",obstacle,up right,up right 
1408,False,True,False,6,6,"[1, 3]",,up up left left left right,up up left left left right 
1409,False,True,False,2,1,"[3, 1]",,right down,right down 
1410,False,False,False,5,7,"[3, 4]",obstacle,up right right up up,up right right up up 
1411,False,False,False,6,5,"[1, 5]",out_of_bounds,up up up up right up,up up up up right up 
1412,True,True,True,6,6,"[3, 2]",,left down left down down right,left down left down down right 
1413,True,True,True,4,4,"[3, 3]",,right up right up,right up right up 
1414,False,False,False,6,6,"[1, 4]",obstacle,up right right right down right,up right right right down right 
1415,False,False,False,7,8,"[1, 4]",obstacle,down left down down left down left,down left down down left down left 
1416,True,True,True,3,3,"[5, 4]",,down right down,down right down 
1417,True,True,True,5,5,"[0, 1]",,left left up left left,left left up left left 
1418,False,False,False,7,1,"[3, 0]",out_of_bounds,up left up left left left down,up left up left left left down 
1419,False,False,False,10,9,"[0, 0]",obstacle,down down left down left left up up right right,down down left down left left up up right right 
1420,True,True,True,4,4,"[0, 0]",,up left left left,up left left left 
1421,False,False,False,6,5,"[1, 5]",out_of_bounds,up up up up right up,up up up up right up 
1422,False,False,False,8,5,"[3, 4]",obstacle,up up left up left left left down,up up left up left left left down 
1423,False,False,False,7,5,"[5, 4]",out_of_bounds,left down left left left down down,left down left left left down down 
1424,True,True,True,3,3,"[0, 2]",,up up right,up up right 
1425,False,False,False,4,2,"[5, 5]",out_of_bounds,right down down down,right down down down 
1426,False,False,False,5,7,"[3, 4]",obstacle,up up up up left,up up up up left 
1427,False,False,False,8,3,"[2, 1]",obstacle,up up right up right left left down,up up right up right left left down 
1428,False,False,False,7,7,"[1, 2]",obstacle,up left left left down left left,up left left left down left left 
1429,False,False,False,6,6,"[1, 3]",obstacle,left down down right down down,left down down right down down 
1430,True,True,True,3,3,"[3, 5]",,right down down,right down down 
1431,False,False,False,7,7,"[1, 4]",obstacle,right up right right right down right,right up right right right down right 
1432,False,False,False,3,3,"[3, 4]",obstacle,up up right,up up right 
1433,True,True,True,6,6,"[2, 1]",,up up left left left up,up up left left left up 
1434,False,False,False,5,5,"[1, 2]",obstacle,left left left down down,left left left down down 
1435,True,True,True,4,4,"[0, 3]",,up up right right,up up right right 
1436,True,True,True,4,4,"[0, 2]",,left left up left,left left up left 
1437,False,True,False,3,2,"[4, 4]",,down right right,down right right 
1438,True,True,True,3,3,"[1, 2]",,right up right,right up right 
1439,True,True,True,3,3,"[0, 3]",,left left up,left left up 
1440,False,False,False,6,6,"[3, 4]",obstacle,up up left left up left,up up left left up left 
1441,False,True,False,5,5,"[1, 1]",,up left up left left,up left up left left 
1442,True,True,True,4,4,"[5, 2]",,right right down down,right right down down 
1443,True,True,True,4,4,"[1, 1]",,left left left down,left left left down 
1444,True,True,True,4,4,"[3, 2]",,right down down down,right down down down 
1445,False,False,False,5,5,"[0, 5]",out_of_bounds,up up right right right,up up right right right 
1446,True,True,True,1,1,"[0, 4]",,right,right 
1447,False,False,False,4,3,"[4, 3]",obstacle,up left up right,up left up right 
1448,False,True,False,3,1,"[1, 5]",,up right up,up right up 
1449,False,False,False,7,7,"[0, 3]",out_of_bounds,up left left up left left left,up left left up left left left 
1450,True,True,True,6,6,"[4, 4]",,right right down right down down,right right down right down down 
1451,True,True,True,7,7,"[5, 1]",,down down down right down down left,down down down right down down left 
1452,False,False,False,5,2,"[5, 2]",out_of_bounds,down down down down left,down down down down left 
1453,True,True,True,3,3,"[2, 4]",,up left up,up left up 
1454,False,True,False,7,3,"[1, 2]",,up up up left left up left,up up up left left up left 
1455,True,True,True,6,6,"[1, 5]",,up right up up right up,up right up up right up 
1456,True,True,True,5,5,"[5, 1]",,left down down down left,left down down down left 
1457,True,True,True,2,2,"[1, 3]",,left up,left up 
1458,False,False,False,5,1,"[5, 5]",out_of_bounds,down right down down down,down right down down down 
1459,True,True,True,1,1,"[0, 1]",,right,right 
1460,False,False,False,4,4,"[0, 4]",out_of_bounds,up left up left,up left up left 
1461,False,True,False,7,5,"[1, 1]",,up up up left up left left,up up up left up left left 
1462,True,True,True,1,1,"[0, 3]",,up,up 
1463,False,True,False,5,4,"[2, 1]",,left up up up left,left up up up left 
1464,True,True,True,2,2,"[1, 1]",,right down,right down 
1465,True,True,True,6,6,"[0, 4]",,up up up right right right,up up up right right right 
1466,False,False,False,6,3,"[3, 4]",obstacle,up left down left left up,up left down left left up 
1467,False,False,False,7,4,"[2, 4]",obstacle,right up up up left left left,right up up up left left left 
1468,False,False,False,9,6,"[1, 5]",out_of_bounds,up up up up right up right right right,up up up up right up right right right 
1469,False,False,False,4,4,"[0, 5]",out_of_bounds,up right right up,up right right up 
1470,True,True,True,5,5,"[4, 0]",,left down left down down,left down left down down 
1471,False,True,False,4,2,"[3, 1]",,right down down down,right down down down 
1472,True,True,True,2,2,"[4, 5]",,up right,up right 
1473,False,True,False,4,5,"[1, 4]",,down right right right,down right right right 
1474,False,False,False,3,1,"[5, 4]",out_of_bounds,down right down,down right down 
1475,False,True,False,2,1,"[5, 1]",,left down,left down 
1476,True,True,True,4,4,"[4, 3]",,right down right right,right down right right 
1477,False,False,False,4,4,"[1, 2]",obstacle,left up left left,left up left left 
1478,True,True,True,3,3,"[5, 3]",,down left down,down left down 
1479,False,False,False,5,3,"[0, 4]",out_of_bounds,up up left left left,up up left left left 
1480,True,True,True,4,4,"[3, 4]",,right right right up,right right right up 
1481,False,False,False,3,2,"[5, 2]",out_of_bounds,right down down,right down down 
1482,False,False,False,4,6,"[2, 3]",obstacle,down down down left,down down down left 
1483,False,False,False,3,1,"[5, 4]",out_of_bounds,down right down,down right down 
1484,False,False,False,5,4,"[5, 0]",out_of_bounds,left down left left down,left down left left down 
1485,True,True,True,4,4,"[3, 1]",,left left left down,left left left down 
1486,True,True,True,2,2,"[1, 5]",,right down,right down 
1487,True,True,True,6,6,"[3, 4]",,down right right right down down,down right right right down down 
1488,False,False,False,5,3,"[4, 5]",obstacle,right up right down down,right up right down down 
1489,True,True,True,6,6,"[2, 1]",,up up up left left left,up up up left left left 
1490,False,True,False,6,5,"[0, 5]",,left up up up right up,left up up up right up 
1491,True,True,True,6,6,"[3, 0]",,up left left left up left,up left left left up left 
1492,False,True,False,4,6,"[2, 0]",,up up up left,up up up left 
1493,False,False,False,3,1,"[0, 3]",out_of_bounds,up up left,up up left 
1494,True,True,True,3,3,"[4, 1]",,left up left,left up left 
1495,False,True,False,5,6,"[4, 4]",,right down right right right,right down right right right 
1496,True,True,True,4,4,"[5, 0]",,left down down down,left down down down 
1497,True,True,True,3,3,"[2, 0]",,up up left,up up left 
1498,False,False,False,8,7,"[1, 1]",obstacle,left left down left left left down down,left left down left left left down down 
1499,True,True,True,1,1,"[0, 5]",,right,right 
1500,False,False,False,6,4,"[3, 2]",obstacle,up up up right right right,up up up right right right 
1501,False,False,False,6,6,"[3, 2]",obstacle,right up up up right right,right up up up right right 
1502,False,False,False,5,5,"[1, 4]",obstacle,up left up up right,up left up up right 
1503,False,False,False,7,4,"[1, 4]",obstacle,right right down down down right down,right right down down down right down 
1504,False,False,False,8,3,"[5, 3]",obstacle,down right right up up up right right,down right right up up up right right 
1505,False,True,False,4,2,"[1, 3]",,left up up left,left up up left 
1506,True,True,False,3,1,"[3, 2]",,left down up,left down up 
1507,False,True,False,7,6,"[5, 3]",,down down right down down right right,down down right down down right right 
1508,False,False,False,4,3,"[1, 2]",obstacle,up right right right,up right right right 
1509,False,False,False,7,1,"[3, 5]",obstacle,right up up up right right down,right up up up right right down 
1510,False,False,False,7,1,"[5, 3]",obstacle,down right right up up right down,down right right up up right down 
1511,False,False,False,6,5,"[3, 2]",obstacle,right up up right right right,right up up right right right 
1512,False,False,False,7,2,"[1, 4]",obstacle,up right right right down down down,up right right right down down down 
1513,False,False,False,5,4,"[3, 2]",obstacle,up up right right right,up up right right right 
1514,False,False,False,7,4,"[3, 3]",obstacle,right up up right right down down,right up up right right down down 
1515,False,False,False,7,2,"[4, 2]",obstacle,up up down right right up right,up up down right right up right 
1516,False,False,False,5,3,"[3, 2]",obstacle,right up up right right,right up up right right 
1517,False,False,False,6,7,"[3, 1]",obstacle,right up up right right right,right up up right right right 
1518,False,False,False,6,4,"[3, 2]",obstacle,right up up right right right,right up up right right right 
1519,False,True,False,4,4,"[1, 2]",,up up left left,up up left left 
1520,False,False,False,7,5,"[4, 2]",obstacle,right up up up right right down,right up up up right right down 
1521,False,False,False,6,2,"[5, 4]",out_of_bounds,left down down down right down,left down down down right down 
1522,False,False,False,7,4,"[3, 2]",obstacle,up up up up right right right,up up up up right right right 
1523,False,False,False,6,7,"[3, 2]",obstacle,up up up right right right,up up up right right right 
1524,False,False,False,8,6,"[5, 3]",obstacle,up right up up up right up right,up right up up up right up right 
1525,False,False,False,7,5,"[0, 5]",obstacle,right right down down down right down,right right down down down right down 
1526,False,False,False,7,6,"[1, 2]",obstacle,left left down down down left down,left left down down down left down 
1527,False,False,False,7,1,"[1, 4]",obstacle,up up up up right right right,up up up up right right right 
1528,False,False,False,4,2,"[1, 4]",obstacle,up right right right,up right right right 
1529,False,False,False,8,8,"[3, 2]",obstacle,up up up up right right up right,up up up up right right up right 
1530,False,False,False,8,8,"[3, 1]",obstacle,up right up right right right down right,up right up right right right down right 
1531,False,False,False,6,3,"[2, 0]",out_of_bounds,up up left left up left,up up left left up left 
1532,False,False,False,8,7,"[2, 2]",obstacle,right down right right down down down right,right down right right down down down right 
1533,False,False,False,8,7,"[3, 5]",out_of_bounds,right down down right right up down left,right down down right right up down left 
1534,False,False,False,8,1,"[0, 3]",obstacle,left down down down left right up right,left down down down left right up right 
1535,False,False,False,8,6,"[1, 2]",obstacle,right up up up right up right right,right up up up right up right right 
1536,False,False,False,8,5,"[3, 0]",out_of_bounds,up up left left left up up left,up up left left left up up left 
1537,False,False,False,3,1,"[2, 5]",out_of_bounds,up down right,up down right 
1538,False,False,False,7,6,"[0, 3]",obstacle,left down down down left left left,left down down down left left left 
1539,False,False,False,8,5,"[1, 1]",obstacle,left down down down left left up left,left down down down left left up left 
1540,False,False,False,8,7,"[0, 0]",out_of_bounds,left down down down left left left down,left down down down left left left down 
1541,False,False,False,7,7,"[1, 4]",obstacle,right right right right down down right,right right right right down down right 
1542,False,False,False,8,7,"[3, 0]",out_of_bounds,up up left left left up up left,up up left left left up up left 
1543,False,False,False,7,6,"[1, 4]",obstacle,right right down down down right right,right right down down down right right 
1544,False,False,False,9,10,"[2, 0]",obstacle,up up up up right right right up right,up up up up right right right up right 
1545,False,False,False,7,4,"[5, 4]",out_of_bounds,right right down right down down right,right right down right down down right 
1546,False,False,False,7,7,"[2, 2]",obstacle,up right up right right down right,up right up right right down right 
1547,False,False,False,7,1,"[3, 3]",obstacle,right down down down left left left,right down down down left left left 
1548,False,False,False,9,6,"[0, 0]",out_of_bounds,up up up up left left left up left,up up up up left left left up left 
1549,False,False,False,8,4,"[3, 5]",out_of_bounds,right right right down down down right down,right right right down down down right down 
1550,False,False,False,7,3,"[3, 3]",obstacle,right right down right down down left,right right down right down down left 
1551,False,False,False,0,6,"[5, 4]",invalid_action,,Goal not reachable
1552,False,False,False,7,6,"[3, 3]",obstacle,left up up left up left left,left up up left up left left 
1553,False,False,False,6,4,"[0, 3]",obstacle,right down down down right right,right down down down right right 
1554,False,False,False,8,4,"[2, 0]",obstacle,right right down right right down down left,right right down right right down down left 
1555,False,False,False,7,2,"[0, 5]",out_of_bounds,right right right right down down down,right right right right down down down 
1556,False,False,False,8,5,"[0, 3]",obstacle,right down down right down right right down,right down down right down right right down 
1557,False,False,False,10,5,"[0, 4]",out_of_bounds,up right right up right right down down down left,up right right up right right down down down left 
1558,False,False,False,8,4,"[2, 2]",obstacle,up up left up left left left down,up up left up left left left down 
1559,False,False,False,8,4,"[1, 1]",obstacle,up left left left down down down right,up left left left down down down right 
1560,False,False,False,4,3,"[3, 0]",out_of_bounds,up left up right,up left up right 
1561,False,False,False,3,5,"[1, 2]",obstacle,left down down,left down down 
1562,False,False,False,2,1,"[3, 2]",obstacle,up left,up left 
1563,False,False,False,7,7,"[2, 1]",obstacle,up up right up right right right,up up right up right right right 
1564,False,False,False,2,1,"[3, 3]",obstacle,up left,up left 
1565,False,True,False,4,2,"[3, 5]",,right down down down,right down down down 
1566,False,False,False,5,6,"[2, 1]",obstacle,right right down down down,right right down down down 
1568,False,False,False,6,6,"[5, 5]",obstacle,up up up up right right,up up up up right right 
1569,False,False,False,5,5,"[3, 3]",obstacle,up up up right right,up up up right right 
1571,False,False,False,7,9,"[2, 1]",obstacle,up up up up right right up,up up up up right right up 
1572,False,False,False,5,2,"[3, 0]",out_of_bounds,up left left left up,up left left left up 
1573,False,False,False,4,3,"[2, 5]",out_of_bounds,right down down down,right down down down 
1575,False,False,False,5,7,"[4, 1]",obstacle,right right down down down,right right down down down 
1577,False,False,False,6,5,"[5, 0]",out_of_bounds,left left down left down down,left left down left down down 
1578,False,True,False,4,3,"[0, 5]",,up up up right,up up up right 
1579,False,False,False,3,2,"[1, 5]",out_of_bounds,up up right,up up right 
1581,False,False,False,4,4,"[2, 1]",obstacle,up right right right,up right right right 
1582,False,False,False,6,7,"[0, 5]",out_of_bounds,up up up left left left,up up up left left left 
1583,False,False,False,8,1,"[0, 0]",out_of_bounds,up up up up right left left left,up up up up right left left left 
1584,False,False,False,5,5,"[3, 3]",obstacle,up up up up right,up up up up right 
1586,False,False,False,5,1,"[0, 4]",out_of_bounds,up up up up right,up up up up right 
1590,False,False,False,6,7,"[3, 4]",obstacle,up left left left down left,up left left left down left 
1591,False,False,False,5,6,"[4, 2]",obstacle,up up left left left,up up left left left 
1592,False,False,False,6,3,"[0, 2]",out_of_bounds,up left left down left left,up left left down left left 
1593,False,False,False,4,4,"[2, 4]",obstacle,up left up left,up left up left 
1594,False,False,False,5,3,"[3, 1]",obstacle,up up left left left,up up left left left 
1595,False,False,False,4,4,"[2, 3]",obstacle,down down right right,down down right right 
1596,True,True,True,2,2,"[3, 4]",,up up,up up 
1597,False,False,False,5,1,"[1, 3]",obstacle,down right right down down,down right right down down 
1598,False,False,False,6,4,"[1, 1]",obstacle,up right right right down down,up right right right down down 
1599,False,False,False,4,2,"[3, 5]",obstacle,up left right right,up left right right 
1600,False,False,False,4,3,"[1, 1]",obstacle,right up right down,right up right down 
1601,True,True,True,5,5,"[4, 5]",,right right down down right,right right down down right 
1602,False,False,False,8,4,"[4, 3]",obstacle,right up up right right down down down,right up up right right down down down 
1603,False,False,False,6,5,"[2, 4]",obstacle,up left left left down left,up left left left down left 
1604,False,False,False,5,2,"[1, 0]",out_of_bounds,up up left left left,up up left left left 
1605,False,False,False,7,6,"[1, 0]",out_of_bounds,up left left left down down left,up left left left down down left 
1606,False,False,False,6,7,"[2, 3]",obstacle,right down down down right down,right down down down right down 
1607,False,False,False,4,6,"[4, 2]",obstacle,up up right right,up up right right 
1608,False,False,False,7,8,"[2, 3]",obstacle,up right right right down down right,up right right right down down right 
1609,False,False,False,5,4,"[1, 3]",obstacle,right right right down down,right right right down down 
1611,False,True,False,4,3,"[0, 4]",,up right up right,up right up right 
1612,False,False,False,5,7,"[4, 2]",obstacle,up up up right right,up up up right right 
1613,False,False,False,8,8,"[0, 3]",out_of_bounds,up up up right right up right up,up up up right right up right up 
1614,False,False,False,5,3,"[0, 2]",out_of_bounds,left up left down down,left up left down down 
1616,False,False,False,8,6,"[0, 0]",out_of_bounds,up right right right down right down down,up right right right down right down down 
1617,False,False,False,8,4,"[3, 5]",out_of_bounds,right up up right right down down left,right up up right right down down left 
1619,False,False,False,6,1,"[5, 0]",out_of_bounds,left down down down left down,left down down down left down 
1620,False,False,False,7,10,"[2, 3]",obstacle,up left left up left left down,up left left up left left down 
1621,False,False,False,8,4,"[2, 0]",out_of_bounds,left up up left left left up left,left up up left left left up left 
1622,False,False,False,7,9,"[0, 2]",obstacle,left left down down down left down,left left down down down left down 
1623,True,True,True,4,4,"[0, 5]",,up up up right,up up up right 
1624,True,True,True,1,1,"[0, 4]",,left,left 
1625,False,False,False,8,13,"[0, 0]",out_of_bounds,up up up right right down down left,up up up right right down down left 
1626,True,True,True,4,4,"[4, 4]",,left down down down,left down down down 
1627,False,False,False,6,8,"[0, 2]",obstacle,left left down down down left,left left down down down left 
1628,False,False,False,8,10,"[0, 0]",out_of_bounds,left up up right right right down down,left up up right right right down down 
1629,False,False,False,7,10,"[2, 3]",obstacle,up left left up left left down,up left left up left left down 
1630,False,False,False,8,10,"[1, 4]",obstacle,left left up left left down down down,left left up left left down down down 
1631,False,False,False,6,2,"[0, 5]",out_of_bounds,up right right down down left,up right right down down left 
1632,False,False,False,8,4,"[4, 0]",out_of_bounds,left up up up left up left left,left up up up left up left left 
1633,False,False,False,5,5,"[4, 0]",out_of_bounds,left down down left down,left down down left down 
1634,False,False,False,8,4,"[4, 3]",obstacle,left up up up left left down down,left up up up left left down down 
1635,False,False,False,9,6,"[1, 4]",obstacle,up up up up left left left up left,up up up up left left left up left 
1636,False,False,False,5,4,"[1, 4]",obstacle,up up left left left,up up left left left 
1637,False,False,False,6,5,"[1, 4]",obstacle,left left down down left down,left left down down left down 
1638,False,False,False,5,6,"[2, 1]",obstacle,left up up right right,left up up right right 
1639,False,False,False,8,2,"[2, 0]",out_of_bounds,left up up left left left up left,left up up left left left up left 
1640,False,False,False,9,9,"[1, 4]",obstacle,left left left up left left down down down,left left left up left left down down down 
1641,False,True,False,4,3,"[1, 5]",,up up up right,up up up right 
1642,False,False,False,5,4,"[2, 3]",obstacle,left down down left down,left down down left down 
1643,False,False,False,6,7,"[1, 2]",obstacle,left down down down right down,left down down down right down 
1644,False,False,False,5,6,"[2, 1]",obstacle,left up up right right,left up up right right 
1645,False,False,False,5,11,"[0, 2]",obstacle,left left down down left,left left down down left 
1646,False,False,False,4,5,"[2, 3]",obstacle,up up left left,up up left left 
1647,False,False,False,6,4,"[0, 3]",obstacle,left down down down right down,left down down down right down 
1648,False,False,False,8,5,"[5, 3]",out_of_bounds,right right right down down down right down,right right right down down down right down 
1649,False,False,False,6,5,"[2, 1]",obstacle,left up up up left left,left up up up left left 
1650,False,False,False,10,4,"[5, 0]",out_of_bounds,left up up left left left up up up right,left up up left left left up up up right 
1651,False,False,False,8,4,"[0, 0]",out_of_bounds,left left left down down down left down,left left left down down down left down 
1652,False,False,False,9,4,"[1, 0]",out_of_bounds,left left down left down down left left down,left left down left down down left left down 
1653,False,False,False,8,1,"[0, 2]",obstacle,up left left down down right down down,up left left down down right down down 
1654,False,False,False,8,1,"[5, 3]",out_of_bounds,down down left down down right down right,down down left down down right down right 
1655,False,False,False,7,4,"[1, 2]",obstacle,left left down down down left down,left left down down down left down 
1656,False,False,False,8,3,"[1, 0]",out_of_bounds,up left up up up left left up,up left up up up left left up 
1657,False,False,False,8,6,"[5, 4]",obstacle,left up up up down up left left,left up up up down up left left 
1658,False,True,False,5,4,"[1, 2]",,up up up up left,up up up up left 
1659,False,True,False,5,4,"[1, 3]",,up up up down right,up up up down right 
1660,False,False,False,6,3,"[0, 0]",obstacle,up up right right right down,up up right right right down 
1661,False,False,False,9,3,"[1, 0]",out_of_bounds,left up left left left down down down left,left up left left left down down down left 
1662,False,True,False,6,1,"[5, 3]",,down down left down down right,down down left down down right 
1663,False,False,False,7,5,"[1, 2]",obstacle,up up up up left left left,up up up up left left left 
1664,False,True,False,5,3,"[2, 2]",,up up down left down,up up down left down 
1665,False,True,False,8,5,"[5, 2]",,left down down left down down right down,left down down left down down right down 
1666,False,False,False,7,4,"[3, 0]",out_of_bounds,left up up up down left down,left up up up down left down 
1667,True,True,True,9,9,"[5, 0]",,left left down down left down left left down,left left down down left down left left down 
1668,False,False,False,8,7,"[0, 0]",out_of_bounds,left left down down down left down left,left left down down down left down left 
1669,False,False,False,8,2,"[0, 0]",out_of_bounds,up up left up up up left left,up up left up up up left left 
1670,False,True,False,8,5,"[4, 1]",,left up up up left left down down,left up up up left left down down 
1671,False,False,False,7,3,"[5, 1]",out_of_bounds,left left down down down left down,left left down down down left down 
1672,False,False,False,7,2,"[5, 0]",out_of_bounds,left left down down down left down,left left down down down left down 
1673,False,False,False,4,4,"[2, 4]",obstacle,down down down left,down down down left 
1674,False,False,False,8,9,"[2, 0]",out_of_bounds,down down left down down right right right,down down left down down right right right 
1675,False,False,False,7,6,"[0, 2]",obstacle,left left down down down left down,left left down down down left down 
1676,False,False,False,8,2,"[5, 4]",out_of_bounds,left down down left up up up right,left down down left up up up right 
1677,False,False,False,7,3,"[5, 0]",out_of_bounds,left left down down down left down,left left down down down left down 
1678,False,False,False,7,6,"[0, 2]",obstacle,left left down down left left down,left left down down left left down 
1679,False,False,False,9,2,"[0, 0]",out_of_bounds,left left down down left down left left down,left left down down left down left left down 
1680,False,False,False,4,4,"[0, 1]",out_of_bounds,left left up left,left left up left 
1681,False,False,False,4,1,"[2, 0]",out_of_bounds,up up left left,up up left left 
1682,False,False,False,8,3,"[0, 1]",out_of_bounds,left left up up up left down down,left left up up up left down down 
1683,False,False,False,6,6,"[3, 3]",obstacle,right right right down down down,right right right down down down 
1684,False,False,False,3,2,"[2, 3]",obstacle,down right right,down right right 
1685,False,False,False,5,3,"[3, 0]",out_of_bounds,left left up left left,left left up left left 
1686,False,False,False,6,8,"[5, 1]",obstacle,right right right down down down,right right right down down down 
1687,False,False,False,4,2,"[2, 0]",out_of_bounds,up left left left,up left left left 
1688,False,False,False,6,6,"[2, 3]",obstacle,up up up right right right,up up up right right right 
1689,False,False,False,4,6,"[2, 3]",obstacle,right right right right,right right right right 
1690,False,False,False,5,3,"[2, 3]",obstacle,up left left down down,up left left down down 
1691,False,False,False,6,3,"[2, 0]",out_of_bounds,left left left down down down,left left left down down down 
1692,False,False,False,8,3,"[0, 1]",out_of_bounds,left left up up up left down down,left left up up up left down down 
1693,False,False,False,6,4,"[2, 0]",out_of_bounds,down left left left down down,down left left left down down 
1694,False,False,False,7,7,"[2, 3]",obstacle,right down down right right down down,right down down right right down down 
1695,False,False,False,6,3,"[2, 0]",out_of_bounds,up up left left up left,up up left left up left 
1696,False,False,False,4,4,"[3, 4]",obstacle,up up left left,up up left left 
1697,False,False,False,9,10,"[2, 3]",obstacle,up up left left up up left up left,up up left left up up left up left 
1698,False,False,False,6,7,"[5, 1]",obstacle,right right right down down down,right right right down down down 
1699,False,False,False,6,1,"[4, 0]",out_of_bounds,left left left down down down,left left left down down down 
1700,False,False,False,6,2,"[2, 0]",out_of_bounds,down down left left down down,down down left left down down 
1701,False,False,False,5,3,"[2, 5]",out_of_bounds,up up right right up,up up right right up 
1702,False,False,False,4,3,"[2, 0]",out_of_bounds,down left left left,down left left left 
1703,False,False,False,6,5,"[0, 0]",out_of_bounds,up left left up up left,up left left up up left 
1704,False,False,False,6,3,"[2, 0]",out_of_bounds,left left up up right down,left left up up right down 
1705,False,False,False,8,5,"[2, 0]",out_of_bounds,right down down left left left down down,right down down left left left down down 
1706,False,False,False,5,3,"[2, 0]",out_of_bounds,left left down down down,left left down down down 
1707,False,False,False,7,6,"[2, 0]",out_of_bounds,right down down left left down down,right down down left left down down 
1708,False,False,False,5,4,"[4, 0]",obstacle,left left down down down,left left down down down 
1709,False,False,False,4,3,"[2, 5]",obstacle,up up left left,up up left left 
1710,False,False,False,8,8,"[1, 5]",obstacle,left left left down down down left down,left left left down down down left down 
1711,False,False,False,5,3,"[2, 3]",obstacle,down down right down down,down down right down down 
1712,False,False,False,6,6,"[0, 3]",obstacle,left up up left left left,left up up left left left 
1713,False,False,False,6,5,"[0, 3]",obstacle,left up up left left left,left up up left left left 
1714,False,False,False,7,2,"[0, 0]",out_of_bounds,up up up up left left left,up up up up left left left 
1715,False,False,False,7,5,"[0, 0]",out_of_bounds,left left down down down left down,left left down down down left down 
1716,False,False,False,7,1,"[0, 0]",out_of_bounds,up up left left left down left,up up left left left down left 
1717,False,False,False,4,4,"[0, 5]",out_of_bounds,up up up left,up up up left 
1718,False,True,False,6,4,"[4, 0]",,left left left down down down,left left left down down down 
1719,False,False,False,6,4,"[1, 0]",out_of_bounds,up up up up left left,up up up up left left 
1720,False,False,False,7,6,"[0, 1]",obstacle,up up up up right right right,up up up up right right right 
1721,False,False,False,4,1,"[2, 4]",obstacle,up up up right,up up up right 
1722,False,False,False,4,1,"[1, 2]",obstacle,up up up right,up up up right 
1723,False,False,False,7,6,"[0, 5]",obstacle,up up up left left up left,up up up left left up left 
1724,False,False,False,4,2,"[1, 2]",obstacle,up up up left,up up up left 
1725,False,False,False,6,4,"[0, 1]",obstacle,up up up right right right,up up up right right right 
1726,False,False,False,7,3,"[1, 0]",out_of_bounds,up up up up left left left,up up up up left left left 
1727,False,False,False,7,3,"[0, 1]",out_of_bounds,up up up up left left left,up up up up left left left 
1728,False,False,False,6,6,"[0, 3]",obstacle,right down down right down down,right down down right down down 
1729,False,False,False,9,3,"[1, 0]",out_of_bounds,up up up up left left left up left,up up up up left left left up left 
1730,False,False,False,7,7,"[2, 3]",obstacle,right right right down down right down,right right right down down right down 
1732,False,False,False,6,5,"[1, 5]",obstacle,left left down down left down,left left down down left down 
1734,False,False,False,9,1,"[1, 0]",out_of_bounds,up up up up left left left up left,up up up up left left left up left 
1735,False,False,False,3,2,"[2, 4]",obstacle,up right right,up right right 
1736,False,False,False,6,6,"[0, 1]",obstacle,up up up right right right,up up up right right right 
1737,False,False,False,8,7,"[3, 4]",obstacle,left left left up up up left down,left left left up up up left down 
1738,False,False,False,4,2,"[0, 3]",obstacle,left up up left,left up up left 
1739,False,False,False,6,4,"[1, 2]",obstacle,right up up left left left,right up up left left left 
1741,False,True,False,3,4,"[0, 4]",,up up right,up up right 
1743,False,False,False,6,6,"[2, 4]",obstacle,up up up left left left,up up up left left left 
1744,False,True,False,6,4,"[2, 1]",,up up up left left left,up up up left left left 
1745,True,True,True,4,4,"[2, 2]",,up up left left,up up left left 
1746,False,False,False,5,4,"[4, 3]",obstacle,up up right right right,up up right right right 
1747,False,False,False,6,5,"[2, 4]",obstacle,up up up up right right,up up up up right right 
1748,False,False,False,6,1,"[5, 2]",obstacle,up up up up right right,up up up up right right 
1749,False,False,False,7,6,"[1, 2]",obstacle,up up up right up right right,up up up right up right right 
1751,False,False,False,3,4,"[1, 5]",obstacle,up left left,up left left 
1753,False,False,False,5,4,"[2, 4]",obstacle,up up up right right,up up up right right 
1754,False,False,False,4,3,"[2, 1]",obstacle,up up right right,up up right right 
1756,False,False,False,5,1,"[5, 2]",obstacle,up up up up right,up up up up right 
1757,False,True,False,3,2,"[2, 5]",,up up right,up up right 
1758,False,True,False,5,4,"[4, 4]",,right down right down down,right down right down down 
1759,False,True,False,2,3,"[0, 4]",,up left,up left 
1760,False,False,False,5,1,"[1, 2]",obstacle,up up up right right,up up up right right 
1761,False,False,False,3,2,"[0, 5]",out_of_bounds,up up right,up up right 
1762,False,False,False,5,6,"[2, 1]",obstacle,up up up right right,up up up right right 
1764,False,True,False,5,4,"[2, 2]",,right up up up right,right up up up right 
1765,False,False,False,5,1,"[2, 4]",obstacle,up up up up right,up up up up right 
1766,False,False,False,6,8,"[0, 4]",obstacle,left down left down down down,left down left down down down 
1767,False,False,False,7,1,"[0, 5]",out_of_bounds,up right right right down down down,up right right right down down down 
1768,False,False,False,5,1,"[0, 5]",out_of_bounds,up up up right right,up up up right right 
1769,False,False,False,5,5,"[1, 3]",obstacle,up up right right right,up up right right right 
1770,False,False,False,6,4,"[2, 0]",out_of_bounds,left left left left down down,left left left left down down 
1771,False,False,False,7,4,"[3, 0]",out_of_bounds,up left left left up up left,up left left left up up left 
1772,False,False,False,8,1,"[4, 0]",out_of_bounds,left left left left down up down down,left left left left down up down down 
1773,False,True,False,6,3,"[1, 0]",,down down left left up up,down down left left up up 
1774,False,False,False,5,5,"[2, 5]",obstacle,left left up up left,left left up up left 
1775,False,False,False,7,5,"[2, 3]",obstacle,left left up up up left down,left left up up up left down 
1776,False,False,False,0,9,"[1, 0]",invalid_action,,Goal not reachable
1777,False,False,False,6,5,"[3, 4]",obstacle,up up right right up up,up up right right up up 
1778,False,False,False,7,5,"[5, 0]",out_of_bounds,left left left left up up up,left left left left up up up 
1779,False,False,False,9,6,"[5, 4]",out_of_bounds,left down left down left left up up up,left down left down left left up up up 
1780,False,False,False,7,9,"[0, 5]",obstacle,left down left left left up up,left down left left left up up 
1781,False,False,False,8,1,"[4, 3]",obstacle,left left left up up right down down,left left left up up right down down 
1782,False,False,False,4,4,"[3, 4]",obstacle,right up up right,right up up right 
1783,False,False,False,8,4,"[1, 0]",out_of_bounds,up up left up right right right down,up up left up right right right down 
1784,False,False,False,8,7,"[4, 1]",obstacle,right right right down right up down down,right right right down right up down down 
1785,False,False,False,8,4,"[4, 1]",obstacle,right right up up left left down down,right right up up left left down down 
1786,False,False,False,7,5,"[2, 5]",obstacle,down down left left down down down,down down left left down down down 
1787,False,False,False,7,4,"[4, 0]",out_of_bounds,left down down left left up up,left down down left left up up 
1788,False,False,False,7,2,"[1, 2]",obstacle,up up left left up up right,up up left left up up right 
1789,False,True,False,6,8,"[5, 3]",,right right right down down down,right right right down down down 
1790,False,False,False,7,5,"[2, 3]",obstacle,right right right right down down left,right right right right down down left 
1791,False,False,False,6,2,"[1, 0]",obstacle,up up up right right down,up up up right right down 
1792,False,False,False,8,5,"[4, 3]",obstacle,left down left left left up up up,left down left left left up up up 
1793,False,False,False,7,3,"[1, 2]",obstacle,up up left left left up left,up up left left left up left 
1794,False,False,False,8,2,"[2, 5]",obstacle,left down left left up up right right,left down left left up up right right 
1795,False,False,False,7,2,"[4, 0]",out_of_bounds,left left left left up up right,left left left left up up right 
1796,False,False,False,5,1,"[1, 2]",obstacle,up left up up left,up left up up left 
1797,False,False,False,8,4,"[1, 2]",obstacle,right right up up up left left down,right right up up up left left down 
1798,False,False,False,7,3,"[4, 0]",out_of_bounds,up left left left up up right,up left left left up up right 
1799,False,False,False,4,6,"[1, 4]",obstacle,down left left down,down left left down 
1800,False,False,False,3,2,"[1, 0]",out_of_bounds,up up left,up up left 
1801,False,False,False,6,6,"[4, 1]",obstacle,up up up left right right,up up up left right right 
1802,False,False,False,6,5,"[3, 2]",obstacle,up up up right right right,up up up right right right 
1803,False,False,False,5,3,"[0, 1]",out_of_bounds,up up left left left,up up left left left 
1804,False,False,False,7,9,"[4, 1]",obstacle,up up up up left right left,up up up up left right left 
1805,False,True,False,7,9,"[1, 1]",,up left up left left left down,up left up left left left down 
1806,False,False,False,8,5,"[1, 4]",obstacle,up up left up left left left down,up up left up left left left down 
1807,True,True,True,6,6,"[1, 5]",,up right right right down right,up right right right down right 
1808,False,False,False,3,2,"[1, 0]",out_of_bounds,up up left,up up left 
1809,False,False,False,5,5,"[0, 2]",out_of_bounds,up right right down down,up right right down down 
1810,True,True,True,5,5,"[0, 1]",,up up left left left,up up left left left 
1811,False,False,False,8,7,"[1, 1]",obstacle,up up right right up right left down,up up right right up right left down 
1812,False,False,False,5,5,"[0, 5]",out_of_bounds,up up left left left,up up left left left 
1813,False,False,False,8,10,"[2, 1]",obstacle,up up up right right right up right,up up up right right right up right 
1814,True,True,True,6,6,"[0, 2]",,up up up left left left,up up up left left left 
1815,True,True,True,3,3,"[0, 0]",,up up up,up up up 
1816,False,False,False,6,2,"[2, 1]",obstacle,left left left down down down,left left left down down down 
1817,True,True,True,3,3,"[0, 5]",,up up up,up up up 
1818,False,False,False,8,5,"[3, 0]",obstacle,up up right up right right left down,up up right up right right left down 
1819,False,False,False,9,8,"[4, 1]",obstacle,up up up right right up right up up,up up up right right up right up up 
1820,False,False,False,5,6,"[0, 1]",out_of_bounds,up up left left left,up up left left left 
1821,False,False,False,5,3,"[2, 3]",obstacle,up up right right right,up up right right right 
1822,False,False,False,8,7,"[0, 1]",out_of_bounds,up up up left left left up left,up up up left left left up left 
1823,False,False,False,6,7,"[0, 0]",out_of_bounds,up up right right right left,up up right right right left 
1824,False,False,False,9,8,"[0, 2]",out_of_bounds,up up up up left left left up left,up up up up left left left up left 
1825,False,False,False,4,4,"[2, 3]",obstacle,up up left left,up up left left 
1826,False,False,False,5,3,"[3, 2]",obstacle,up up right right down,up up right right down 
1827,False,True,False,7,5,"[0, 1]",,up up up up left left left,up up up up left left left 
1828,False,False,False,3,2,"[0, 0]",out_of_bounds,up up left,up up left 
1829,False,False,False,9,8,"[4, 1]",obstacle,up up up up right right right up right,up up up up right right right up right 
1830,False,False,False,6,7,"[3, 5]",obstacle,up left left left up left,up left left left up left 
1831,False,False,False,7,5,"[5, 0]",out_of_bounds,left left left left down down down,left left left left down down down 
1832,False,False,False,5,5,"[2, 2]",obstacle,up up right right right,up up right right right 
1833,False,False,False,4,2,"[1, 0]",out_of_bounds,up left left left,up left left left 
1835,False,True,False,5,6,"[1, 4]",,up up right up up,up up right up up 
1836,False,False,False,4,1,"[1, 0]",out_of_bounds,left down left left,left down left left 
1837,False,False,False,6,5,"[3, 3]",obstacle,up up up left left left,up up up left left left 
1838,False,False,False,7,7,"[1, 2]",obstacle,up up up right up right right,up up up right up right right 
1839,False,False,False,6,4,"[2, 2]",obstacle,up right right right down down,up right right right down down 
1840,False,False,False,4,1,"[2, 2]",obstacle,up right right right,up right right right 
1841,False,False,False,4,5,"[3, 3]",obstacle,up right up right,up right up right 
1842,False,False,False,4,2,"[1, 0]",out_of_bounds,up left left left,up left left left 
1843,False,False,False,4,2,"[0, 0]",out_of_bounds,up left left left,up left left left 
1844,False,False,False,6,2,"[0, 0]",out_of_bounds,up left left left down left,up left left left down left 
1845,False,False,False,3,4,"[1, 4]",obstacle,up left left,up left left 
1846,False,False,False,7,2,"[0, 0]",out_of_bounds,up left left left down down right,up left left left down down right 
1847,False,False,False,3,4,"[3, 3]",obstacle,up up right,up up right 
1848,False,False,False,2,6,"[1, 4]",obstacle,up right,up right 
1849,False,False,False,4,5,"[1, 2]",obstacle,up right right right,up right right right 
1850,False,False,False,3,4,"[2, 4]",obstacle,up left left,up left left 
1851,False,False,False,4,8,"[0, 4]",obstacle,left down left left,left down left left 
1852,False,False,False,5,1,"[1, 0]",out_of_bounds,up left left left down,up left left left down 
1853,False,False,False,6,2,"[3, 0]",out_of_bounds,up left left left up left,up left left left up left 
1854,False,False,False,5,6,"[1, 4]",obstacle,left left down down down,left left down down down 
1855,False,False,False,5,4,"[1, 2]",obstacle,right down down left down,right down down left down 
1856,False,False,False,3,2,"[2, 4]",obstacle,up left left,up left left 
1857,False,False,False,4,1,"[3, 0]",out_of_bounds,up left left left,up left left left 
1858,False,False,False,5,1,"[1, 0]",out_of_bounds,up left left left right,up left left left right 
1859,False,False,False,6,4,"[3, 3]",obstacle,up left left left down down,up left left left down down 
1860,False,False,False,7,3,"[2, 3]",obstacle,right right up up right right down,right right up up right right down 
1861,False,True,False,6,2,"[2, 4]",,up up up right right right,up up up right right right 
1862,False,False,False,7,6,"[0, 2]",obstacle,right right right down down right down,right right right down down right down 
1863,False,False,False,6,3,"[1, 0]",out_of_bounds,left up left left down down,left up left left down down 
1864,False,False,False,7,7,"[1, 2]",obstacle,right right right down down right down,right right right down down right down 
1865,False,False,False,7,6,"[1, 4]",obstacle,up up left up left left left,up up left up left left left 
1866,False,False,False,6,3,"[2, 1]",obstacle,up up up left left left,up up up left left left 
1867,False,False,False,6,1,"[0, 2]",out_of_bounds,up up up left right left,up up up left right left 
1868,False,False,False,8,6,"[1, 4]",obstacle,up left up left left left down down,up left up left left left down down 
1869,False,False,False,7,3,"[2, 3]",obstacle,up up left up left left left,up up left up left left left 
1871,False,False,False,8,5,"[1, 4]",obstacle,left left left down down down left down,left left left down down down left down 
1872,False,False,False,6,4,"[2, 3]",obstacle,right up up right right down,right up up right right down 
1873,False,True,False,4,2,"[0, 0]",,up up up left,up up up left 
1875,False,False,False,7,5,"[2, 3]",obstacle,up up left up left left left,up up left up left left left 
1876,False,False,False,6,7,"[1, 4]",obstacle,left up up left left left,left up up left left left 
1877,False,False,False,7,4,"[2, 3]",obstacle,up up left up left left left,up up left up left left left 
1878,False,False,False,9,5,"[1, 4]",obstacle,left up up left left left down down down,left up up left left left down down down 
1879,False,False,False,4,2,"[1, 0]",obstacle,left down down down,left down down down 
1880,False,True,False,6,5,"[2, 2]",,up up left left up left,up up left left up left 
1881,False,False,False,6,3,"[2, 3]",obstacle,right up up left left left,right up up left left left 
1882,False,False,False,6,5,"[1, 4]",obstacle,left up up up left left,left up up up left left 
1883,False,False,False,6,7,"[3, 1]",obstacle,right down down right down right,right down down right down right 
1884,False,False,False,7,2,"[1, 4]",obstacle,up left up up right right right,up left up up right right right 
1885,False,False,False,7,2,"[5, 3]",obstacle,up up right up right right right,up up right up right right right 
1886,False,False,False,0,1,"[2, 5]",invalid_action,,Goal not reachable
1887,False,False,False,7,7,"[1, 4]",obstacle,left left down down down left down,left left down down down left down 
1888,False,False,False,8,6,"[4, 4]",obstacle,down left left up up left left left,down left left up up left left left 
1889,False,True,False,9,10,"[0, 1]",,up up left up left left up up left,up up left up left left up up left 
1890,False,False,False,9,4,"[0, 4]",obstacle,up up up up right right right up right,up up up up right right right up right 
1891,False,False,False,6,5,"[0, 4]",obstacle,up up right right right down,up up right right right down 
1892,False,False,False,7,5,"[2, 0]",obstacle,up up right right right up right,up up right right right up right 
1893,False,False,False,6,1,"[1, 2]",obstacle,up right right right down down,up right right right down down 
1894,False,False,False,7,4,"[4, 5]",obstacle,down left left up up up right,down left left up up up right 
1895,False,False,False,6,1,"[0, 4]",obstacle,up up up right right right,up up up right right right 
1896,False,False,False,6,4,"[1, 2]",obstacle,up up up right right right,up up up right right right 
1897,False,False,False,5,4,"[0, 1]",obstacle,right right right down down,right right right down down 
1898,False,False,False,9,1,"[2, 0]",obstacle,up up up up right right up right left,up up up up right right up right left 
1899,False,False,False,7,7,"[5, 2]",obstacle,right up up up right up up,right up up up right up up 
1900,False,False,False,6,4,"[0, 1]",obstacle,up up up right right right,up up up right right right 
1902,False,False,False,5,3,"[0, 4]",obstacle,up up right right right,up up right right right 
1903,False,False,False,6,3,"[1, 2]",obstacle,up up up right right right,up up up right right right 
1904,False,True,False,5,2,"[1, 5]",,up up right right right,up up right right right 
1905,False,False,False,6,4,"[1, 2]",obstacle,up up up right right right,up up up right right right 
1906,False,False,False,6,4,"[1, 2]",obstacle,up up up right right right,up up up right right right 
1907,False,False,False,8,7,"[4, 5]",obstacle,up left left up up up right up,up left left up up up right up 
1909,False,False,False,0,4,"[1, 4]",invalid_action,,Goal not reachable
1910,False,False,False,9,8,"[2, 0]",obstacle,up up up up right right right up right,up up up up right right right up right 
1911,False,False,False,7,2,"[1, 2]",obstacle,up up up right right right down,up up up right right right down 
1912,False,False,False,5,5,"[0, 3]",obstacle,up up left left left,up up left left left 
1913,False,False,False,0,5,"[1, 4]",invalid_action,,Goal not reachable
1914,False,False,False,4,5,"[0, 3]",obstacle,left left left left,left left left left 
1915,False,False,False,0,11,"[5, 0]",invalid_action,,Goal not reachable
1916,False,False,False,7,3,"[1, 2]",obstacle,right up up up right up up,right up up up right up up 
1917,False,False,False,5,4,"[1, 5]",obstacle,right right down down right,right right down down right 
1918,False,False,False,4,4,"[0, 3]",obstacle,up left left left,up left left left 
1919,False,False,False,9,7,"[0, 3]",obstacle,left left left down down down right down down,left left left down down down right down down 
1920,False,True,False,6,7,"[5, 4]",,down down down down left down,down down down down left down 
1921,False,False,False,5,6,"[2, 5]",obstacle,up left left up left,up left left up left 
1922,False,False,False,4,5,"[0, 2]",out_of_bounds,up right right right,up right right right 
1923,False,False,False,5,5,"[1, 1]",obstacle,up left down down down,up left down down down 
1924,False,False,False,4,8,"[3, 3]",obstacle,up up up left,up up up left 
1925,False,False,False,7,8,"[2, 2]",obstacle,up right up right right right up,up right up right right right up 
1926,False,False,False,8,8,"[2, 2]",obstacle,up up up up right right right up,up up up up right right right up 
1927,False,True,False,7,3,"[0, 3]",,up up up up left left up,up up up up left left up 
1928,False,False,False,4,10,"[0, 2]",obstacle,left down down down,left down down down 
1929,False,False,False,3,2,"[0, 5]",out_of_bounds,right up right,right up right 
1930,False,False,False,6,5,"[1, 1]",obstacle,up right right right down right,up right right right down right 
1931,False,False,False,5,1,"[3, 4]",obstacle,up up left up right,up up left up right 
1932,False,False,False,6,1,"[3, 0]",obstacle,up up left left left down,up up left left left down 
1933,False,False,False,5,1,"[2, 2]",obstacle,up up up up right,up up up up right 
1934,False,False,False,7,7,"[2, 2]",obstacle,up up up up right right right,up up up up right right right 
1935,True,True,True,4,4,"[2, 2]",,left up up up,left up up up 
1936,True,True,True,4,4,"[4, 0]",,down down left left,down down left left 
1937,False,False,False,4,3,"[1, 5]",out_of_bounds,right right right down,right right right down 
1938,True,True,True,4,4,"[0, 3]",,up left left up,up left left up 
1939,False,False,False,6,8,"[1, 1]",obstacle,right up up right right right,right up up right right right 
1940,False,False,False,6,5,"[2, 5]",obstacle,down left down down left down,down left down down left down 
1941,False,True,False,2,10,"[0, 2]",,up left,up left 
1942,False,False,False,3,10,"[2, 2]",obstacle,up up left,up up left 
1943,False,False,False,6,4,"[2, 2]",obstacle,up right right up down down,up right right up down down 
1944,False,False,False,4,5,"[3, 0]",obstacle,up up up left,up up up left 
1945,False,False,False,5,3,"[2, 2]",obstacle,up up right right down,up up right right down 
1946,True,True,True,3,3,"[0, 2]",,left up left,left up left 
1947,False,False,False,8,8,"[2, 2]",obstacle,up up left left up up up right,up up left left up up up right 
1948,False,False,False,4,3,"[3, 3]",obstacle,up left up left,up left up left 
1949,False,False,False,8,7,"[4, 2]",obstacle,right right right down right down down down,right right right down right down down down 
1950,False,False,False,7,3,"[3, 1]",obstacle,up left up left left left up,up left up left left left up 
1954,False,False,False,5,2,"[3, 3]",obstacle,up up right right up,up up right right up 
1955,False,True,False,4,1,"[2, 3]",,up right right up,up right right up 
1956,False,False,False,7,2,"[1, 4]",obstacle,left down down down left left left,left down down down left left left 
1958,False,False,False,7,2,"[0, 5]",out_of_bounds,up up right right right up right,up up right right right up right 
1959,False,False,False,5,3,"[3, 1]",obstacle,left left down left left,left left down left left 
1968,False,False,False,7,6,"[4, 0]",obstacle,up up right right right up right,up up right right right up right 
1970,False,False,False,5,3,"[4, 4]",obstacle,right up right up right,right up right up right 
1972,False,False,False,7,1,"[1, 4]",obstacle,down down down right right up right,down down down right right up right 
1973,False,False,False,7,6,"[4, 0]",obstacle,up up right right right up right,up up right right right up right 
1974,False,False,False,5,1,"[0, 1]",obstacle,right right down down down,right right down down down 
1975,False,False,False,6,1,"[0, 1]",obstacle,up right right up right down,up right right up right down 
1978,False,False,False,6,3,"[4, 0]",out_of_bounds,down left left left down down,down left left left down down 
1980,False,False,False,2,1,"[0, 1]",out_of_bounds,up right,up right 
1981,False,False,False,4,2,"[1, 5]",out_of_bounds,up right right right,up right right right 
1982,False,False,False,7,9,"[1, 2]",obstacle,left left down down down left down,left left down down down left down 
1983,False,False,False,5,6,"[3, 0]",obstacle,down down down right down,down down down right down 
1984,False,True,False,2,1,"[1, 2]",,up right,up right 
1986,False,False,False,8,9,"[2, 1]",obstacle,up up right right right down right right,up up right right right down right right 
1989,False,False,False,10,8,"[2, 1]",obstacle,up right right right up up right right down down,up right right right up up right right down down 
1990,True,True,True,2,2,"[1, 2]",,up right,up right 
1992,False,False,False,9,4,"[0, 2]",out_of_bounds,up right right up right right down down left,up right right up right right down down left 
1993,False,False,False,5,8,"[3, 2]",obstacle,left up up right right,left up up right right 
1995,False,False,False,5,2,"[1, 2]",obstacle,right down down down right,right down down down right 
1996,True,True,True,4,4,"[0, 0]",,up up up up,up up up up 
1997,False,False,False,4,2,"[0, 3]",obstacle,right up right right,right up right right 
1998,False,True,False,5,6,"[0, 1]",,up up up up right,up up up up right 
1999,False,False,False,6,10,"[2, 3]",obstacle,left down down down left left,left down down down left left 
2000,False,False,False,3,7,"[3, 4]",obstacle,right down down,right down down 
2001,False,False,False,7,12,"[5, 3]",obstacle,right up up up right up right,right up up up right up right 
2002,False,False,False,9,6,"[0, 5]",obstacle,left up left up left left down down right,left up left up left left down down right 
2003,False,False,False,8,2,"[1, 5]",out_of_bounds,right right up right right down down left,right right up right right down down left 
2004,False,False,False,4,3,"[1, 5]",out_of_bounds,up right right right,up right right right 
2005,False,False,False,2,2,"[4, 1]",obstacle,up right,up right 
2006,False,False,False,7,7,"[1, 2]",obstacle,right right down down down right down,right right down down down right down 
2007,False,False,False,9,9,"[2, 5]",obstacle,down down down down right down left left left,down down down down right down left left left 
2008,False,False,False,3,3,"[3, 2]",obstacle,right down down,right down down 
2010,False,False,False,5,4,"[2, 2]",obstacle,up up up left up,up up up left up 
2011,False,False,False,6,1,"[3, 1]",obstacle,up up up left up up,up up up left up up 
2012,False,False,False,6,5,"[3, 4]",obstacle,down down right down down right,down down right down down right 
2014,False,True,False,4,2,"[0, 4]",,up right up up,up right up up 
2015,False,False,False,7,6,"[4, 5]",out_of_bounds,left down down down right right down,left down down down right right down 
2016,False,False,False,6,3,"[1, 2]",obstacle,up up left left up up,up up left left up up 
2017,False,False,False,8,4,"[5, 2]",obstacle,right right down down down up right up,right right down down down up right up 
2019,False,False,False,9,1,"[0, 0]",out_of_bounds,up up up right up up left left down,up up up right up up left left down 
2021,False,False,False,8,7,"[4, 3]",obstacle,up right right right down down up right,up right right right down down up right 
2022,False,False,False,7,3,"[2, 2]",obstacle,up up up left up up right,up up up left up up right 
2024,False,False,False,5,5,"[2, 3]",obstacle,up right up right right,up right up right right 
2025,True,True,True,4,4,"[2, 3]",,up up up left,up up up left 
2026,True,True,True,4,4,"[5, 4]",,right down down down,right down down down 
2027,False,False,False,5,2,"[5, 1]",out_of_bounds,down down left down down,down down left down down 
2028,False,False,False,4,1,"[2, 3]",obstacle,up up left up,up up left up 
2030,False,True,False,5,3,"[5, 4]",,right down down right down,right down down right down 
2031,False,False,False,7,5,"[2, 5]",obstacle,right down down down right down down,right down down down right down down 
2032,False,False,False,6,2,"[2, 3]",obstacle,up up left up up left,up up left up up left 
2033,False,False,False,6,3,"[1, 2]",obstacle,up up left left up up,up up left left up up 
2034,False,False,False,7,6,"[1, 2]",obstacle,up right up up right right right,up right up up right right right 
2035,False,True,False,6,4,"[0, 5]",,left up up up right up,left up up up right up 
2036,False,True,False,6,5,"[5, 0]",,down down left down down left,down down left down down left 
2037,False,False,False,7,5,"[1, 2]",obstacle,right up up up right up up,right up up up right up up 
2038,False,True,False,6,4,"[3, 0]",,right right up up left left,right right up up left left 
2039,False,False,False,7,6,"[0, 4]",obstacle,up left left down left down down,up left left down left down down 
2040,False,False,False,6,2,"[2, 0]",out_of_bounds,up left left left down down,up left left left down down 
2042,False,False,False,6,5,"[4, 0]",out_of_bounds,left down down down left down,left down down down left down 
2043,False,False,False,4,6,"[4, 2]",obstacle,up up right right,up up right right 
2044,False,False,False,6,9,"[2, 3]",obstacle,up left left left down down,up left left left down down 
2047,False,False,False,6,10,"[1, 2]",obstacle,up right right right down right,up right right right down right 
2049,False,True,False,5,9,"[2, 3]",,up up up left left,up up up left left 
2050,False,False,False,3,5,"[4, 2]",obstacle,up left left,up left left 
2051,False,False,False,3,3,"[2, 3]",obstacle,up up right,up up right 
2052,False,False,False,4,7,"[4, 2]",obstacle,right up up up,right up up up 
2053,False,False,False,3,14,"[1, 5]",obstacle,up left left,up left left 
2054,False,False,False,4,8,"[3, 1]",obstacle,down down right down,down down right down 
2055,False,False,False,4,1,"[3, 5]",out_of_bounds,right right right down,right right right down 
2057,False,True,False,2,1,"[4, 4]",,right down,right down 
2058,False,False,False,5,15,"[0, 1]",out_of_bounds,up right right right down,up right right right down 
2059,False,False,False,5,6,"[4, 2]",obstacle,right up up up right,right up up up right 
2060,False,False,False,7,12,"[1, 4]",obstacle,up left left left down down left,up left left left down down left 
2061,False,False,False,3,13,"[1, 4]",obstacle,up left left,up left left 
2062,False,False,False,3,10,"[2, 3]",obstacle,left left down,left left down 
2063,False,False,False,8,7,"[2, 3]",obstacle,left left up left left down down down,left left up left left down down down 
2064,False,False,False,3,13,"[1, 4]",obstacle,up left left,up left left 
2065,False,False,False,2,14,"[1, 2]",obstacle,up right,up right 
2066,False,False,False,2,1,"[1, 2]",obstacle,up left,up left 
2067,False,False,False,7,2,"[2, 5]",out_of_bounds,left up right right down down left,left up right right down down left 
2068,False,False,False,3,12,"[1, 4]",obstacle,up left left,up left left 
2069,True,True,True,4,4,"[2, 0]",,left up up up,left up up up 
2070,False,False,False,5,2,"[1, 4]",obstacle,up up up left up,up up up left up 
2071,False,False,False,7,7,"[2, 1]",obstacle,up up up up right right right,up up up up right right right 
2072,False,False,False,5,8,"[3, 4]",obstacle,up up up left left,up up up left left 
2073,True,True,True,6,6,"[0, 1]",,left up up up left left,left up up up left left 
2074,False,False,False,8,6,"[1, 5]",out_of_bounds,up up up right right right up right,up up up right right right up right 
2075,False,False,False,6,8,"[3, 4]",obstacle,left up up up right up,left up up up right up 
2076,False,False,False,2,6,"[1, 5]",out_of_bounds,up right,up right 
2077,False,False,False,7,4,"[0, 3]",out_of_bounds,up up right right down right right,up up right right down right right 
2078,False,False,False,8,8,"[5, 2]",obstacle,up up up right right right down right,up up up right right right down right 
2079,False,False,False,5,7,"[2, 5]",obstacle,down down down down right,down down down down right 
2080,False,False,False,5,6,"[0, 5]",out_of_bounds,up up up up right,up up up up right 
2081,False,False,False,8,8,"[1, 5]",out_of_bounds,right right right down down down right down,right right right down down down right down 
2082,False,False,False,7,4,"[0, 5]",out_of_bounds,up right right right up right down,up right right right up right down 
2083,False,False,False,4,4,"[2, 1]",obstacle,up up right right,up up right right 
2084,False,False,False,3,3,"[1, 2]",obstacle,left down down,left down down 
2085,False,False,False,8,5,"[1, 5]",out_of_bounds,up up up right right right down right,up up up right right right down right 
2086,False,False,False,6,5,"[2, 3]",obstacle,up up up right right right,up up up right right right 
2087,False,False,False,5,8,"[0, 5]",out_of_bounds,up up left down down,up up left down down 
2088,False,False,False,8,7,"[4, 0]",obstacle,up up up right right right down right,up up up right right right down right 
2089,False,False,False,6,2,"[0, 1]",out_of_bounds,up up up right right down,up up up right right down 
2090,False,True,False,4,5,"[3, 3]",,right down down down,right down down down 
2091,False,False,False,7,7,"[4, 0]",obstacle,up up up right up right right,up up up right up right right 
2092,False,False,False,6,5,"[1, 4]",obstacle,right down down down right down,right down down down right down 
2093,False,False,False,4,3,"[0, 5]",out_of_bounds,up right right right,up right right right 
2094,False,False,False,5,2,"[0, 5]",out_of_bounds,up up right right right,up up right right right 
2095,False,True,False,6,5,"[4, 1]",,left down down down left down,left down down down left down 
2096,False,True,False,2,3,"[0, 1]",,up left,up left 
2097,False,False,False,7,3,"[1, 5]",out_of_bounds,up right right right down down left,up right right right down down left 
2098,False,False,False,5,4,"[1, 5]",out_of_bounds,up up right right right,up up right right right 
2099,True,True,True,3,3,"[3, 2]",,left down down,left down down 
2102,False,False,False,6,5,"[2, 0]",out_of_bounds,up up left left left up,up up left left left up 
2103,False,False,False,7,7,"[1, 2]",obstacle,up right right right down down down,up right right right down down down 
2104,False,False,False,5,8,"[2, 5]",obstacle,up up left left left,up up left left left 
2105,False,False,False,5,3,"[2, 5]",obstacle,up right up up up,up right up up up 
2106,False,False,False,4,2,"[2, 3]",obstacle,up up left left,up up left left 
2108,False,False,False,5,3,"[5, 3]",obstacle,up up up up left,up up up up left 
2110,False,False,False,6,5,"[2, 5]",obstacle,up up left left down down,up up left left down down 
2111,False,False,False,6,4,"[4, 4]",obstacle,left up up up left left,left up up up left left 
2112,False,False,False,5,8,"[1, 2]",obstacle,right right down down down,right right down down down 
2114,True,True,True,2,2,"[2, 2]",,up left,up left 
2115,False,False,False,8,6,"[2, 5]",obstacle,up up left left left down down down,up up left left left down down down 
2117,False,False,False,7,8,"[3, 3]",obstacle,down down right right up right right,down down right right up right right 
2118,False,False,False,4,9,"[2, 0]",obstacle,up up right right,up up right right 
2119,False,False,False,5,2,"[2, 0]",obstacle,up up left left left,up up left left left 
2120,False,False,False,7,6,"[2, 0]",obstacle,up up right up right right right,up up right up right right right 
2122,False,False,False,4,5,"[4, 4]",obstacle,up left up up,up left up up 
2123,False,False,False,6,4,"[1, 2]",obstacle,up up left left left down,up up left left left down 
2124,False,False,False,6,6,"[4, 4]",obstacle,up left up up up right,up left up up up right 
2125,False,False,False,5,2,"[1, 2]",obstacle,up up left down down,up up left down down 
2126,False,False,False,6,5,"[2, 3]",obstacle,up up left left left down,up up left left left down 
2127,False,False,False,6,4,"[2, 3]",obstacle,up up left left left down,up up left left left down 
2131,False,False,False,8,8,"[1, 4]",obstacle,up up up left up left left left,up up up left up left left left 
2132,False,False,False,7,3,"[2, 4]",obstacle,right right right down down right down,right right right down down right down 
2133,True,True,True,6,6,"[1, 0]",,left up up left up left,left up up left up left 
2135,False,False,False,9,5,"[1, 5]",out_of_bounds,right right down right right down down down right,right right down right right down down down right 
2136,False,True,False,8,6,"[1, 0]",,up up up left left left up left,up up up left left left up left 
2138,False,False,False,7,5,"[2, 0]",obstacle,left left left left down down down,left left left left down down down 
2139,False,False,False,6,3,"[5, 4]",obstacle,right right right down down right,right right right down down right 
2140,False,False,False,10,1,"[1, 4]",obstacle,left up up up right right right down down left,left up up up right right right down down left 
2141,False,False,False,9,2,"[2, 3]",obstacle,left up up left left left down down down,left up up left left left down down down 
2142,False,False,False,7,3,"[2, 0]",obstacle,left left left left down down down,left left left left down down down 
2143,False,False,False,0,4,"[5, 4]",invalid_action,,Goal not reachable
2144,False,False,False,7,2,"[2, 4]",obstacle,right right right right down down down,right right right right down down down 
2145,False,False,False,8,6,"[0, 3]",obstacle,right right down down down right down right,right right down down down right down right 
2146,False,False,False,0,1,"[5, 4]",invalid_action,,Goal not reachable
2147,False,False,False,5,2,"[1, 5]",out_of_bounds,right up right right right,right up right right right 
2148,False,False,False,8,1,"[5, 4]",obstacle,right down down right right down down left,right down down right right down down left 
2149,False,False,False,8,8,"[1, 4]",obstacle,left up up left up left left left,left up up left up left left left 
2150,False,True,False,2,1,"[3, 2]",,left up,left up 
2151,True,True,True,2,2,"[1, 0]",,up left,up left 
2152,False,False,False,9,7,"[5, 4]",obstacle,right right down right right down down down right,right right down right right down down down right 
2153,False,False,False,7,5,"[0, 3]",obstacle,right right down right down down right,right right down right down down right 
2154,False,False,False,0,8,"[0, 3]",invalid_action,,Goal not reachable
2155,False,True,False,7,2,"[4, 4]",,right right down down right right down,right right down down right right down 
2157,False,False,False,10,3,"[3, 5]",obstacle,right right down down right right right down left down,right right down down right right right down left down 
2158,False,False,False,3,3,"[5, 2]",obstacle,left up up,left up up 
2159,False,False,False,8,4,"[3, 5]",obstacle,right right right right down right down down,right right right right down right down down 
2160,False,False,False,8,3,"[1, 0]",out_of_bounds,up left left down down left left up,up left left down down left left up 
2161,False,True,False,4,8,"[1, 0]",,up up up left,up up up left 
2162,False,False,False,8,4,"[1, 0]",out_of_bounds,left down left down left left down down,left down left down left left down down 
2163,False,False,False,7,8,"[1, 5]",obstacle,up up left left left up left,up up left left left up left 
2164,False,False,False,3,5,"[2, 5]",obstacle,down down left,down down left 
2165,False,True,False,6,9,"[3, 2]",,left down down down right right,left down down down right right 
2166,False,False,False,9,1,"[1, 0]",out_of_bounds,up up up left left left up left down,up up up left left left up left down 
2167,False,False,False,5,4,"[0, 0]",out_of_bounds,up left left left up,up left left left up 
2168,False,True,False,6,5,"[0, 0]",,up up up left right left,up up up left right left 
2169,False,False,False,8,6,"[0, 0]",out_of_bounds,up up up right right down right right,up up up right right down right right 
2170,False,True,False,3,7,"[1, 0]",,up up left,up up left 
2171,False,True,False,4,8,"[1, 0]",,up up up left,up up up left 
2172,False,False,False,6,6,"[3, 0]",out_of_bounds,left down down down left down,left down down down left down 
2173,False,False,False,4,8,"[2, 5]",obstacle,down down left down,down down left down 
2174,False,False,False,6,6,"[5, 2]",obstacle,up up left left left up,up up left left left up 
2175,False,True,False,6,8,"[4, 1]",,left down down down right down,left down down down right down 
2176,False,False,False,7,1,"[1, 0]",out_of_bounds,left down left left left down down,left down left left left down down 
2177,False,False,False,3,3,"[2, 2]",obstacle,up left up,up left up 
2178,False,False,False,3,3,"[2, 2]",obstacle,up left up,up left up 
2179,False,False,False,7,4,"[1, 0]",out_of_bounds,up up left left left up left,up up left left left up left 
2180,False,False,False,7,5,"[1, 0]",out_of_bounds,up up up left left left up,up up up left left left up 
2181,False,False,False,6,2,"[2, 0]",out_of_bounds,up left left up left left,up left left up left left 
2182,False,False,False,5,5,"[5, 2]",obstacle,up up up left up,up up up left up 
2183,False,False,False,6,5,"[0, 0]",out_of_bounds,up left up right right right,up left up right right right 
2184,True,True,True,2,2,"[1, 4]",,up left,up left 
2185,False,False,False,6,7,"[0, 2]",obstacle,up up up up right right,up up up up right right 
2186,False,False,False,5,2,"[4, 5]",obstacle,up up up up left,up up up up left 
2187,False,False,False,6,3,"[1, 0]",out_of_bounds,left down left down down left,left down left down down left 
2188,False,False,False,8,6,"[4, 5]",obstacle,up up up left left left up left,up up up left left left up left 
2189,False,False,False,8,3,"[1, 0]",out_of_bounds,up up left up left left left down,up up left up left left left down 
2190,False,False,False,4,2,"[3, 0]",out_of_bounds,left left down left,left left down left 
2191,False,False,False,8,5,"[1, 1]",obstacle,up up up right right right up right,up up up right right right up right 
2192,False,True,False,8,7,"[4, 0]",,down left left left down left down down,down left left left down left down down 
2193,False,False,False,6,4,"[1, 0]",out_of_bounds,left left down left down down,left left down left down down 
2194,False,False,False,6,2,"[4, 0]",out_of_bounds,up left left up left up,up left left up left up 
2195,False,False,False,7,3,"[0, 4]",out_of_bounds,up up up left left up left,up up up left left up left 
2197,False,True,False,8,9,"[1, 4]",,up up up right right right up right,up up up right right right up right 
2198,False,True,False,5,4,"[0, 4]",,up right right right up,up right right right up 
2199,False,False,False,7,6,"[4, 2]",obstacle,up up up left left up left,up up up left left up left 
2200,False,False,False,7,3,"[0, 4]",out_of_bounds,up up up left left up left,up up up left left up left 
2201,True,True,True,8,8,"[1, 5]",,up up up right right right up right,up up up right right right up right 
2202,False,False,False,6,4,"[2, 0]",out_of_bounds,left down left left down down,left down left left down down 
2203,False,False,False,5,2,"[1, 3]",obstacle,up up right up right,up up right up right 
2204,True,True,True,6,6,"[1, 5]",,up right right right up right,up right right right up right 
2205,False,False,False,6,2,"[0, 4]",out_of_bounds,up up left left up left,up up left left up left 
2207,False,False,False,7,5,"[1, 0]",obstacle,up up right right up right down,up up right right up right down 
2208,False,False,False,5,2,"[3, 3]",obstacle,left up up up left,left up up up left 
2209,False,False,False,3,2,"[0, 2]",obstacle,up up right,up up right 
2210,False,False,False,5,2,"[4, 0]",out_of_bounds,left down left left down,left down left left down 
2211,False,False,False,8,8,"[1, 3]",obstacle,up up up right right right up right,up up up right right right up right 
2212,False,False,False,5,3,"[0, 4]",obstacle,up left up left left,up left up left left 
2213,False,False,False,5,1,"[0, 2]",out_of_bounds,up up left left up,up up left left up 
2214,False,False,False,6,4,"[0, 2]",out_of_bounds,up up left left up left,up up left left up left 
2215,False,False,False,7,2,"[0, 4]",out_of_bounds,up up up right right up right,up up up right right up right 
2216,False,False,False,4,1,"[0, 2]",out_of_bounds,up up left left,up up left left 
2217,False,False,False,5,5,"[0, 2]",obstacle,up left left up left,up left left up left 
2218,True,True,True,5,5,"[0, 4]",,up right right right up,up right right right up 
2219,False,False,False,5,5,"[4, 2]",obstacle,up up right right up,up up right right up 
2220,False,False,False,9,8,"[1, 3]",obstacle,left left left left down left down down down,left left left left down left down down down 
2221,False,False,False,7,1,"[0, 1]",obstacle,up left right right right down down,up left right right right down down 
2222,False,False,False,8,5,"[1, 1]",obstacle,up right right right up right right down,up right right right up right right down 
2223,False,False,False,7,3,"[1, 1]",obstacle,right right right right down down down,right right right right down down down 
2224,False,False,False,6,5,"[1, 1]",obstacle,up right right right down right,up right right right down right 
2225,False,False,False,8,10,"[4, 5]",obstacle,left left left left down down left down,left left left left down down left down 
2226,False,True,False,5,1,"[2, 1]",,up up up down down,up up up down down 
2227,False,False,False,7,4,"[1, 1]",obstacle,up right right right down right down,up right right right down right down 
2228,False,False,False,7,6,"[1, 4]",obstacle,up left up left left left down,up left up left left left down 
2229,False,False,False,7,6,"[1, 4]",obstacle,up left up left left left down,up left up left left left down 
2230,False,False,False,7,5,"[0, 1]",obstacle,left left left left down down down,left left left left down down down 
2231,False,False,False,4,2,"[0, 1]",obstacle,left down down down,left down down down 
2232,False,False,False,4,2,"[0, 1]",obstacle,up up up left,up up up left 
2233,False,False,False,8,8,"[5, 4]",obstacle,right up up up right up right right,right up up up right up right right 
2234,False,False,False,5,3,"[0, 3]",obstacle,right up up right down,right up up right down 
2235,False,False,False,8,5,"[4, 0]",obstacle,up up up up right right right down,up up up up right right right down 
2236,False,False,False,7,5,"[0, 3]",obstacle,right right right down right down down,right right right down right down down 
2237,False,False,False,9,8,"[1, 1]",obstacle,right right right right down right down down down,right right right right down right down down down 
2238,False,False,False,7,4,"[2, 2]",obstacle,up up up left left left down,up up up left left left down 
2239,True,True,True,4,4,"[0, 1]",,up up up up,up up up up 
2240,False,False,False,7,5,"[3, 3]",obstacle,left left down down left left down,left left down down left left down 
2241,False,False,False,7,1,"[1, 5]",out_of_bounds,right right right right down down down,right right right right down down down 
2242,False,False,False,6,5,"[4, 0]",obstacle,up up up right right right,up up up right right right 
2243,False,False,False,7,5,"[1, 5]",out_of_bounds,right up up down right right right,right up up down right right right 
2244,False,False,False,8,8,"[1, 3]",obstacle,left left left down down down left down,left left left down down down left down 
2245,False,False,False,9,8,"[1, 3]",obstacle,left left left left down left down down down,left left left left down left down down down 
2246,False,False,False,6,5,"[1, 4]",obstacle,up left up left left left,up left up left left left 
2247,False,False,False,6,3,"[0, 3]",obstacle,right down down down right right,right down down down right right 
2248,False,False,False,8,8,"[0, 2]",obstacle,right down down right down right right down,right down down right down right right down 
2249,False,False,False,6,3,"[1, 0]",out_of_bounds,up up up left left left,up up up left left left 
2250,False,False,False,7,7,"[0, 3]",obstacle,left left down down down left left,left left down down down left left 
2251,False,False,False,7,5,"[2, 1]",obstacle,right right up up left left down,right right up up left left down 
2252,False,False,False,8,4,"[4, 2]",obstacle,left up up left left up down right,left up up left left up down right 
2253,False,False,False,5,5,"[0, 3]",obstacle,up up left left left,up up left left left 
2254,False,False,False,3,4,"[0, 3]",out_of_bounds,up up right,up up right 
2255,False,False,False,6,3,"[2, 4]",obstacle,left down down down right down,left down down down right down 
2258,False,False,False,0,2,"[5, 0]",invalid_action,,Goal not reachable
2259,False,False,False,6,6,"[1, 2]",obstacle,right up right up right right,right up right up right right 
2260,False,False,False,6,2,"[1, 1]",obstacle,left down down down left left,left down down down left left 
2261,False,False,False,6,3,"[2, 1]",obstacle,right up up left left left,right up up left left left 
2262,False,False,False,5,3,"[2, 3]",obstacle,up up up left left,up up up left left 
2263,True,True,True,2,2,"[2, 4]",,down down,down down 
2264,False,False,False,0,8,"[4, 0]",invalid_action,,Goal not reachable
2265,False,False,False,7,5,"[1, 1]",obstacle,right up up left up left left,right up up left up left left 
2266,False,False,False,8,6,"[0, 3]",out_of_bounds,right up up up right down down left,right up up up right down down left 
2267,False,True,False,3,4,"[0, 4]",,up up left,up up left 
2268,False,False,False,6,7,"[1, 1]",obstacle,right up up left left left,right up up left left left 
2269,False,True,False,3,1,"[0, 4]",,up up left,up up left 
2270,False,False,False,7,5,"[1, 1]",obstacle,right up up up left left left,right up up up left left left 
2271,False,False,False,6,3,"[0, 3]",obstacle,up up up left left left,up up up left left left 
2272,False,False,False,6,4,"[0, 5]",out_of_bounds,up up up down left down,up up up down left down 
2273,False,True,False,4,5,"[0, 4]",,up up up right,up up up right 
2274,False,True,False,3,1,"[0, 4]",,up up left,up up left 
2275,False,True,False,3,2,"[1, 2]",,up up left,up up left 
2276,False,False,False,8,7,"[1, 2]",obstacle,left left down left down down down left,left left down left down down down left 
2277,True,True,True,4,4,"[4, 3]",,left down down down,left down down down 
2278,False,True,False,4,5,"[3, 5]",,right down down down,right down down down 
2279,False,False,False,8,7,"[4, 0]",obstacle,right up up right up right right down,right up up right up right right down 
2280,False,False,False,9,4,"[2, 0]",out_of_bounds,up up left left right left up up right,up up left left right left up up right 
2281,False,False,False,7,5,"[2, 0]",out_of_bounds,up left up right right right down,up left up right right right down 
2282,False,False,False,4,2,"[4, 4]",obstacle,left down down down,left down down down 
2283,False,True,False,7,5,"[2, 1]",,up left left down left left up,up left left down left left up 
2284,False,False,False,8,5,"[3, 0]",out_of_bounds,down down right left left left down down,down down right left left left down down 
2285,False,False,False,7,4,"[1, 2]",obstacle,left up up left left left down,left up up left left left down 
2286,False,False,False,9,8,"[0, 3]",obstacle,left left down left left left down down down,left left down left left left down down down 
2287,False,False,False,6,1,"[2, 0]",out_of_bounds,up left left left up left,up left left left up left 
2288,False,False,False,8,2,"[2, 0]",out_of_bounds,left left down down left left left down,left left down down left left left down 
2289,False,False,False,9,7,"[0, 4]",out_of_bounds,up up right right right up up up left,up up right right right up up up left 
2290,False,False,False,7,5,"[3, 0]",out_of_bounds,up right left left left up up,up right left left left up up 
2291,False,False,False,9,4,"[1, 1]",obstacle,up up left left left up up left up,up up left left left up up left up 
2292,False,False,False,8,4,"[4, 0]",out_of_bounds,left down down left left left up left,left down down left left left up left 
2293,False,False,False,4,1,"[0, 4]",out_of_bounds,up up up left,up up up left 
2294,False,False,False,10,7,"[0, 4]",out_of_bounds,up up up left left left up left down down,up up up left left left up left down down 
2295,False,False,False,7,4,"[4, 0]",out_of_bounds,down down left left left down left,down down left left left down left 
2296,False,False,False,7,6,"[4, 0]",obstacle,left down down left left left down,left down down left left left down 
2297,False,False,False,8,1,"[2, 0]",out_of_bounds,up up left left left up left up,up up left left left up left up 
2298,False,False,False,7,2,"[2, 3]",obstacle,up left up left left left down,up left up left left left down 
2299,False,False,False,4,2,"[2, 5]",obstacle,up up up left,up up up left 
2300,False,False,False,8,6,"[1, 4]",obstacle,left down down left left left down down,left down down left left left down down 
2301,False,False,False,9,1,"[1, 2]",obstacle,up up up up left left left up left,up up up up left left left up left 
2302,False,True,False,3,2,"[5, 1]",,down down left,down down left 
2303,False,True,False,7,4,"[1, 0]",,up left left left up left up,up left left left up left up 
2304,False,False,False,6,1,"[2, 0]",out_of_bounds,up left left left up left,up left left left up left 
2305,False,False,False,9,5,"[0, 4]",out_of_bounds,up up up left left left up left up,up up up left left left up left up 
2306,False,False,False,5,3,"[2, 5]",obstacle,up up up left up,up up up left up 
2307,True,True,True,4,4,"[3, 5]",,down down right down,down down right down 
2308,False,False,False,4,3,"[4, 4]",obstacle,right down down down,right down down down 
2309,False,False,False,7,3,"[2, 0]",out_of_bounds,up left left left up left left,up left left left up left left 
2310,False,True,False,6,4,"[2, 2]",,up up left up left left,up up left up left left 
2311,False,False,False,6,5,"[2, 4]",obstacle,up up up left left left,up up up left left left 
2312,False,False,False,0,1,"[0, 4]",invalid_action,,Goal not reachable
2313,False,True,False,6,5,"[2, 2]",,up up left up left left,up up left up left left 
2314,False,False,False,4,2,"[5, 1]",out_of_bounds,right down down right,right down down right 
2315,False,False,False,7,4,"[0, 2]",obstacle,left left down down left left down,left left down down left left down 
2316,False,False,False,5,7,"[1, 3]",obstacle,right right up right right,right right up right right 
2317,False,True,False,3,2,"[1, 0]",,left down left,left down left 
2318,False,False,False,4,7,"[2, 4]",obstacle,left up up up,left up up up 
2319,False,False,False,7,4,"[2, 1]",obstacle,right down down left left left up,right down down left left left up 
2320,False,False,False,6,9,"[4, 2]",obstacle,up right up up right right,up right up up right right 
2321,False,False,False,8,11,"[3, 0]",obstacle,up right up right right right down right,up right up right right right down right 
2322,False,False,False,7,8,"[4, 1]",obstacle,up left up up up left up,up left up up up left up 
2323,False,False,False,6,7,"[4, 2]",obstacle,right up up up right up,right up up up right up 
2324,False,False,False,8,9,"[4, 2]",obstacle,up right up up up right right right,up right up up up right right right 
2325,False,True,False,7,6,"[0, 0]",,up up up up left left left,up up up up left left left 
2326,False,False,False,7,6,"[2, 4]",obstacle,down right right right up right down,down right right right up right down 
2327,False,False,False,7,7,"[2, 1]",obstacle,up left up left left left down,up left up left left left down 
2328,False,False,False,5,7,"[1, 3]",obstacle,right right up right right,right right up right right 
2329,True,True,True,7,7,"[0, 0]",,up up up up left left left,up up up up left left left 
2330,False,False,False,7,4,"[1, 3]",obstacle,up left up left left left down,up left up left left left down 
2331,False,False,False,6,3,"[1, 3]",obstacle,up left up left left down,up left up left left down 
2332,False,False,False,7,6,"[0, 0]",out_of_bounds,left left left left down down down,left left left left down down down 
2333,False,False,False,5,3,"[4, 1]",obstacle,left up up left left,left up up left left 
2334,False,False,False,8,8,"[1, 3]",obstacle,up right up up up right up right,up right up up up right up right 
2335,False,False,False,6,8,"[3, 0]",obstacle,left left up up up left,left left up up up left 
2336,False,False,False,6,4,"[0, 2]",obstacle,left left left down down down,left left left down down down 
2337,False,False,False,7,9,"[3, 0]",obstacle,up left up up up left left,up left up up up left left 
2338,False,False,False,8,4,"[1, 3]",obstacle,up left up left left down down left,up left up left left down down left 
2339,True,True,True,6,6,"[4, 5]",,right right right down right down,right right right down right down 
2340,False,False,False,8,3,"[2, 5]",out_of_bounds,right up up right up right right right,right up up right up right right right 
2341,False,False,False,6,5,"[1, 5]",out_of_bounds,up up right right up right,up up right right up right 
2342,False,False,False,8,4,"[4, 0]",obstacle,up right right up up right right down,up right right up up right right down 
2343,False,False,False,8,4,"[1, 5]",out_of_bounds,right right right right down down right down,right right right right down down right down 
2344,False,False,False,8,5,"[5, 1]",out_of_bounds,down down right down right right up right,down down right down right right up right 
2345,False,False,False,8,5,"[3, 5]",obstacle,down right right right down down down right,down right right right down down down right 
2346,False,False,False,4,2,"[3, 5]",out_of_bounds,up right right right,up right right right 
2347,False,False,False,6,5,"[3, 2]",obstacle,up up right right up right,up up right right up right 
2348,False,False,False,0,3,"[0, 5]",invalid_action,,Goal not reachable
2349,False,False,False,6,3,"[1, 5]",out_of_bounds,up right right right down down,up right right right down down 
2351,False,False,False,8,1,"[0, 5]",out_of_bounds,up up right right right down right right,up up right right right down right right 
2352,False,False,False,6,5,"[1, 5]",out_of_bounds,up up right right right down,up up right right right down 
2353,False,False,False,4,3,"[1, 5]",out_of_bounds,down right right right,down right right right 
2354,False,False,False,7,5,"[0, 5]",out_of_bounds,up up up up right right right,up up up up right right right 
2355,False,False,False,8,6,"[4, 0]",obstacle,down right down right right up up right,down right down right right up up right 
2357,False,False,False,8,11,"[4, 0]",obstacle,down right right up up up right right,down right right up up up right right 
2358,False,True,False,6,2,"[2, 5]",,up up right up right right,up up right up right right 
2360,False,False,False,9,6,"[5, 5]",obstacle,up up up up right right right up right,up up up up right right right up right 
2361,False,True,False,8,8,"[3, 5]",,down right right up up right right right,down right right up up right right right 
2362,False,True,False,6,1,"[2, 5]",,down right right up up right,down right right up up right 
2363,False,False,False,7,6,"[1, 2]",obstacle,left down down down left down right,left down down down left down right 
2364,False,False,False,0,3,"[1, 4]",invalid_action,,Goal not reachable
2365,False,False,False,8,5,"[5, 1]",out_of_bounds,down down right down right right up right,down down right down right right up right 
2366,False,False,False,5,4,"[3, 5]",obstacle,down right right down down,down right right down down 
2367,False,False,False,8,5,"[3, 5]",obstacle,down right right right down down down right,down right right right down down down right 
2368,False,False,False,9,9,"[2, 5]",out_of_bounds,down right right right up right right down down,down right right right up right right down down 
2369,False,False,False,6,4,"[1, 5]",out_of_bounds,up right right right down down,up right right right down down 
2370,False,False,False,7,6,"[1, 4]",obstacle,right up right right down down down,right up right right down down down 
2371,True,True,True,3,3,"[0, 2]",,right up right,right up right 
2372,False,False,False,5,1,"[2, 5]",out_of_bounds,up right up right right,up right up right right 
2373,False,False,False,3,2,"[1, 5]",obstacle,right up right,right up right 
2374,False,False,False,4,3,"[1, 3]",obstacle,right up right right,right up right right 
2375,False,False,False,3,3,"[2, 5]",out_of_bounds,right up right,right up right 
2376,True,True,True,7,7,"[1, 5]",,up up up right up right right,up up up right up right right 
2377,False,False,False,6,6,"[1, 5]",out_of_bounds,up right right right up right,up right right right up right 
2378,False,False,False,4,1,"[1, 4]",obstacle,right up up right,right up up right 
2379,False,False,False,5,3,"[3, 5]",out_of_bounds,up right up right right,up right up right right 
2380,False,False,False,4,4,"[1, 4]",obstacle,up right up right,up right up right 
2381,False,False,False,6,3,"[2, 5]",out_of_bounds,up up right up right right,up up right up right right 
2382,False,True,False,5,3,"[2, 4]",,up up right up right,up up right up right 
2383,False,True,False,7,7,"[2, 2]",,right up up left left left down,right up up left left left down 
2384,False,False,False,5,5,"[1, 5]",out_of_bounds,up right right right down,up right right right down 
2385,False,True,False,4,3,"[1, 4]",,up right right up,up right right up 
2386,False,False,False,4,3,"[1, 5]",out_of_bounds,up right right up,up right right up 
2387,False,False,False,6,7,"[0, 0]",out_of_bounds,up right up right right right,up right up right right right 
2388,False,False,False,4,2,"[1, 4]",obstacle,up right up right,up right up right 
2389,False,False,False,3,1,"[1, 3]",obstacle,right up right,right up right 
2390,False,False,False,5,3,"[1, 4]",obstacle,up right right up up,up right right up up 
2391,False,False,False,4,1,"[1, 3]",obstacle,up right up right,up right up right 
2392,False,True,False,6,4,"[2, 4]",,up up right up right right,up up right up right right 
2393,False,False,False,4,2,"[1, 4]",obstacle,up right up right,up right up right 
2394,False,False,False,5,1,"[0, 0]",out_of_bounds,up right up right right,up right up right right 
2395,False,False,False,3,2,"[0, 2]",out_of_bounds,right up right,right up right 
2396,False,True,False,6,5,"[1, 4]",,up up right up up right,up up right up up right 
2397,False,False,False,5,5,"[1, 5]",out_of_bounds,up right right up right,up right right up right 
2398,False,False,False,5,1,"[4, 0]",obstacle,up right up right right,up right up right right 
2399,False,False,False,5,3,"[1, 4]",obstacle,up right right up up,up right right up up 
2400,False,False,False,5,7,"[4, 0]",obstacle,right right up right right,right right up right right 
2401,False,False,False,8,5,"[0, 5]",out_of_bounds,up up up right up right right right,up up up right up right right right 
2402,False,False,False,5,6,"[2, 3]",obstacle,up left left left right,up left left left right 
2403,False,False,False,6,3,"[4, 5]",out_of_bounds,right down down right right down,right down down right right down 
2404,False,False,False,7,3,"[0, 5]",out_of_bounds,up up right up right right right,up up right up right right right 
2405,False,False,False,8,4,"[0, 5]",out_of_bounds,up up up right up right right right,up up up right up right right right 
2406,False,False,False,8,7,"[4, 0]",obstacle,up right right up right right right down,up right right up right right right down 
2407,False,False,False,8,6,"[0, 0]",out_of_bounds,up right right right down down right right,up right right right down down right right 
2408,False,False,False,7,7,"[2, 5]",obstacle,right right right right down down down,right right right right down down down 
2409,False,False,False,9,9,"[1, 1]",obstacle,down right down down right right right down right,down right down down right right right down right 
2411,False,False,False,8,6,"[5, 3]",out_of_bounds,left left down down left left left down,left left down down left left left down 
2412,False,False,False,8,9,"[4, 0]",obstacle,right right up up up right right right,right right up up up right right right 
2413,False,False,False,9,6,"[1, 5]",out_of_bounds,up up up up right right right down right,up up up up right right right down right 
2414,False,False,False,8,5,"[0, 0]",obstacle,up up right up right right down right,up up right up right right down right 
2415,False,False,False,8,5,"[0, 5]",out_of_bounds,up up up right up right right right,up up up right up right right right 
2416,False,False,False,6,2,"[0, 5]",out_of_bounds,up right up right right right,up right up right right right 
2417,False,True,False,4,1,"[0, 5]",,up right right right,up right right right 
2418,False,False,False,8,6,"[1, 5]",out_of_bounds,right right right down right down down down,right right right down right down down down 
2420,False,False,False,5,3,"[4, 5]",out_of_bounds,right down down right right,right down down right right 
2421,False,False,False,7,3,"[3, 4]",obstacle,right up right right right down down,right up right right right down down 
2422,False,False,False,7,2,"[1, 5]",out_of_bounds,up right right right up right down,up right right right up right down 
2423,False,False,False,7,2,"[0, 3]",out_of_bounds,up up right up right right right,up up right up right right right 
2424,False,False,False,4,3,"[2, 5]",out_of_bounds,up right right right,up right right right 
2425,False,False,False,8,4,"[0, 5]",out_of_bounds,right right right down right down down down,right right right down right down down down 
2426,False,False,False,8,7,"[0, 5]",out_of_bounds,right right right down right down down down,right right right down right down down down 
2427,False,False,False,10,10,"[1, 1]",obstacle,down right down down down right right up right up,down right down down down right right up right up 
2428,False,False,False,9,10,"[2, 0]",obstacle,right down down right right up right right down,right down down right right up right right down 
2429,False,True,False,9,10,"[2, 5]",,down right right right up right right down down,down right right right up right right down down 
2430,False,False,False,6,1,"[1, 2]",obstacle,up up up up left left,up up up up left left 
2431,False,False,False,5,1,"[0, 3]",out_of_bounds,up up up up right,up up up up right 
2432,False,False,False,7,2,"[2, 1]",obstacle,up up left up up left left,up up left up up left left 
2433,False,False,False,4,2,"[0, 3]",out_of_bounds,up up up left,up up up left 
2434,False,False,False,8,1,"[4, 0]",out_of_bounds,left left down down down left left down,left left down down down left left down 
2435,False,False,False,7,3,"[3, 1]",obstacle,left left down down down left down,left left down down down left down 
2436,False,True,False,6,7,"[1, 3]",,right right up up up right,right right up up up right 
2437,False,False,False,3,3,"[0, 3]",obstacle,up left left,up left left 
2438,False,False,False,5,3,"[1, 2]",obstacle,up up right right right,up up right right right 
2439,False,False,False,4,3,"[1, 2]",obstacle,up up up right,up up up right 
2440,False,False,False,7,4,"[2, 1]",obstacle,up up left up up right right,up up left up up right right 
2441,False,False,False,7,5,"[4, 0]",out_of_bounds,left left up up up down left,left left up up up down left 
2443,False,True,False,4,2,"[0, 3]",,up up up left,up up up left 
2444,False,False,False,5,1,"[0, 4]",out_of_bounds,up up up up left,up up up up left 
2445,False,False,False,7,5,"[5, 4]",obstacle,up up up up left left left,up up up up left left left 
2446,False,False,False,5,3,"[1, 2]",obstacle,up up up right right,up up up right right 
2447,False,False,False,5,2,"[1, 2]",obstacle,up up up left left,up up up left left 
2448,False,False,False,7,3,"[2, 0]",obstacle,up left up up up left left,up left up up up left left 
2449,False,True,False,8,5,"[2, 4]",,right right up up up right right down,right right up up up right right down 
2450,False,False,False,6,4,"[0, 3]",obstacle,left left up up up left,left left up up up left 
2451,False,False,False,5,7,"[5, 4]",obstacle,up up up up left,up up up up left 
2452,False,False,False,7,3,"[5, 0]",out_of_bounds,left left down down down left down,left left down down down left down 
2453,False,False,False,5,1,"[0, 4]",out_of_bounds,up up up up left,up up up up left 
2454,False,False,False,9,9,"[1, 2]",obstacle,up right up right up up up right right,up right up right up up up right right 
2455,False,True,False,7,9,"[3, 1]",,left left down down left down left,left left down down left down left 
2456,True,True,True,8,8,"[1, 5]",,up up right up up right right right,up up right up up right right right 
2457,False,False,False,7,4,"[2, 0]",out_of_bounds,up up up left left up left,up up up left left up left 
2458,False,False,False,7,5,"[5, 4]",obstacle,left up up up left up left,left up up up left up left 
2459,False,False,False,3,3,"[2, 0]",obstacle,up right right,up right right 
2460,False,True,False,2,1,"[1, 5]",,up right,up right 
2461,False,True,False,5,5,"[0, 5]",,up up up right up,up up up right up 
2462,False,False,False,5,10,"[5, 3]",out_of_bounds,left left down left down,left left down left down 
2463,False,False,False,5,3,"[3, 2]",obstacle,up right right up right,up right right up right 
2464,False,False,False,4,7,"[3, 2]",obstacle,right up right right,right up right right 
2465,False,False,False,6,5,"[0, 5]",out_of_bounds,up up up right up right,up up up right up right 
2466,False,False,False,4,5,"[1, 5]",out_of_bounds,up right right up,up right right up 
2467,False,False,False,6,1,"[4, 1]",obstacle,right up up right right down,right up up right right down 
2468,False,True,False,2,1,"[1, 5]",,up right,up right 
2469,True,True,True,6,6,"[1, 3]",,right right up up up right,right right up up up right 
2470,False,False,False,6,3,"[2, 5]",obstacle,up right right right down down,up right right right down down 
2471,False,False,False,7,6,"[2, 5]",out_of_bounds,right down right down down left down,right down right down down left down 
2472,False,False,False,7,2,"[0, 3]",obstacle,up right right right down down left,up right right right down down left 
2473,False,False,False,7,8,"[5, 1]",obstacle,right up up up left up left,right up up up left up left 
2474,False,False,False,5,2,"[4, 1]",obstacle,up right up right right,up right up right right 
2475,False,False,False,6,6,"[3, 0]",obstacle,up left up up up right,up left up up up right 
2476,True,True,True,7,7,"[2, 5]",,up right up up right right right,up right up up right right right 
2477,False,False,False,5,2,"[1, 5]",out_of_bounds,up right right down down,up right right down down 
2478,False,False,False,5,1,"[5, 1]",obstacle,down right right up up,down right right up up 
2479,False,False,False,3,1,"[0, 3]",obstacle,up up right,up up right 
2480,False,True,False,5,1,"[4, 4]",,right right right down down,right right right down down 
2481,False,True,False,6,7,"[1, 2]",,up right right up up up,up right right up up up 
2482,False,False,False,5,8,"[3, 0]",obstacle,up up up right right,up up up right right 
2483,False,False,False,5,3,"[0, 2]",out_of_bounds,up up up up right,up up up up right 
2484,False,False,False,3,2,"[3, 0]",obstacle,up right right,up right right 
2485,False,False,False,4,3,"[0, 3]",out_of_bounds,up up up right,up up up right 
2486,False,False,False,4,3,"[0, 2]",out_of_bounds,up up up right,up up up right 
2487,False,True,False,3,11,"[5, 1]",,down right down,down right down 
2488,False,False,False,4,4,"[4, 1]",obstacle,up right up right,up right up right 
2489,False,False,False,6,6,"[2, 3]",obstacle,down down down down right right,down down down down right right 
2490,False,False,False,4,3,"[1, 1]",obstacle,up right up right,up right up right 
2491,False,False,False,5,7,"[4, 2]",obstacle,right up up right up,right up up right up 
2492,False,True,False,4,2,"[0, 4]",,up up up right,up up up right 
2493,True,True,True,2,2,"[1, 2]",,up left,up left 
2494,False,False,False,6,5,"[1, 1]",obstacle,up up left left left up,up up left left left up 
2495,True,True,True,3,3,"[0, 5]",,up up up,up up up 
2496,False,False,False,5,2,"[0, 5]",out_of_bounds,up up left right left,up up left right left 
2497,False,False,False,8,4,"[0, 2]",out_of_bounds,up left left left up up down down,up left left left up up down down 
2498,False,True,False,3,1,"[0, 2]",,up right up,up right up 
2499,False,False,False,6,5,"[0, 2]",obstacle,up left left left up left,up left left left up left 
2500,False,True,False,4,1,"[0, 4]",,up up right up,up up right up 
2501,False,False,False,4,1,"[4, 2]",obstacle,up up up up,up up up up 
2502,False,True,False,4,4,"[0, 2]",,up left left up,up left left up 
2503,False,False,False,5,3,"[2, 2]",obstacle,left down left down down,left down left down down 
2504,False,True,False,5,2,"[1, 3]",,up up up left down,up up up left down 
2505,False,False,False,6,4,"[0, 5]",out_of_bounds,up up right right right down,up up right right right down 
2506,False,True,False,6,3,"[1, 2]",,up up up left left left,up up up left left left 
2507,False,False,False,6,5,"[1, 5]",out_of_bounds,up up right right up right,up up right right up right 
2508,False,False,False,8,1,"[0, 2]",out_of_bounds,up right right down down down left down,up right right down down down left down 
2509,False,False,False,6,5,"[1, 0]",obstacle,up up left left left up,up up left left left up 
2510,False,False,False,7,2,"[1, 1]",obstacle,up up up left left left up,up up up left left left up 
2511,False,True,False,4,2,"[0, 5]",,up right right up,up right right up 
2512,False,True,False,6,4,"[0, 5]",,up right up right right right,up right up right right right 
2513,False,False,False,8,6,"[0, 5]",out_of_bounds,right right right down down down left down,right right right down down down left down 
2514,False,False,False,6,5,"[0, 5]",out_of_bounds,right right right down down down,right right right down down down 
2515,False,False,False,7,5,"[4, 2]",obstacle,right up up right up right right,right up up right up right right 
2516,True,True,True,3,3,"[0, 3]",,up left up,up left up 
2517,True,True,True,3,3,"[1, 0]",,down left left,down left left 
2518,False,True,False,4,2,"[0, 5]",,up right right up,up right right up 
2519,False,False,False,6,3,"[1, 5]",out_of_bounds,up up up right right right,up up up right right right 
2520,False,False,False,7,3,"[3, 1]",obstacle,up up left left left up left,up up left left left up left 
2521,False,False,False,8,4,"[1, 3]",obstacle,up up left up left left left down,up up left up left left left down 
2522,False,False,False,7,2,"[5, 0]",out_of_bounds,left down down left left left down,left down down left left left down 
2523,False,False,False,7,3,"[5, 2]",out_of_bounds,left down down left left left down,left down down left left left down 
2524,False,True,False,7,3,"[2, 5]",,right right right right up up right,right right right right up up right 
2526,False,False,False,7,5,"[1, 3]",obstacle,left left down down left left down,left left down down left left down 
2527,False,False,False,8,5,"[1, 3]",obstacle,up up up left up left left left,up up up left up left left left 
2528,False,False,False,7,4,"[2, 5]",obstacle,right right down down left left left,right right down down left left left 
2531,False,False,False,8,4,"[2, 5]",out_of_bounds,right down down right right right down right,right down down right right right down right 
2533,False,False,False,8,3,"[3, 4]",obstacle,up right right right up right right down,up right right right up right right down 
2534,False,True,False,7,4,"[5, 1]",,left up left left left down down,left up left left left down down 
2535,True,True,True,7,7,"[5, 0]",,left down down left left left down,left down down left left left down 
2536,True,True,True,6,6,"[4, 1]",,left left down down left left,left left down down left left 
2537,False,False,False,8,5,"[2, 5]",obstacle,up up right right right up right down,up up right right right up right down 
2538,False,False,False,7,5,"[5, 3]",out_of_bounds,left left down down left left down,left left down down left left down 
2540,False,True,False,7,1,"[3, 3]",,down left right right up up left,down left right right up up left 
2541,False,True,False,7,1,"[2, 5]",,right down right right up up right,right down right right up up right 
2542,False,True,False,6,3,"[5, 0]",,left down down left left left,left down down left left left 
2543,False,False,False,5,1,"[3, 2]",obstacle,left up left left left,left up left left left 
2544,False,False,False,8,5,"[4, 0]",out_of_bounds,left down down left left left up left,left down down left left left up left 
2545,False,True,False,2,1,"[1, 3]",,left up,left up 
2546,False,False,False,9,2,"[0, 1]",out_of_bounds,up up right right up right left right down,up up right right up right left right down 
2547,False,False,False,8,6,"[4, 5]",obstacle,up right right up right right right down,up right right up right right right down 
2549,False,False,False,9,1,"[5, 2]",out_of_bounds,down right right down down right right up right,down right right down down right right up right 
2550,False,False,False,4,2,"[5, 3]",out_of_bounds,right down down down,right down down down 
2551,False,False,False,3,2,"[5, 4]",out_of_bounds,down right up,down right up 
2552,False,False,False,4,1,"[5, 3]",out_of_bounds,down right down down,down right down down 
2553,False,False,False,4,3,"[0, 5]",obstacle,up left up left,up left up left 
2554,False,False,False,6,4,"[1, 3]",obstacle,right down down down left down,right down down down left down 
2555,False,False,False,6,4,"[1, 1]",obstacle,left down left down down down,left down left down down down 
2556,False,False,False,4,4,"[5, 3]",out_of_bounds,down left down down,down left down down 
2557,False,False,False,5,3,"[5, 4]",out_of_bounds,right down down down right,right down down down right 
2558,False,False,False,6,5,"[1, 5]",out_of_bounds,up up up right up right,up up up right up right 
2559,False,False,False,4,3,"[5, 4]",out_of_bounds,down down down right,down down down right 
2560,True,True,True,4,4,"[4, 2]",,down right down right,down right down right 
2561,True,True,True,3,3,"[1, 2]",,up up up,up up up 
2562,False,False,False,6,6,"[2, 2]",obstacle,right right down right down down,right right down right down down 
2563,False,False,False,3,2,"[2, 5]",obstacle,down right down,down right down 
2564,False,False,False,5,5,"[4, 3]",obstacle,up up right right up,up up right right up 
2565,False,False,False,5,4,"[5, 3]",out_of_bounds,right down right down down,right down right down down 
2566,True,True,True,6,6,"[5, 5]",,down left down down right down,down left down down right down 
2567,False,False,False,2,2,"[3, 2]",obstacle,right down,right down 
2568,True,True,True,1,1,"[2, 2]",,down,down 
2569,False,False,False,6,5,"[2, 2]",obstacle,up up right up right right,up up right up right right 
2570,False,False,False,6,7,"[2, 2]",obstacle,up right right up right right,up right right up right right 
2571,False,False,False,5,7,"[3, 2]",obstacle,right right right right up,right right right right up 
2572,False,True,False,4,6,"[2, 4]",,up left up up,up left up up 
2573,False,True,False,3,5,"[3, 4]",,left down down,left down down 
2574,True,True,True,4,4,"[1, 1]",,up up up left,up up up left 
2575,False,False,False,3,1,"[2, 5]",obstacle,down left left,down left left 
2576,False,False,False,3,3,"[1, 4]",obstacle,up up left,up up left 
2577,False,False,False,5,5,"[1, 2]",obstacle,up up right up right,up up right up right 
2578,False,False,False,5,5,"[3, 2]",obstacle,up up right up right,up up right up right 
2579,False,False,False,3,2,"[1, 2]",obstacle,up right right,up right right 
2580,False,False,False,7,4,"[5, 4]",obstacle,right right right down down up right,right right right down down up right 
2581,False,False,False,8,1,"[1, 5]",out_of_bounds,right up up right right right down right,right up up right right right down right 
2582,False,False,False,7,2,"[1, 3]",obstacle,up right right right up right down,up right right right up right down 
2583,False,False,False,9,4,"[3, 5]",out_of_bounds,right up up up right right right up right,right up up up right right right up right 
2584,False,False,False,9,4,"[3, 5]",out_of_bounds,right up up up right right right up right,right up up up right right right up right 
2585,True,True,True,2,2,"[4, 2]",,right down,right down 
2586,False,False,False,8,6,"[5, 4]",out_of_bounds,right right right right down down right down,right right right right down down right down 
2587,False,False,False,6,5,"[0, 5]",out_of_bounds,right right up right right right,right right up right right right 
2588,False,False,False,6,4,"[2, 3]",obstacle,right up up right right right,right up up right right right 
2589,False,False,False,8,8,"[0, 5]",out_of_bounds,right right right down down down right down,right right right down down down right down 
2590,False,False,False,8,6,"[2, 3]",obstacle,right right up up up right right up,right right up up up right right up 
2591,False,False,False,5,3,"[2, 5]",obstacle,right right up up left,right right up up left 
2592,False,False,False,7,6,"[0, 5]",out_of_bounds,right up up up right right right,right up up up right right right 
2593,False,False,False,5,2,"[2, 3]",obstacle,up left right right right,up left right right right 
2594,False,False,False,8,2,"[3, 4]",obstacle,up up up right right right down right,up up up right right right down right 
2595,False,False,False,8,6,"[0, 5]",out_of_bounds,right right right down down down right down,right right right down down down right down 
2596,False,False,False,8,5,"[0, 5]",out_of_bounds,up up right up right right right down,up up right up right right right down 
2597,False,False,False,7,6,"[1, 3]",obstacle,right right right down down right down,right right right down down right down 
2598,False,False,False,7,3,"[2, 5]",out_of_bounds,right right right down down right right,right right right down down right right 
2599,False,False,False,8,6,"[4, 5]",out_of_bounds,right up up up right up right right,right up up up right up right right 
2600,False,False,False,8,7,"[0, 5]",out_of_bounds,right right right down down down right down,right right right down down down right down 
2601,False,False,False,8,6,"[1, 3]",obstacle,right right right down down down right down,right right right down down down right down 
2602,False,False,False,6,4,"[2, 5]",obstacle,left left left down down left,left left left down down left 
2603,False,False,False,8,3,"[1, 3]",obstacle,right right up right right down down left,right right up right right down down left 
2604,False,False,False,6,3,"[5, 4]",obstacle,down down right right up up,down down right right up up 
2605,False,False,False,7,1,"[1, 5]",out_of_bounds,right up up right right right down,right up up right right right down 
2606,False,False,False,11,7,"[3, 4]",obstacle,right up up right up up up down right right right,right up up right up up up down right right right 
2607,False,False,False,6,3,"[2, 5]",obstacle,up left left left down left,up left left left down left 
2608,False,False,False,7,3,"[1, 3]",obstacle,up right right right up right down,up right right right up right down 
2609,False,False,False,6,2,"[0, 4]",out_of_bounds,up right up right right right,up right up right right right 
2610,False,False,False,6,2,"[2, 4]",obstacle,up up up right right right,up up up right right right 
2611,False,False,False,5,5,"[1, 4]",obstacle,right right down down down,right right down down down 
2612,False,True,False,5,2,"[1, 3]",,up up up up right,up up up up right 
2613,False,False,False,5,2,"[0, 3]",out_of_bounds,up up right right right,up up right right right 
2614,False,False,False,7,6,"[2, 4]",obstacle,right up up up right right right,right up up up right right right 
2615,False,False,False,4,3,"[1, 1]",obstacle,up up up right,up up up right 
2616,False,False,False,9,7,"[1, 4]",obstacle,right right right right down down down right down,right right right right down down down right down 
2617,False,False,False,6,3,"[5, 5]",out_of_bounds,right right right down down right,right right right down down right 
2618,False,False,False,3,3,"[1, 1]",obstacle,up up right,up up right 
2619,False,True,False,3,4,"[0, 3]",,up up left,up up left 
2620,False,False,False,10,5,"[0, 5]",out_of_bounds,up right right right up up up right right down,up right right right up up up right right down 
2621,False,False,False,7,7,"[2, 4]",obstacle,right up up up right right right,right up up up right right right 
2622,False,True,False,4,4,"[0, 5]",,up up right right,up up right right 
2623,False,False,False,8,7,"[1, 0]",obstacle,up up right right right down right right,up up right right right down right right 
2624,False,False,False,3,3,"[1, 1]",obstacle,up up right,up up right 
2625,False,False,False,8,1,"[0, 3]",out_of_bounds,up up up right right right down right,up up up right right right down right 
2626,False,False,False,7,3,"[3, 5]",out_of_bounds,right up up up right right right,right up up up right right right 
2627,False,False,False,5,9,"[4, 5]",out_of_bounds,up right up up up,up right up up up 
2628,False,True,False,5,4,"[1, 3]",,up up up right right,up up up right right 
2629,False,True,False,5,4,"[1, 4]",,up left up up up,up left up up up 
2630,False,False,False,8,5,"[4, 5]",out_of_bounds,up right up up up right right right,up right up up up right right right 
2631,False,False,False,3,1,"[1, 1]",obstacle,up up right,up up right 
2632,False,True,False,4,3,"[0, 4]",,up up up right,up up up right 
2633,False,True,False,7,2,"[3, 2]",,right up up up left left down,right up up up left left down 
2634,False,False,False,6,8,"[2, 4]",obstacle,up up up right right right,up up up right right right 
2635,False,False,False,7,6,"[0, 5]",obstacle,up up right right right down right,up up right right right down right 
2636,False,False,False,7,4,"[1, 4]",obstacle,right right right right down down down,right right right right down down down 
2637,False,False,False,7,6,"[1, 4]",obstacle,right right right right down down down,right right right right down down down 
2638,False,False,False,6,5,"[2, 4]",obstacle,right up up up right right,right up up up right right 
2639,False,False,False,8,3,"[1, 4]",obstacle,up up up right right right down right,up up up right right right down right 
2640,False,False,False,8,5,"[4, 0]",out_of_bounds,up left up up up right right right,up left up up up right right right 
2641,False,False,False,8,6,"[4, 3]",obstacle,up left up up up left left left,up left up up up left left left 
2642,False,False,False,7,2,"[0, 0]",out_of_bounds,up left up up up right right,up left up up up right right 
2643,False,False,False,8,13,"[3, 2]",obstacle,left left up up up right right right,left left up up up right right right 
2644,False,False,False,5,9,"[2, 3]",obstacle,left down left down down,left down left down down 
2645,False,False,False,7,4,"[0, 4]",out_of_bounds,up left up up up left left,up left up up up left left 
2646,False,False,False,8,13,"[3, 2]",obstacle,left left up up up right right right,left left up up up right right right 
2647,False,False,False,7,8,"[0, 2]",out_of_bounds,left up up up left down down,left up up up left down down 
2648,False,False,False,7,7,"[3, 2]",obstacle,left up up up right right right,left up up up right right right 
2649,False,False,False,7,3,"[3, 1]",obstacle,left up up left left down down,left up up left left down down 
2650,False,False,False,5,12,"[4, 3]",obstacle,up left up up up,up left up up up 
2651,False,False,False,5,6,"[1, 1]",obstacle,left down down left down,left down down left down 
2652,False,False,False,6,15,"[2, 4]",obstacle,left down down down right right,left down down down right right 
2653,False,False,False,6,6,"[0, 2]",out_of_bounds,right up up up right right,right up up up right right 
2654,False,False,False,6,8,"[3, 1]",obstacle,left up up up right right,left up up up right right 
2655,False,False,False,7,9,"[1, 2]",obstacle,right down right down down left down,right down right down down left down 
2656,False,False,False,8,10,"[3, 2]",obstacle,right up up up right up right right,right up up up right up right right 
2657,False,False,False,7,4,"[0, 0]",out_of_bounds,up left up up up right right,up left up up up right right 
2658,False,False,False,5,4,"[4, 0]",out_of_bounds,up left up up right,up left up up right 
2659,False,False,False,6,5,"[2, 5]",obstacle,up left up up right right,up left up up right right 
2660,False,False,False,5,5,"[2, 0]",obstacle,right down down right right,right down down right right 
2661,False,False,False,9,10,"[0, 0]",out_of_bounds,left left up up up down right right right,left left up up up down right right right 
2662,False,False,False,7,3,"[0, 2]",out_of_bounds,up left up up up right right,up left up up up right right 
2663,False,False,False,8,8,"[4, 3]",obstacle,left up up up left up left left,left up up up left up left left 
2664,False,False,False,4,3,"[3, 2]",obstacle,up left left left,up left left left 
2665,False,False,False,7,3,"[0, 3]",out_of_bounds,up left up up up left left,up left up up up left left 
2666,False,False,False,6,5,"[3, 2]",obstacle,right right right down down right,right right right down down right 
2667,False,False,False,5,3,"[0, 4]",out_of_bounds,up right up up right,up right up up right 
2668,False,False,False,6,3,"[0, 2]",out_of_bounds,up right up up up right,up right up up up right 
2669,False,False,False,7,5,"[4, 3]",obstacle,up left up up up left left,up left up up up left left 
2670,False,True,False,5,3,"[0, 2]",,left up up left left,left up up left left 
2671,False,True,False,9,8,"[1, 4]",,up up up up right right right down right,up up up up right right right down right 
2672,False,False,False,5,2,"[0, 4]",obstacle,left up up right right,left up up right right 
2673,False,False,False,4,3,"[1, 4]",obstacle,right right right up,right right right up 
2674,False,True,False,4,3,"[4, 2]",,right right down down,right right down down 
2675,False,False,False,8,7,"[0, 2]",out_of_bounds,left up up up left left up left,left up up up left left up left 
2677,True,True,True,4,4,"[0, 1]",,up up up left,up up up left 
2680,False,True,False,5,4,"[3, 2]",,right right down down down,right right down down down 
2681,False,False,False,8,3,"[0, 4]",out_of_bounds,up up up up left left left down,up up up up left left left down 
2683,True,True,True,5,5,"[0, 1]",,up up left left left,up up left left left 
2684,True,True,True,3,3,"[0, 2]",,up up left,up up left 
2685,False,False,False,5,1,"[0, 4]",obstacle,up up right right right,up up right right right 
2686,False,False,False,8,7,"[0, 2]",out_of_bounds,left up up up left left up left,left up up up left left up left 
2687,False,False,False,9,8,"[3, 5]",obstacle,right right right right down down down right down,right right right right down down down right down 
2688,False,False,False,6,5,"[3, 5]",obstacle,right right right right down down,right right right right down down 
2689,False,False,False,6,3,"[2, 1]",obstacle,left down down down left down,left down down down left down 
2690,False,False,False,8,6,"[3, 3]",obstacle,right right right down down down left down,right right right down down down left down 
2691,False,False,False,8,3,"[0, 4]",out_of_bounds,up up up up left left left down,up up up up left left left down 
2692,True,True,True,4,4,"[0, 3]",,left up up left,left up up left 
2693,False,False,False,4,4,"[4, 1]",obstacle,up up up right,up up up right 
2695,False,False,False,7,2,"[1, 4]",obstacle,left up up down right right right,left up up down right right right 
2696,False,False,False,8,2,"[0, 3]",out_of_bounds,up up up up right right right down,up up up up right right right down 
2697,False,True,False,7,8,"[1, 3]",,up up up up right right right,up up up up right right right 
2698,False,True,False,7,5,"[3, 2]",,right right right down down down left,right right right down down down left 
2699,False,False,False,4,3,"[1, 4]",obstacle,up right right right,up right right right 
2701,False,False,False,4,2,"[2, 2]",obstacle,up up up right,up up up right 
2702,False,False,False,4,1,"[3, 3]",obstacle,left down down down,left down down down 
2703,False,False,False,6,3,"[5, 0]",out_of_bounds,left left left down down down,left left left down down down 
2706,False,False,False,9,7,"[3, 3]",obstacle,left left down down down left left down left,left left down down down left left down left 
2707,False,False,False,5,1,"[3, 3]",obstacle,right right down down down,right right down down down 
2708,False,True,False,7,4,"[5, 1]",,left left left left down down down,left left left left down down down 
2711,False,True,False,4,3,"[1, 3]",,up up up left,up up up left 
2712,False,True,False,4,3,"[1, 3]",,up up up left,up up up left 
2713,False,True,False,8,7,"[2, 5]",,up right right up up right right down,up right right up up right right down 
2714,False,True,False,6,5,"[1, 4]",,right right up right up down,right right up right up down 
2716,False,True,False,3,2,"[0, 5]",,up right up,up right up 
2717,False,True,False,7,6,"[5, 2]",,left left down left down down down,left left down left down down down 
2718,False,False,False,4,2,"[4, 4]",obstacle,left down down down,left down down down 
2719,False,False,False,7,6,"[5, 0]",out_of_bounds,left left left left down down down,left left left left down down down 
2720,False,True,False,5,4,"[0, 5]",,up up up up right,up up up up right 
2721,False,False,False,6,6,"[3, 3]",obstacle,left down down down left down,left down down down left down 
2722,False,False,False,6,2,"[2, 1]",obstacle,up left left down down down,up left left down down down 
2723,False,False,False,5,1,"[3, 3]",obstacle,right right down down down,right right down down down 
2724,False,False,False,6,4,"[3, 0]",obstacle,up up up right right right,up up up right right right 
2725,False,False,False,5,1,"[4, 4]",obstacle,left up down down right,left up down down right 
2726,True,True,True,7,7,"[0, 4]",,up right right right up up up,up right right right up up up 
2727,False,False,False,7,3,"[0, 4]",out_of_bounds,right up up up right up up,right up up up right up up 
2728,True,True,True,4,4,"[1, 3]",,up up right up,up up right up 
2729,False,False,False,9,8,"[0, 5]",out_of_bounds,up up up right up right right up up,up up up right up right right up up 
2730,False,False,False,6,3,"[3, 4]",obstacle,up left up up right right,up left up up right right 
2731,False,False,False,7,5,"[1, 5]",obstacle,up left left left down down left,up left left left down down left 
2732,False,False,False,9,2,"[0, 0]",out_of_bounds,up up up up left left left down left,up up up up left left left down left 
2733,False,False,False,7,8,"[4, 3]",obstacle,left left up up up right up,left left up up up right up 
2734,False,False,False,9,2,"[0, 0]",out_of_bounds,left left left left down down down left down,left left left left down down down left down 
2735,False,False,False,6,3,"[3, 4]",obstacle,up left up up right right,up left up up right right 
2736,False,False,False,4,2,"[2, 2]",obstacle,up up left left,up up left left 
2737,False,False,False,8,6,"[1, 0]",obstacle,left left left down down down left down,left left left down down down left down 
2738,False,False,False,6,3,"[3, 4]",obstacle,up left up up right right,up left up up right right 
2739,False,False,False,9,15,"[3, 0]",obstacle,left left up up up right up right right,left left up up up right up right right 
2740,False,False,False,8,6,"[3, 2]",obstacle,right down down right right down down left,right down down right right down down left 
2741,False,False,False,9,4,"[1, 3]",obstacle,left left left left down down down right down,left left left left down down down right down 
2742,False,False,False,9,4,"[0, 0]",out_of_bounds,left left left left down down down left down,left left left left down down down left down 
2743,False,False,False,7,9,"[1, 4]",obstacle,right down down down right down down,right down down down right down down 
2744,False,False,False,9,6,"[3, 0]",obstacle,up up up up left left left right right,up up up up left left left right right 
2745,False,False,False,10,3,"[0, 0]",out_of_bounds,left left left up up up right right right down,left left left up up up right right right down 
2746,False,False,False,3,5,"[1, 5]",obstacle,up up up,up up up 
2747,False,False,False,8,2,"[0, 0]",out_of_bounds,up up left left left down down left,up up left left left down down left 
2748,False,False,False,9,4,"[1, 0]",obstacle,left left left left down down down left down,left left left left down down down left down 
2749,False,False,False,6,4,"[1, 0]",out_of_bounds,up up up left left left,up up up left left left 
2750,False,False,False,7,2,"[3, 4]",obstacle,up left up up up right right,up left up up up right right 
2751,False,False,False,7,8,"[3, 0]",obstacle,up up up up right right right,up up up up right right right 
2752,False,False,False,9,7,"[3, 0]",obstacle,left left up up up right up right right,left left up up up right up right right 
2753,False,False,False,6,4,"[1, 5]",obstacle,up up up up left down,up up up up left down 
2754,False,False,False,9,7,"[0, 0]",out_of_bounds,left left left left down down down left down,left left left left down down down left down 
2755,False,False,False,8,4,"[0, 0]",out_of_bounds,left left left down down down right down,left left left down down down right down 
2756,False,False,False,9,7,"[3, 0]",obstacle,left left up up up right up right right,left left up up up right up right right 
2757,False,False,False,8,7,"[0, 0]",out_of_bounds,up left left left down down right down,up left left left down down right down 
2758,False,True,False,10,3,"[5, 1]",,left left left down down down left down right down,left left left down down down left down right down 
2759,False,False,False,9,2,"[3, 0]",obstacle,up up down up left left left down left,up up down up left left left down left 
2760,False,False,False,3,3,"[5, 3]",obstacle,up up left,up up left 
2761,False,False,False,7,5,"[0, 5]",out_of_bounds,right right down down right right down,right right down down right right down 
2762,False,True,False,5,4,"[0, 5]",,up up up up right,up up up up right 
2763,False,False,False,8,2,"[0, 4]",out_of_bounds,right up up right right down down down,right up up right right down down down 
2764,False,False,False,4,4,"[2, 3]",obstacle,up up right right,up up right right 
2765,False,True,False,5,1,"[2, 4]",,up left right right right,up left right right right 
2766,False,False,False,5,5,"[0, 3]",obstacle,up up left left left,up up left left left 
2767,False,False,False,6,8,"[0, 0]",out_of_bounds,up up right right right up,up up right right right up 
2768,True,True,True,3,3,"[1, 4]",,right up up,right up up 
2769,False,False,False,6,7,"[0, 1]",obstacle,up right right right up right,up right right right up right 
2770,False,False,False,7,1,"[0, 5]",out_of_bounds,up up right right right down down,up up right right right down down 
2771,False,True,False,5,5,"[2, 5]",,right right right up right,right right right up right 
2772,False,False,False,7,1,"[4, 5]",obstacle,up up right right right down right,up up right right right down right 
2773,False,False,False,8,6,"[3, 1]",obstacle,up up up left left left down left,up up up left left left down left 
2774,False,False,False,6,4,"[2, 3]",obstacle,up up right right up right,up up right right up right 
2775,False,False,False,7,8,"[5, 3]",obstacle,up up up right right up left,up up up right right up left 
2776,False,False,False,8,4,"[1, 5]",out_of_bounds,right right up right right down down left,right right up right right down down left 
2777,False,True,False,3,2,"[0, 4]",,right up up,right up up 
2778,False,False,False,7,1,"[4, 0]",obstacle,up up left left left down down,up up left left left down down 
2779,False,False,False,4,3,"[1, 0]",obstacle,down left left left,down left left left 
2780,False,False,False,7,6,"[1, 1]",obstacle,right down right right down down down,right down right right down down down 
2781,False,False,False,6,2,"[2, 5]",obstacle,right down down down right down,right down down down right down 
2782,False,False,False,7,3,"[5, 5]",out_of_bounds,right right right right down down down,right right right right down down down 
2783,False,False,False,7,5,"[3, 4]",obstacle,right right right right down down down,right right right right down down down 
2784,False,False,False,5,7,"[1, 1]",obstacle,right right right up right,right right right up right 
2785,False,False,False,6,7,"[0, 1]",obstacle,up right right right up right,up right right right up right 
2786,False,False,False,6,9,"[1, 5]",out_of_bounds,right down right down down right,right down right down down right 
2787,False,False,False,6,5,"[4, 5]",obstacle,up up left right right right,up up left right right right 
2788,False,False,False,7,6,"[3, 3]",obstacle,right down down right right down down,right down down right right down down 
2789,False,True,False,7,6,"[4, 1]",,down down left left left down down,down down left left left down down 
2790,False,False,False,8,1,"[0, 4]",obstacle,up up up up right right right down,up up up up right right right down 
2791,False,False,False,6,4,"[0, 4]",obstacle,up up up right right right,up up up right right right 
2792,False,False,False,6,2,"[2, 5]",out_of_bounds,right right right down down down,right right right down down down 
2793,False,False,False,7,2,"[0, 4]",obstacle,up up up right right right down,up up up right right right down 
2794,False,False,False,9,1,"[0, 4]",obstacle,right down right right up right down down down,right down right right up right down down down 
2795,False,False,False,9,6,"[5, 5]",out_of_bounds,down down down down right right right up right,down down down down right right right up right 
2796,False,False,False,7,4,"[1, 0]",obstacle,up up up right right up right,up up up right right up right 
2797,False,False,False,6,4,"[2, 1]",obstacle,up right right up right right,up right right up right right 
2798,False,False,False,7,2,"[0, 4]",obstacle,up up up right right right down,up up up right right right down 
2799,False,False,False,8,8,"[2, 1]",obstacle,right right right right up right down down,right right right right up right down down 
2800,False,False,False,9,3,"[1, 5]",obstacle,up up up up left left left up left,up up up up left left left up left 
2801,False,False,False,9,7,"[2, 1]",obstacle,right down right right up up right right down,right down right right up up right right down 
2802,False,False,False,7,2,"[0, 3]",out_of_bounds,up up right right right down right,up up right right right down right 
2803,False,False,False,10,6,"[0, 4]",obstacle,right down right down down right right down left down,right down right down down right right down left down 
2804,False,False,False,9,5,"[0, 4]",obstacle,right down right down right right down down down,right down right down right right down down down 
2805,False,False,False,9,4,"[3, 3]",obstacle,down down right right right up right down down,down down right right right up right down down 
2806,False,False,False,8,4,"[1, 3]",obstacle,up up up right right right up right,up up up right right right up right 
2807,False,False,False,6,4,"[1, 3]",obstacle,right up up right right right,right up up right right right 
2808,False,False,False,9,7,"[1, 3]",obstacle,up up up up right right right up right,up up up up right right right up right 
2809,False,False,False,7,2,"[1, 3]",obstacle,up up right right right up right,up up right right right up right 
2810,False,False,False,10,5,"[2, 1]",obstacle,right down right right up up right right down down,right down right right up up right right down down 
2811,False,False,False,10,8,"[0, 3]",obstacle,left left down left left down down down right down,left left down left left down down down right down 
2812,False,False,False,9,7,"[2, 1]",obstacle,up right right right up up right right down,up right right right up up right right down 
2813,False,False,False,9,8,"[1, 5]",out_of_bounds,up up up up right right right up right,up up up up right right right up right 
2814,False,False,False,7,4,"[1, 2]",obstacle,up left up left left down right,up left up left left down right 
2815,False,False,False,9,8,"[3, 5]",out_of_bounds,down down right right right down down right down,down down right right right down down right down 
2816,False,False,False,9,2,"[2, 4]",obstacle,right up up up left up up right right,right up up up left up up right right 
2817,False,False,False,6,5,"[0, 4]",obstacle,right right down down down right,right right down down down right 
2818,False,False,False,7,3,"[2, 1]",obstacle,right right up right right down down,right right up right right down down 
2819,False,False,False,8,6,"[0, 4]",obstacle,up right right right up right right down,up right right right up right right down 
2820,False,False,False,6,2,"[3, 0]",out_of_bounds,left left left left up up,left left left left up up 
2821,False,False,False,8,7,"[1, 1]",obstacle,right down right right right down down down,right down right right right down down down 
2824,False,False,False,3,4,"[1, 4]",obstacle,up left up,up left up 
2825,False,False,False,3,1,"[1, 4]",obstacle,up up left,up up left 
2826,False,False,False,7,3,"[4, 3]",obstacle,up right up up up right down,up right up up up right down 
2827,False,False,False,4,2,"[3, 1]",obstacle,up left up up,up left up up 
2828,False,False,False,5,4,"[2, 2]",obstacle,right up right up up,right up right up up 
2829,False,False,False,6,4,"[1, 4]",obstacle,up left up up left down,up left up up left down 
2830,False,False,False,7,7,"[4, 0]",out_of_bounds,up left left left up up up,up left left left up up up 
2831,False,False,False,6,1,"[1, 4]",obstacle,left up up up right right,left up up up right right 
2832,False,False,False,8,5,"[2, 0]",obstacle,right right up up left left left down,right right up up left left left down 
2833,False,False,False,6,6,"[4, 3]",obstacle,up left up up right up,up left up up right up 
2834,False,False,False,5,5,"[2, 2]",obstacle,right up right up right,right up right up right 
2835,False,False,False,6,4,"[0, 0]",out_of_bounds,up left right up left left,up left right up left left 
2836,False,False,False,5,4,"[2, 2]",obstacle,right up right up up,right up right up up 
2837,False,False,False,6,3,"[3, 2]",obstacle,right up up up right up,right up up up right up 
2838,False,False,False,7,5,"[1, 2]",obstacle,up right right up right right down,up right right up right right down 
2839,False,False,False,7,6,"[3, 1]",obstacle,up left up left up up right,up left up left up up right 
2840,False,False,False,5,4,"[1, 3]",obstacle,right up up right up,right up up right up 
2841,False,False,False,8,5,"[3, 4]",obstacle,up up left left left up up left,up up left left left up up left 
2842,False,False,False,6,6,"[0, 1]",out_of_bounds,up up right right up right,up up right right up right 
2843,False,False,False,7,3,"[3, 4]",obstacle,up left left down up up right,up left left down up up right 
2844,False,False,False,6,3,"[1, 1]",obstacle,left down down down left down,left down down down left down 
2845,False,False,False,7,7,"[1, 3]",obstacle,right up up down down right down,right up up down down right down 
2846,False,False,False,8,7,"[3, 5]",obstacle,down down left left up up left left,down down left left up up left left 
2847,False,False,False,6,4,"[2, 0]",out_of_bounds,up left left up left up,up left left up left up 
2848,False,True,False,7,4,"[3, 0]",,up left up left left up down,up left up left left up down 
2849,False,False,False,5,4,"[1, 3]",obstacle,up up right up right,up up right up right 
2850,False,False,False,6,5,"[1, 3]",obstacle,up up up right right right,up up up right right right 
2851,False,False,False,8,5,"[2, 0]",out_of_bounds,right down down left left left down down,right down down left left left down down 
2852,False,False,False,5,5,"[1, 1]",obstacle,up up up up left,up up up up left 
2853,False,False,False,5,5,"[5, 3]",obstacle,up left up up left,up left up up left 
2854,False,True,False,5,3,"[5, 3]",,right down down down right,right down down down right 
2855,False,False,False,6,7,"[1, 1]",obstacle,up up left up up left,up up left up up left 
2856,False,False,False,5,2,"[2, 0]",out_of_bounds,up left up right right,up left up right right 
2857,False,False,False,8,5,"[1, 3]",obstacle,up up up right right right down right,up up up right right right down right 
2858,False,False,False,7,5,"[1, 3]",obstacle,right down right down down left down,right down right down down left down 
2859,False,True,False,5,1,"[5, 0]",,left down down down left,left down down down left 
2860,False,False,False,4,1,"[1, 1]",obstacle,up up left left,up up left left 
2861,False,False,False,7,7,"[0, 0]",obstacle,down left down down left left down,down left down down left left down 
2862,False,False,False,5,1,"[3, 3]",obstacle,up up right down down,up up right down down 
2864,False,True,False,6,3,"[5, 1]",,left down down down left down,left down down down left down 
2865,False,False,False,6,3,"[0, 0]",obstacle,left down down down left down,left down down down left down 
2866,False,False,False,5,1,"[5, 2]",out_of_bounds,down down left down down,down down left down down 
2867,False,False,False,5,6,"[1, 5]",obstacle,up up left left left,up up left left left 
2868,False,False,False,7,9,"[2, 2]",obstacle,right down down right right down down,right down down right right down down 
2869,False,True,False,4,2,"[0, 0]",,up up left left,up up left left 
2870,False,False,False,6,7,"[1, 3]",obstacle,right down down right down down,right down down right down down 
2871,False,False,False,6,4,"[3, 0]",out_of_bounds,left left down left down down,left left down left down down 
2872,False,False,False,5,1,"[5, 0]",out_of_bounds,left left down down down,left left down down down 
2873,False,False,False,8,3,"[1, 3]",obstacle,right up up right right down down left,right up up right right down down left 
2874,False,False,False,6,8,"[5, 1]",out_of_bounds,right down down right down down,right down down right down down 
2875,False,False,False,5,6,"[2, 0]",out_of_bounds,left left down down down,left left down down down 
2876,False,False,False,9,7,"[2, 0]",out_of_bounds,right down down left left left down down down,right down down left left left down down down 
2877,False,False,False,7,5,"[1, 5]",obstacle,up up left left left down down,up up left left left down down 
2878,False,False,False,6,2,"[1, 1]",obstacle,left left down left down down,left left down left down down 
2879,False,False,False,7,3,"[5, 1]",out_of_bounds,left left down down down left down,left left down down down left down 
2880,False,True,False,7,4,"[3, 5]",,right right up right right down down,right right up right right down down 
2881,False,False,False,7,7,"[0, 3]",obstacle,up up left left left down left,up up left left left down left 
2882,False,False,False,7,8,"[3, 0]",obstacle,up up up up left right left,up up up up left right left 
2883,False,False,False,6,4,"[0, 4]",out_of_bounds,up up up left left left,up up up left left left 
2884,False,False,False,6,7,"[0, 3]",obstacle,left left left down down down,left left left down down down 
2885,False,False,False,3,2,"[0, 3]",obstacle,up up left,up up left 
2886,False,False,False,6,5,"[0, 3]",obstacle,left left left down down down,left left left down down down 
2887,False,False,False,5,4,"[0, 3]",obstacle,left left down down down,left left down down down 
2888,False,False,False,4,4,"[0, 1]",obstacle,up up right right,up up right right 
2889,False,True,False,6,6,"[1, 2]",,left left up up down left,left left up up down left 
2890,False,False,False,6,7,"[4, 2]",obstacle,up up up up left left,up up up up left left 
2891,False,False,False,5,1,"[0, 0]",out_of_bounds,up up left left left,up up left left left 
2892,False,True,False,3,3,"[0, 4]",,up up right,up up right 
2893,False,False,False,0,8,"[0, 4]",invalid_action,,Goal not reachable
2894,False,False,False,5,4,"[0, 3]",obstacle,up up left left left,up up left left left 
2895,True,True,True,4,4,"[1, 5]",,up right right right,up right right right 
2896,False,False,False,3,2,"[0, 4]",out_of_bounds,up up left,up up left 
2897,False,False,False,6,4,"[3, 0]",obstacle,up up up left left left,up up up left left left 
2898,False,False,False,5,3,"[0, 4]",out_of_bounds,up up left left left,up up left left left 
2899,False,True,False,3,2,"[0, 4]",,up up left,up up left 
2900,False,False,False,8,5,"[0, 3]",obstacle,up up up up left left left down,up up up up left left left down 
2901,False,False,False,7,7,"[3, 0]",obstacle,left up up up right up left,left up up up right up left 
2902,False,False,False,8,7,"[3, 1]",obstacle,left left left down down down left down,left left left down down down left down 
2903,False,False,False,7,6,"[1, 0]",obstacle,left left down down down left down,left left down down down left down 
2904,False,False,False,6,3,"[0, 0]",out_of_bounds,up up up left left left,up up up left left left 
2905,False,False,False,6,5,"[2, 2]",obstacle,left down down down left down,left down down down left down 
2906,False,False,False,6,5,"[0, 1]",obstacle,right right right down down down,right right right down down down 
2907,False,False,False,8,7,"[0, 1]",obstacle,up up up right right right down right,up up up right right right down right 
2908,False,False,False,4,2,"[0, 3]",obstacle,up up left left,up up left left 
2909,False,False,False,5,6,"[0, 1]",obstacle,right right down down down,right right down down down 
2910,False,False,False,6,5,"[3, 2]",obstacle,up up left up left left,up up left up left left 
2911,False,False,False,5,3,"[2, 1]",obstacle,down left left left down,down left left left down 
2912,False,False,False,4,7,"[3, 4]",obstacle,left left left up,left left left up 
2914,False,True,False,3,1,"[2, 3]",,right right down,right right down 
2916,False,True,False,3,2,"[5, 5]",,right down right,right down right 
2917,False,False,False,5,6,"[3, 2]",obstacle,up up left left left,up up left left left 
2918,False,False,False,6,8,"[3, 4]",obstacle,up left left left down left,up left left left down left 
2920,False,False,False,7,10,"[3, 4]",obstacle,up left up left left left up,up left up left left left up 
2921,False,False,False,5,11,"[3, 4]",obstacle,up up up left up,up up up left up 
2922,False,False,False,4,9,"[3, 4]",obstacle,up left left left,up left left left 
2923,False,False,False,3,10,"[3, 2]",obstacle,up right right,up right right 
2924,False,False,False,5,6,"[3, 0]",out_of_bounds,left left down left left,left left down left left 
2925,False,False,False,6,12,"[1, 2]",obstacle,down left down down right down,down left down down right down 
2926,False,False,False,6,2,"[3, 0]",out_of_bounds,left down left left left down,left down left left left down 
2927,False,False,False,7,6,"[3, 2]",obstacle,up left up left left up up,up left up left left up up 
2928,False,False,False,4,9,"[1, 4]",obstacle,right down down right,right down down right 
2930,False,False,False,7,6,"[3, 2]",obstacle,up up left up up left left,up up left up up left left 
2931,False,False,False,6,9,"[4, 3]",obstacle,up up up up right right,up up up up right right 
2932,False,False,False,5,2,"[5, 4]",out_of_bounds,right down right down down,right down right down down 
2933,False,False,False,4,8,"[4, 3]",obstacle,right right up up,right right up up 
2934,False,False,False,6,8,"[4, 1]",obstacle,up up up right up right,up up up right up right 
2935,False,False,False,4,5,"[3, 2]",obstacle,left down right right,left down right right 
2936,False,False,False,6,6,"[5, 3]",out_of_bounds,left left down left left down,left left down left left down 
2938,False,False,False,3,1,"[1, 4]",obstacle,right right down,right right down 
2939,False,False,False,4,6,"[2, 3]",obstacle,down left left left,down left left left 
2940,False,True,False,5,3,"[0, 5]",,up up right right right,up up right right right 
2941,False,False,False,5,1,"[2, 1]",obstacle,left left left down down,left left left down down 
2942,False,True,False,3,2,"[2, 1]",,up left left,up left left 
2943,False,False,False,4,1,"[2, 1]",obstacle,left left down down,left left down down 
2945,False,False,False,5,5,"[1, 2]",obstacle,right right down down down,right right down down down 
2946,False,True,False,5,4,"[0, 5]",,up up up up right,up up up up right 
2947,False,False,False,3,1,"[2, 5]",out_of_bounds,right down down,right down down 
2948,False,False,False,7,8,"[5, 2]",obstacle,right up up up right up right,right up up up right up right 
2949,False,False,False,5,4,"[1, 0]",out_of_bounds,up up left left left,up up left left left 
2950,True,True,True,4,4,"[3, 4]",,right down down down,right down down down 
2952,False,True,False,4,4,"[3, 5]",,right down down down,right down down down 
2953,False,False,False,7,5,"[4, 1]",obstacle,right right right right down down down,right right right right down down down 
2954,False,False,False,4,3,"[0, 5]",out_of_bounds,up up up left,up up up left 
2955,False,False,False,7,4,"[1, 0]",obstacle,left left left left down down down,left left left left down down down 
2956,True,True,True,4,4,"[2, 5]",,up up up right,up up up right 
2958,False,False,False,5,5,"[2, 3]",obstacle,up up up left left,up up up left left 
2959,False,False,False,6,9,"[5, 3]",obstacle,up up up up left left,up up up up left left 
2960,False,False,False,7,10,"[5, 2]",obstacle,right up up up left left left,right up up up left left left 
2962,False,False,False,8,3,"[0, 1]",out_of_bounds,up up up up right right right down,up up up up right right right down 
2963,False,False,False,6,1,"[5, 2]",out_of_bounds,left down down down left down,left down down down left down 
2964,False,False,False,7,4,"[0, 4]",out_of_bounds,up up up up left left left,up up up up left left left 
2965,False,False,False,6,10,"[1, 0]",out_of_bounds,left down down down left down,left down down down left down 
2966,False,False,False,6,4,"[4, 1]",obstacle,right right right down down down,right right right down down down 
2968,False,False,False,4,5,"[5, 5]",obstacle,up up up right,up up up right 
2969,False,False,False,7,8,"[3, 2]",obstacle,right right down down down left down,right right down down down left down 
2970,False,False,False,6,1,"[3, 0]",obstacle,left up left down down right,left up left down down right 
2971,False,False,False,8,2,"[1, 0]",out_of_bounds,left left left down down down left down,left left left down down down left down 
2972,False,False,False,6,2,"[4, 0]",obstacle,left down left down down right,left down left down down right 
2973,False,True,False,8,7,"[5, 4]",,right right right down down down right down,right right right down down down right down 
2974,False,False,False,5,3,"[2, 1]",obstacle,left up down down left,left up down down left 
2975,False,False,False,3,4,"[3, 2]",obstacle,left up down,left up down 
2976,False,True,False,4,3,"[1, 1]",,left up up left,left up up left 
2977,False,False,False,0,10,"[5, 0]",invalid_action,,Goal not reachable
2978,False,False,False,7,1,"[0, 0]",out_of_bounds,left up up down down down right,left up up down down down right 
2979,False,False,False,7,6,"[1, 0]",out_of_bounds,left left down down down left down,left left down down down left down 
2980,False,False,False,7,2,"[2, 0]",out_of_bounds,left left left left down down down,left left left left down down down 
2981,False,False,False,0,9,"[5, 1]",invalid_action,,Goal not reachable
2982,False,True,False,3,2,"[1, 1]",,up up left,up up left 
2983,False,False,False,8,1,"[1, 0]",out_of_bounds,left left left up left down down right,left left left up left down down right 
2984,False,False,False,7,8,"[3, 4]",obstacle,right right down down down right down,right right down down down right down 
2985,False,False,False,7,5,"[3, 2]",obstacle,left left down down down left down,left left down down down left down 
2986,False,False,False,6,1,"[3, 0]",obstacle,left up left down down right,left up left down down right 
2987,False,False,False,5,1,"[3, 2]",obstacle,left left left down down,left left left down down 
2988,False,False,False,5,7,"[3, 0]",obstacle,left up up right right,left up up right right 
2989,False,True,False,9,3,"[2, 1]",,left up left up left left down down right,left up left up left left down down right 
2990,False,False,False,6,5,"[4, 3]",obstacle,left up up up left up,left up up up left up 
2991,False,False,False,6,3,"[0, 0]",out_of_bounds,up up up down right right,up up up down right right 
2992,False,False,False,8,7,"[3, 2]",obstacle,right right right down down down left down,right right right down down down left down 
2993,False,False,False,9,1,"[3, 2]",obstacle,right down down right down down left down left,right down down right down down left down left 
2994,True,True,True,8,8,"[1, 0]",,up up up left up left left left,up up up left up left left left 
2995,False,False,False,7,5,"[4, 3]",obstacle,right right down down down left down,right right down down down left down 
2996,False,False,False,7,3,"[2, 1]",obstacle,left up left left down down down,left up left left down down down 
2997,True,True,True,8,8,"[0, 1]",,up up up up left left up left,up up up up left left up left 
2998,False,False,False,9,10,"[3, 2]",obstacle,left left left down down down left down left,left left left down down down left down left 
2999,False,False,False,8,3,"[0, 3]",out_of_bounds,left up up up down up left left,left up up up down up left left 
3001,False,False,False,7,6,"[3, 2]",obstacle,up up up up right right right,up up up up right right right 
3002,False,False,False,4,4,"[1, 4]",obstacle,up left left left,up left left left 
3004,False,False,False,7,4,"[0, 3]",obstacle,right right right down down down right,right right right down down down right 
3006,False,False,False,7,8,"[2, 1]",obstacle,up up right right right down right,up up right right right down right 
3007,False,False,False,8,7,"[3, 2]",obstacle,up up up up right right up right,up up up up right right up right 
3008,False,False,False,8,7,"[3, 4]",obstacle,right right right down down down right down,right right right down down down right down 
3009,False,False,False,8,9,"[0, 5]",out_of_bounds,right right right down down down left down,right right right down down down left down 
3010,False,False,False,7,2,"[2, 1]",obstacle,up up up up right right right,up up up up right right right 
3011,False,True,False,6,7,"[1, 4]",,up right right right down right,up right right right down right 
3012,False,False,False,6,6,"[1, 5]",out_of_bounds,up up up right right right,up up up right right right 
3013,False,False,False,9,2,"[0, 0]",out_of_bounds,up right right right down down down left down,up right right right down down down left down 
3014,False,False,False,9,7,"[0, 3]",out_of_bounds,up right right right up right right down down,up right right right up right right down down 
3015,False,False,False,6,5,"[1, 4]",obstacle,up up up right right right,up up up right right right 
3016,False,False,False,7,6,"[3, 2]",obstacle,up up up up right right right,up up up up right right right 
3017,False,False,False,8,6,"[1, 4]",obstacle,up up up up left left left down,up up up up left left left down 
3018,False,False,False,5,4,"[2, 1]",obstacle,up up right right right,up up right right right 
3019,False,False,False,5,6,"[0, 5]",obstacle,up up left left left,up up left left left 
3020,False,False,False,7,6,"[2, 1]",obstacle,up up up up right right right,up up up up right right right 
3021,False,False,False,8,7,"[3, 2]",obstacle,up up up up right right up right,up up up up right right up right 
3022,False,False,False,7,5,"[0, 3]",obstacle,up up up up right right right,up up up up right right right 
3023,False,True,False,5,2,"[0, 3]",,up up right right right,up up right right right 
3026,False,False,False,6,2,"[3, 2]",obstacle,up up up right right right,up up up right right right 
3027,False,False,False,4,5,"[1, 5]",out_of_bounds,up right right right,up right right right 
3028,False,False,False,6,3,"[1, 5]",out_of_bounds,up up up right right right,up up up right right right 
3029,False,False,False,6,1,"[3, 2]",obstacle,up up up right right right,up up up right right right 
3032,False,False,False,5,4,"[1, 5]",obstacle,up up left left down,up up left left down 
3034,False,False,False,6,1,"[3, 5]",out_of_bounds,up up right right up right,up up right right up right 
3037,False,False,False,6,3,"[5, 3]",obstacle,up up up right right down,up up up right right down 
3038,False,False,False,4,1,"[0, 1]",out_of_bounds,up right up right,up right up right 
3045,False,False,False,8,5,"[0, 0]",out_of_bounds,up right right up right down down left,up right right up right down down left 
3047,False,False,False,5,5,"[0, 1]",obstacle,up right right up right,up right right up right 
3048,False,False,False,5,2,"[1, 5]",out_of_bounds,up up right right right,up up right right right 
3056,False,False,False,6,1,"[1, 5]",obstacle,up up up left right left,up up up left right left 
3058,False,False,False,5,1,"[0, 1]",obstacle,up right right up right,up right right up right 
3061,False,False,False,8,3,"[4, 0]",obstacle,up up up up left left left down,up up up up left left left down 
3062,False,False,False,4,4,"[1, 3]",obstacle,right down down down,right down down down 
3063,False,False,False,7,5,"[5, 2]",obstacle,right down down down right right up,right down down down right right up 
3064,False,False,False,7,4,"[4, 0]",obstacle,up up left left left up left,up up left left left up left 
3065,True,True,True,4,4,"[5, 2]",,right down down down,right down down down 
3066,False,False,False,8,6,"[4, 0]",obstacle,up up up up left right right right,up up up up left right right right 
3067,False,False,False,7,2,"[2, 4]",obstacle,up right right right down down left,up right right right down down left 
3068,False,False,False,6,5,"[1, 0]",out_of_bounds,up up up left left left,up up up left left left 
3069,False,False,False,7,5,"[0, 3]",obstacle,up up up left left left down,up up up left left left down 
3070,False,False,False,6,5,"[1, 1]",obstacle,up up right right right down,up up right right right down 
3071,False,False,False,3,3,"[1, 2]",obstacle,up up right,up up right 
3073,False,True,False,4,3,"[1, 3]",,up up right right,up up right right 
3074,False,False,False,8,1,"[3, 3]",obstacle,right right down down left left left up,right right down down left left left up 
3075,False,False,False,4,2,"[1, 3]",obstacle,right down down down,right down down down 
3076,False,False,False,7,3,"[5, 0]",out_of_bounds,left down down down right right up,left down down down right right up 
3077,True,True,False,6,4,"[2, 0]",,up up left left left down,up up left left left down 
3078,False,False,False,8,3,"[4, 3]",obstacle,right down down down left left up up,right down down down left left up up 
3080,False,False,False,3,1,"[1, 3]",obstacle,up up right,up up right 
3081,False,False,False,7,4,"[2, 0]",obstacle,left left down down left left down,left left down down left left down 
3082,False,False,False,4,1,"[1, 3]",obstacle,right down down down,right down down down 
3083,False,False,False,8,5,"[4, 0]",obstacle,up up up left left left up left,up up up left left left up left 
3084,True,True,True,6,6,"[4, 0]",,left left down down left left,left left down down left left 
3085,False,False,False,0,7,"[0, 3]",invalid_action,,Goal not reachable
3087,False,False,False,4,2,"[1, 3]",obstacle,right down down down,right down down down 
3088,False,True,False,7,2,"[4, 0]",,right right down down down left left,right right down down down left left 
3089,False,False,False,8,2,"[4, 0]",obstacle,up up up up left left left down,up up up up left left left down 
3090,False,False,False,3,2,"[2, 1]",obstacle,up right right,up right right 
3091,False,False,False,6,9,"[3, 3]",obstacle,left up up up right right,left up up up right right 
3092,False,False,False,8,2,"[0, 2]",obstacle,left left left down down down left down,left left left down down down left down 
3093,False,False,False,6,9,"[1, 0]",out_of_bounds,up up up left left left,up up up left left left 
3094,False,False,False,6,1,"[0, 2]",out_of_bounds,up up up up left left,up up up up left left 
3095,False,False,False,3,2,"[4, 3]",obstacle,right down down,right down down 
3096,False,False,False,9,9,"[0, 5]",out_of_bounds,up up left up left left left down down,up up left up left left left down down 
3097,False,False,False,8,9,"[2, 1]",obstacle,right down right down right right down down,right down right down right right down down 
3098,False,False,False,7,7,"[0, 4]",out_of_bounds,up up left up left left down,up up left up left left down 
3099,False,False,False,8,3,"[0, 1]",out_of_bounds,left left up up up left down down,left left up up up left down down 
3100,False,False,False,5,11,"[3, 3]",obstacle,up up right right up,up up right right up 
3101,False,False,False,0,15,"[2, 5]",invalid_action,,Goal not reachable
3102,False,False,False,6,5,"[3, 2]",obstacle,up up up up left left,up up up up left left 
3103,False,False,False,7,4,"[0, 3]",out_of_bounds,up up up up left left left,up up up up left left left 
3104,False,True,False,5,2,"[0, 2]",,up up left left left,up up left left left 
3105,False,False,False,8,7,"[0, 0]",out_of_bounds,up up left up left left down down,up up left up left left down down 
3106,False,False,False,5,1,"[4, 3]",obstacle,left left left down down,left left left down down 
3107,False,False,False,7,7,"[2, 1]",obstacle,down right right down down right down,down right right down down right down 
3108,False,True,False,2,1,"[2, 0]",,up left,up left 
3109,False,False,False,5,6,"[1, 0]",out_of_bounds,up up up up left,up up up up left 
3110,False,False,False,5,5,"[3, 2]",obstacle,up left left up left,up left left up left 
3111,False,False,False,3,1,"[2, 0]",out_of_bounds,up up left,up up left 
3112,False,False,False,3,3,"[3, 2]",obstacle,left down down,left down down 
3113,False,True,False,7,8,"[0, 3]",,up up up up right right right,up up up up right right right 
3114,False,False,False,4,1,"[0, 0]",out_of_bounds,up up up right,up up up right 
3115,False,False,False,4,3,"[2, 0]",out_of_bounds,left down down down,left down down down 
3116,False,True,False,6,6,"[0, 3]",,up up left right right right,up up left right right right 
3117,False,False,False,6,3,"[3, 0]",out_of_bounds,left down down down left down,left down down down left down 
3118,False,False,False,8,7,"[1, 1]",obstacle,up up left left left up up right,up up left left left up up right 
3119,False,False,False,8,5,"[2, 1]",obstacle,up up right right right down down down,up up right right right down down down 
3120,False,False,False,7,1,"[4, 1]",obstacle,up up left left left down down,up up left left left down down 
3121,False,False,False,5,3,"[2, 0]",out_of_bounds,up up left left left,up up left left left 
3122,False,False,False,5,3,"[1, 2]",obstacle,up up left right left,up up left right left 
3123,False,False,False,7,1,"[0, 1]",obstacle,left up left left down down down,left up left left down down down 
3125,False,False,False,7,3,"[2, 1]",obstacle,left up left left left down down,left up left left left down down 
3126,False,False,False,5,2,"[0, 1]",out_of_bounds,up up up up left,up up up up left 
3127,False,False,False,6,4,"[2, 1]",obstacle,left left left down down down,left left left down down down 
3128,False,False,False,7,2,"[3, 0]",out_of_bounds,left left up left left down down,left left up left left down down 
3129,False,False,False,6,3,"[3, 0]",out_of_bounds,up left up left left left,up left up left left left 
3130,False,False,False,9,3,"[0, 2]",out_of_bounds,up up up left up left left left down,up up up left up left left left down 
3131,False,False,False,7,2,"[2, 1]",obstacle,left left down left down down down,left left down left down down down 
3132,False,False,False,4,1,"[3, 0]",out_of_bounds,left left up left,left left up left 
3134,False,False,False,7,5,"[2, 1]",obstacle,left left down left down down down,left left down left down down down 
3135,False,False,False,9,1,"[0, 0]",out_of_bounds,left up up right right right down down left,left up up right right right down down left 
3136,False,False,False,7,3,"[1, 2]",obstacle,left left down left down down down,left left down left down down down 
3137,False,False,False,9,2,"[0, 0]",out_of_bounds,up up up right up right right right down,up up up right up right right right down 
3138,False,False,False,8,2,"[0, 3]",out_of_bounds,up up up right up right right right,up up up right up right right right 
3139,False,False,False,9,5,"[1, 4]",obstacle,right right right right down down down left down,right right right right down down down left down 
3140,True,True,True,4,4,"[2, 1]",,up left left left,up left left left 
3141,False,False,False,7,6,"[1, 2]",obstacle,left left up left left down down,left left up left left down down 
3142,False,False,False,9,3,"[1, 4]",obstacle,up up up left up left left left down,up up up left up left left left down 
3143,False,False,False,7,7,"[3, 5]",obstacle,up left up left left left down,up left up left left left down 
3144,False,False,False,8,1,"[2, 1]",obstacle,left left up left left down down right,left left up left left down down right 
3146,False,False,False,6,8,"[4, 4]",obstacle,left left up left left down,left left up left left down 
3150,False,False,False,6,12,"[4, 0]",obstacle,up right up right right down,up right up right right down 
3151,False,False,False,7,10,"[4, 4]",obstacle,up up up up left left left,up up up up left left left 
3152,False,False,False,6,1,"[2, 1]",obstacle,up right right right down down,up right right right down down 
3153,False,False,False,7,12,"[4, 0]",obstacle,up up right right right down right,up up right right right down right 
3154,False,False,False,4,5,"[3, 2]",obstacle,right right down down,right right down down 
3155,False,False,False,5,5,"[3, 2]",obstacle,up up up right right,up up up right right 
3156,False,False,False,7,6,"[5, 0]",out_of_bounds,down left left up up left left,down left left up up left left 
3157,False,False,False,7,11,"[1, 5]",obstacle,right right down down down left down,right right down down down left down 
3158,False,False,False,7,10,"[4, 4]",obstacle,up up up up left left left,up up up up left left left 
3159,False,False,False,5,2,"[0, 0]",out_of_bounds,up up up right right,up up up right right 
3160,False,False,False,7,7,"[2, 3]",obstacle,left left down down down left down,left left down down down left down 
3161,False,False,False,8,1,"[3, 1]",obstacle,left left left down down down left down,left left left down down down left down 
3162,False,False,False,8,10,"[2, 4]",obstacle,right down down left left left down down,right down down left left left down down 
3163,False,False,False,7,6,"[0, 4]",out_of_bounds,up up left left left down left,up up left left left down left 
3164,False,False,False,8,7,"[1, 1]",obstacle,right right up right right down down left,right right up right right down down left 
3165,False,False,False,5,3,"[0, 0]",out_of_bounds,up up left left left,up up left left left 
3166,False,False,False,8,1,"[3, 1]",obstacle,left left left down down down left down,left left left down down down left down 
3167,False,False,False,7,5,"[0, 2]",obstacle,right right down down down right down,right right down down down right down 
3168,False,False,False,6,9,"[3, 2]",obstacle,right up right right down down,right up right right down down 
3169,False,False,False,8,2,"[2, 3]",obstacle,right right down down left left down down,right right down down left left down down 
3170,False,False,False,6,6,"[5, 1]",obstacle,up up up left left left,up up up left left left 
3171,False,False,False,5,2,"[5, 1]",obstacle,up up left left left,up up left left left 
3172,False,False,False,7,14,"[2, 4]",obstacle,right right down down left left left,right right down down left left left 
3173,False,False,False,8,3,"[4, 4]",obstacle,up up left left left down down down,up up left left left down down down 
3174,False,False,False,5,2,"[5, 3]",obstacle,left up up left left,left up up left left 
3175,False,False,False,5,11,"[5, 3]",obstacle,up up right right right,up up right right right 
3176,True,True,True,6,6,"[2, 4]",,up right right right down down,up right right right down down 
3177,False,False,False,6,11,"[4, 0]",obstacle,up up right right up right,up up right right up right 
3178,False,False,False,8,2,"[0, 3]",out_of_bounds,up up left right left down down down,up up left right left down down down 
3179,False,False,False,8,3,"[2, 3]",obstacle,right right down down left left down down,right right down down left left down down 
3180,False,False,False,7,6,"[5, 1]",obstacle,up right up up right right right,up right up up right right right 
3182,False,False,False,5,5,"[0, 4]",out_of_bounds,up up right down down,up up right down down 
3183,False,False,False,3,3,"[1, 2]",obstacle,up up right,up up right 
3184,False,False,False,5,5,"[0, 4]",obstacle,up up up up right,up up up up right 
3185,False,True,False,7,8,"[4, 4]",,right down down right down down left,right down down right down down left 
3186,False,False,False,3,1,"[0, 4]",obstacle,up up right,up up right 
3187,False,False,False,5,7,"[2, 5]",out_of_bounds,up up up right right,up up up right right 
3188,False,False,False,4,9,"[4, 3]",obstacle,right up up up,right up up up 
3189,False,False,False,6,5,"[0, 4]",obstacle,right down down down right down,right down down down right down 
3190,False,True,False,7,9,"[4, 4]",,right down down right down down left,right down down right down down left 
3191,False,False,False,4,4,"[2, 5]",obstacle,up right up right,up right up right 
3192,False,False,False,4,4,"[2, 5]",obstacle,up right up right,up right up right 
3193,False,False,False,4,6,"[1, 4]",obstacle,up up right up,up up right up 
3194,False,False,False,6,9,"[2, 5]",out_of_bounds,up up up right right down,up up up right right down 
3195,False,False,False,5,12,"[5, 0]",obstacle,up up right up right,up up right up right 
3196,False,False,False,4,6,"[1, 4]",obstacle,up up down right,up up down right 
3197,False,False,False,4,4,"[4, 3]",obstacle,up up up right,up up up right 
3198,False,False,False,6,4,"[5, 1]",obstacle,up up right up right right,up up right up right right 
3199,True,True,True,6,6,"[4, 5]",,down right down down down right,down right down down down right 
3200,False,False,False,5,4,"[1, 1]",obstacle,up right up right right,up right up right right 
3201,False,False,False,4,7,"[4, 3]",obstacle,up up up right,up up up right 
3202,False,False,False,5,7,"[5, 2]",obstacle,right up up up right,right up up up right 
3203,False,False,False,4,3,"[0, 4]",obstacle,right down down down,right down down down 
3204,False,False,False,4,2,"[2, 0]",obstacle,up right right up,up right right up 
3205,False,False,False,5,5,"[4, 3]",obstacle,up up up right right,up up up right right 
3206,False,False,False,3,2,"[1, 2]",obstacle,up up right,up up right 
3207,False,False,False,4,6,"[0, 4]",obstacle,right down down down,right down down down 
3210,False,False,False,9,1,"[0, 3]",out_of_bounds,up left up right right down down down left,up left up right right down down down left 
3211,False,False,False,9,9,"[0, 3]",out_of_bounds,left up up down left left left down down,left up up down left left left down down 
3212,False,False,False,5,3,"[0, 1]",obstacle,up up left left left,up up left left left 
3213,False,False,False,9,1,"[0, 1]",out_of_bounds,up up right right right down down down left,up up right right right down down down left 
3214,False,False,False,6,3,"[4, 1]",obstacle,up up up left right right,up up up left right right 
3215,False,False,False,8,5,"[1, 0]",out_of_bounds,up up up left left left up left,up up up left left left up left 
3216,False,False,False,9,7,"[0, 1]",out_of_bounds,up up left right right right down down down,up up left right right right down down down 
3217,False,False,False,8,5,"[0, 2]",out_of_bounds,right up up right right down down left,right up up right right down down left 
3218,False,False,False,7,2,"[0, 1]",obstacle,up up up left left left down,up up up left left left down 
3219,False,False,False,6,1,"[2, 3]",obstacle,up right up up right right,up right up up right right 
3220,False,False,False,5,1,"[1, 3]",obstacle,up up up right right,up up up right right 
3221,False,False,False,5,3,"[0, 1]",obstacle,up up left left left,up up left left left 
3222,False,False,False,5,1,"[0, 2]",out_of_bounds,up up left left left,up up left left left 
3223,False,False,False,9,3,"[0, 4]",out_of_bounds,up up left left left down down left down,up up left left left down down left down 
3224,False,True,False,7,6,"[4, 4]",,right right down down down right down,right right down down down right down 
3225,False,False,False,8,5,"[3, 4]",obstacle,up up up left up left left left,up up up left up left left left 
3227,False,False,False,6,5,"[1, 3]",obstacle,up up up up right right,up up up up right right 
3228,False,False,False,8,3,"[5, 4]",obstacle,right down down down right down down left,right down down down right down down left 
3229,False,False,False,6,5,"[0, 1]",obstacle,up up up left left left,up up up left left left 
3230,False,False,False,6,4,"[0, 3]",out_of_bounds,up up left right left left,up up left right left left 
3231,False,False,False,7,7,"[5, 0]",obstacle,up right right up up up right,up right right up up up right 
3232,False,False,False,7,2,"[3, 4]",obstacle,up up up left right right left,up up up left right right left 
3233,False,False,False,5,3,"[0, 1]",obstacle,up up left left left,up up left left left 
3234,False,False,False,5,1,"[1, 3]",obstacle,up up up right right,up up up right right 
3235,False,False,False,7,2,"[0, 1]",out_of_bounds,up up right right right down right,up up right right right down right 
3236,False,False,False,7,7,"[1, 3]",obstacle,up right up up up right right,up right up up up right right 
3237,False,False,False,7,5,"[3, 4]",obstacle,up up left up left left left,up up left up left left left 
3238,False,False,False,8,7,"[0, 4]",obstacle,right right right down down down right down,right right right down down down right down 
3239,False,False,False,6,3,"[0, 4]",obstacle,up up up right right right,up up up right right right 
3240,False,False,False,7,5,"[1, 4]",obstacle,right down right right up down down,right down right right up down down 
3241,False,False,False,0,3,"[0, 5]",invalid_action,,Goal not reachable
3242,False,False,False,6,5,"[3, 4]",obstacle,up right right up right right,up right right up right right 
3243,False,False,False,9,8,"[2, 5]",out_of_bounds,right down right right up down down left down,right down right right up down down left down 
3244,False,False,False,6,2,"[2, 1]",obstacle,up right right up right right,up right right up right right 
3245,False,False,False,9,6,"[1, 5]",out_of_bounds,down right right right down down down right down,down right right right down down down right down 
3246,False,False,False,8,2,"[1, 1]",obstacle,up up up up right right up right,up up up up right right up right 
3247,False,False,False,6,4,"[1, 5]",out_of_bounds,up right right right down right,up right right right down right 
3248,False,False,False,6,6,"[1, 5]",out_of_bounds,up up right right up right,up up right right up right 
3249,False,False,False,8,2,"[3, 2]",obstacle,up up up right up right right down,up up up right up right right down 
3250,False,False,False,7,4,"[1, 5]",out_of_bounds,up right up up right up right,up right up up right up right 
3251,False,False,False,7,6,"[2, 0]",obstacle,up right right right down right right,up right right right down right right 
3252,False,False,False,7,3,"[2, 1]",obstacle,up up up right up right right,up up up right up right right 
3253,False,False,False,9,3,"[2, 1]",obstacle,right right up up right right down down left,right right up up right right down down left 
3254,False,False,False,7,3,"[2, 5]",out_of_bounds,up up right up right right right,up up right up right right right 
3255,False,False,False,6,4,"[3, 2]",obstacle,up right right up right right,up right right up right right 
3256,False,False,False,6,2,"[3, 4]",obstacle,up right right up right right,up right right up right right 
3257,False,False,False,7,7,"[2, 0]",obstacle,up up up right right up right,up up up right right up right 
3258,False,False,False,8,1,"[1, 5]",out_of_bounds,up right up up up right right right,up right up up up right right right 
3259,False,False,False,7,1,"[1, 5]",out_of_bounds,up right right right up right down,up right right right up right down 
3260,False,False,False,6,4,"[1, 5]",out_of_bounds,up up right right up right,up up right right up right 
3261,False,False,False,7,5,"[1, 4]",obstacle,right down right right up down down,right down right right up down down 
3262,False,False,False,9,6,"[1, 1]",obstacle,up up up right right up right down right,up up up right right up right down right 
3263,False,False,False,6,4,"[1, 5]",out_of_bounds,up right right right down down,up right right right down down 
3264,False,False,False,6,4,"[3, 4]",obstacle,up right right up right right,up right right up right right 
3265,False,False,False,7,4,"[1, 5]",out_of_bounds,down right right right down down right,down right right right down down right 
3266,False,False,False,7,4,"[3, 2]",obstacle,up up right up right right right,up up right up right right right 
3267,False,False,False,9,9,"[1, 1]",obstacle,right right up right right down down left down,right right up right right down down left down 
3268,False,False,False,0,4,"[1, 5]",invalid_action,,Goal not reachable
3269,False,False,False,7,5,"[2, 1]",obstacle,up right right up right right right,up right right up right right right 
3271,False,False,False,7,6,"[2, 0]",out_of_bounds,up up left up left left left,up up left up left left left 
3275,False,False,False,6,1,"[1, 1]",obstacle,up left left left down down,up left left left down down 
3276,False,False,False,6,2,"[2, 0]",out_of_bounds,up left up left left left,up left up left left left 
3278,False,False,False,9,3,"[3, 4]",obstacle,right up up right right down down down left,right up up right right down down down left 
3279,False,False,False,5,1,"[2, 2]",obstacle,up left up left left,up left up left left 
3280,False,False,False,5,3,"[2, 0]",out_of_bounds,up left up left left,up left up left left 
3281,False,False,False,6,1,"[2, 0]",out_of_bounds,up left up left left left,up left up left left left 
3285,False,False,False,7,1,"[3, 0]",out_of_bounds,up up left up left left left,up up left up left left left 
3286,False,False,False,4,2,"[1, 1]",obstacle,left down left left,left down left left 
3292,False,False,False,7,2,"[2, 0]",out_of_bounds,up left up left left left down,up left up left left left down 
3293,False,False,False,6,5,"[3, 1]",obstacle,up right up right right right,up right up right right right 
3295,False,False,False,8,2,"[3, 5]",obstacle,up up left up right right right down,up up left up right right right down 
3297,False,False,False,7,7,"[0, 0]",out_of_bounds,left left left left down down down,left left left left down down down 
3299,False,False,False,8,7,"[5, 2]",obstacle,up up up up right right right up,up up up up right right right up 
3301,False,False,False,5,7,"[2, 5]",out_of_bounds,right up up right right,right up up right right 
3304,False,True,False,4,3,"[0, 3]",,up right right right,up right right right 
3309,False,False,False,6,2,"[3, 1]",obstacle,up up up right right right,up up up right right right 
3310,False,False,False,5,1,"[3, 2]",obstacle,up up up right right,up up up right right 
3313,False,False,False,6,5,"[3, 3]",obstacle,up up up right right right,up up up right right right 
3320,False,False,False,7,2,"[4, 0]",obstacle,up up right right right down right,up up right right right down right 
3321,False,False,False,4,1,"[0, 3]",obstacle,up right right right,up right right right 
3322,False,False,False,5,2,"[4, 2]",obstacle,right up up right up,right up up right up 
3325,False,False,False,6,4,"[4, 2]",obstacle,right up up up right right,right up up up right right 
3326,False,False,False,6,4,"[5, 3]",obstacle,up up up right right right,up up up right right right 
3328,False,False,False,4,2,"[0, 3]",obstacle,up right right right,up right right right 
3329,False,False,False,6,4,"[3, 4]",obstacle,up up up right right right,up up up right right right 
3330,False,False,False,7,8,"[2, 1]",obstacle,right right right down right down down,right right right down right down down 
3332,False,False,False,9,1,"[2, 5]",out_of_bounds,right right up up right right down down left,right right up up right right down down left 
3334,False,False,False,7,5,"[3, 5]",out_of_bounds,right up up right right down right,right up up right right down right 
3335,False,False,False,8,2,"[5, 3]",obstacle,right right right down right up down left,right right right down right up down left 
3336,False,False,False,9,1,"[4, 5]",out_of_bounds,right right up up right right down down left,right right up up right right down down left 
3337,False,False,False,7,6,"[2, 1]",obstacle,up up right up right right right,up up right up right right right 
3339,False,False,False,7,2,"[0, 4]",obstacle,right right right down right down down,right right right down right down down 
3341,False,False,False,7,3,"[3, 3]",obstacle,up right right right down down right,up right right right down down right 
3342,False,False,False,8,1,"[2, 5]",out_of_bounds,right right up right right down down left,right right up right right down down left 
3344,False,True,False,6,2,"[4, 5]",,up right right right down right,up right right right down right 
3346,False,False,False,6,2,"[2, 5]",out_of_bounds,up up right up right right,up up right up right right 
3347,False,False,False,7,5,"[2, 5]",out_of_bounds,up right right right up right down,up right right right up right down 
3348,False,False,False,7,1,"[3, 3]",obstacle,up up up right right right down,up up up right right right down 
3349,False,False,False,6,4,"[2, 5]",out_of_bounds,right right right down down down,right right right down down down 
3352,False,False,False,7,5,"[2, 4]",obstacle,up up right right right down right,up up right right right down right 
3353,False,False,False,6,6,"[2, 5]",out_of_bounds,right right right down down down,right right right down down down 
3354,False,False,False,7,2,"[2, 1]",obstacle,up right right right up right down,up right right right up right down 
3358,False,False,False,6,1,"[3, 3]",obstacle,right up up right right down,right up up right right down 
3360,False,False,False,4,2,"[0, 4]",out_of_bounds,up up up left,up up up left 
3361,False,False,False,5,2,"[0, 1]",out_of_bounds,up up up up left,up up up up left 
3363,False,False,False,6,3,"[0, 1]",out_of_bounds,up left left left down down,up left left left down down 
3371,False,False,False,5,1,"[4, 1]",obstacle,up up up up left,up up up up left 
3372,False,False,False,5,3,"[1, 3]",obstacle,up up left up left,up up left up left 
3376,False,False,False,4,2,"[0, 4]",out_of_bounds,up up up left,up up up left 
3379,True,True,True,2,2,"[0, 5]",,up up,up up 
3387,False,False,False,5,3,"[0, 5]",out_of_bounds,up up up left right,up up up left right 
3389,False,False,False,5,1,"[0, 4]",out_of_bounds,up up up up left,up up up up left 
3394,False,False,False,7,3,"[0, 3]",obstacle,up right right right down down left,up right right right down down left 
3396,False,False,False,7,1,"[0, 3]",obstacle,up right right right down down left,up right right right down down left 
3397,False,False,False,7,6,"[1, 0]",obstacle,up up up right right up right,up up up right right up right 
3400,False,False,False,6,3,"[0, 5]",out_of_bounds,up up up up right right,up up up up right right 
3401,False,False,False,3,3,"[2, 1]",obstacle,up right right,up right right 
3402,False,False,False,7,6,"[0, 2]",out_of_bounds,up up up right right down down,up up up right right down down 
3403,False,False,False,7,3,"[0, 5]",out_of_bounds,right right down down down left down,right right down down down left down 
3404,False,False,False,6,1,"[1, 0]",obstacle,up up right up right right,up up right up right right 
3406,False,False,False,6,1,"[0, 5]",obstacle,up up up left left left,up up up left left left 
3407,False,False,False,7,6,"[1, 0]",obstacle,up up up right right up right,up up up right right up right 
3408,False,False,False,7,5,"[0, 5]",out_of_bounds,right right down down down left down,right right down down down left down 
3409,False,False,False,7,4,"[5, 2]",obstacle,up up up up right right up,up up up up right right up 
3411,False,False,False,5,1,"[2, 1]",obstacle,up up right right right,up up right right right 
3412,False,False,False,8,1,"[5, 1]",obstacle,up up up up right right up right,up up up up right right up right 
3413,False,False,False,7,2,"[0, 2]",out_of_bounds,up up up up right right down,up up up up right right down 
3414,False,False,False,6,2,"[2, 1]",obstacle,up up right up right right,up up right up right right 
3419,False,False,False,7,3,"[0, 2]",out_of_bounds,up up up up right right down,up up up up right right down 
3420,False,False,False,6,5,"[2, 5]",out_of_bounds,up right right right down down,up right right right down down 
3421,False,False,False,4,11,"[1, 5]",obstacle,up left left left,up left left left 
3422,False,False,False,7,4,"[2, 2]",obstacle,right up right right down down down,right up right right down down down 
3423,False,False,False,7,4,"[4, 0]",obstacle,up up right up right right right,up up right up right right right 
3424,False,False,False,5,5,"[1, 3]",obstacle,right right down down left,right right down down left 
3425,False,False,False,4,13,"[1, 5]",obstacle,left up left left,left up left left 
3426,False,False,False,6,8,"[1, 3]",obstacle,up right right right down right,up right right right down right 
3427,False,False,False,6,2,"[2, 4]",obstacle,up left right right right down,up left right right right down 
3428,False,False,False,5,5,"[4, 3]",obstacle,right up up right right,right up up right right 
3429,False,False,False,5,3,"[2, 4]",obstacle,up left up left left,up left up left left 
3430,False,False,False,7,4,"[0, 3]",obstacle,up right right right down down down,up right right right down down down 
3431,False,False,False,5,1,"[2, 2]",obstacle,up right right right down,up right right right down 
3432,False,False,False,6,4,"[0, 3]",obstacle,up right right right down down,up right right right down down 
3433,False,False,False,6,7,"[4, 0]",obstacle,up up right up right right,up up right up right right 
3434,False,False,False,7,5,"[2, 2]",obstacle,right up right right down down down,right up right right down down down 
3435,False,False,False,4,10,"[3, 1]",obstacle,up right right right,up right right right 
3436,False,False,False,4,9,"[2, 4]",obstacle,up left left left,up left left left 
3437,False,False,False,7,7,"[0, 3]",obstacle,right right down right down down down,right right down right down down down 
3438,False,False,False,6,5,"[0, 3]",obstacle,up right right right down down,up right right right down down 
3439,False,False,False,6,10,"[4, 0]",obstacle,up right up right right right,up right up right right right 
3440,False,False,False,6,9,"[3, 1]",obstacle,up right right right down right,up right right right down right 
3441,False,False,False,7,6,"[2, 5]",out_of_bounds,right right down down left left left,right right down down left left left 
3442,False,False,False,7,9,"[1, 3]",obstacle,right right right down right down down,right right right down right down down 
3443,False,False,False,6,7,"[1, 3]",obstacle,right right right down down down,right right right down down down 
3444,False,False,False,7,8,"[2, 2]",obstacle,right up right right right down down,right up right right right down down 
3445,False,False,False,6,9,"[2, 4]",obstacle,up left up left left left,up left up left left left 
3446,False,False,False,4,8,"[2, 4]",obstacle,up left left left,up left left left 
3448,False,False,False,6,3,"[1, 5]",obstacle,up left right right down down,up left right right down down 
3449,False,False,False,6,3,"[2, 2]",obstacle,up right right right down down,up right right right down down 
3450,False,False,False,6,8,"[2, 3]",obstacle,up up left up left left,up up left up left left 
3451,False,False,False,7,4,"[2, 4]",obstacle,left up left left down down down,left up left left down down down 
3452,False,False,False,5,1,"[4, 5]",obstacle,up left up right left,up left up right left 
3453,False,False,False,8,7,"[0, 1]",out_of_bounds,up right up right right right down down,up right up right right right down down 
3454,False,False,False,7,5,"[2, 3]",obstacle,up left up left left down down,up left up left left down down 
3455,False,False,False,7,3,"[2, 1]",obstacle,right up up up left left down,right up up up left left down 
3456,False,False,False,7,4,"[4, 5]",obstacle,up up left up up left left,up up left up up left left 
3457,False,False,False,6,9,"[0, 1]",out_of_bounds,up right right right up up,up right right right up up 
3458,False,True,False,4,3,"[1, 3]",,up right up up,up right up up 
3459,False,False,False,6,2,"[4, 2]",obstacle,up left up down down left,up left up down down left 
3460,False,False,False,5,8,"[0, 2]",out_of_bounds,up right right up up,up right right up up 
3461,False,False,False,6,2,"[2, 4]",obstacle,left up left left down down,left up left left down down 
3462,False,False,False,5,3,"[2, 3]",obstacle,up left up left left,up left up left left 
3463,False,False,False,6,2,"[2, 4]",obstacle,right up right right down down,right up right right down down 
3464,False,False,False,6,5,"[3, 2]",obstacle,up left up up left left,up left up up left left 
3465,False,False,False,5,3,"[2, 3]",obstacle,left up down down left,left up down down left 
3466,False,False,False,8,3,"[4, 1]",obstacle,up left up left left left down down,up left up left left left down down 
3467,False,False,False,7,7,"[1, 0]",out_of_bounds,up up left up left left up,up up left up left left up 
3468,False,False,False,5,8,"[2, 4]",obstacle,left up left left left,left up left left left 
3469,False,False,False,7,2,"[0, 0]",out_of_bounds,up up right right down down down,up up right right down down down 
3470,False,False,False,7,8,"[4, 0]",out_of_bounds,up left up up up left left,up left up up up left left 
3471,False,False,False,9,8,"[0, 2]",obstacle,up right right right up right right down down,up right right right up right right down down 
3472,False,False,False,6,5,"[1, 3]",obstacle,up left up up left left,up left up up left left 
3473,False,False,False,8,8,"[2, 0]",out_of_bounds,left up left left down down right down,left up left left down down right down 
3474,False,False,False,7,5,"[4, 5]",obstacle,up left up up left left down,up left up up left left down 
3475,False,False,False,6,3,"[1, 3]",obstacle,up left up right down down,up left up right down down 
3476,False,False,False,4,5,"[2, 1]",obstacle,right up right right,right up right right 
3477,False,False,False,4,4,"[0, 0]",out_of_bounds,up left up down,up left up down 
3478,False,False,False,4,1,"[1, 3]",obstacle,left up left left,left up left left 
3479,True,True,False,4,2,"[3, 1]",,up left up down,up left up down 
3480,False,False,False,7,3,"[0, 1]",obstacle,up up up up left left left,up up up up left left left 
3481,False,True,False,7,5,"[0, 2]",,right up up up left up right,right up up up left up right 
3482,False,False,False,6,3,"[1, 3]",obstacle,up up up right up down,up up up right up down 
3483,False,False,False,5,1,"[0, 5]",out_of_bounds,up up up up right,up up up up right 
3484,False,False,False,7,1,"[0, 1]",out_of_bounds,up up up up right right up,up up up up right right up 
3485,False,False,False,8,4,"[0, 1]",out_of_bounds,up up right up up right right down,up up right up up right right down 
3486,False,False,False,5,2,"[0, 5]",out_of_bounds,up up up up left,up up up up left 
3487,False,False,False,10,4,"[0, 2]",out_of_bounds,up up right up up right right down down left,up up right up up right right down down left 
3488,False,False,False,7,4,"[0, 1]",out_of_bounds,up up left up up right right,up up left up up right right 
3489,False,False,False,7,5,"[1, 4]",obstacle,up up up up right right up,up up up up right right up 
3490,False,False,False,5,6,"[1, 4]",obstacle,up up up right up,up up up right up 
3491,False,False,False,4,1,"[1, 4]",obstacle,up up right down,up up right down 
3492,False,False,False,6,3,"[1, 3]",obstacle,up up up right up up,up up up right up up 
3493,False,False,False,8,4,"[4, 5]",obstacle,right down down down right down down left,right down down down right down down left 
3494,False,False,False,6,1,"[1, 4]",obstacle,up up up right up up,up up up right up up 
3495,False,False,False,8,5,"[0, 2]",obstacle,up up up up right right right down,up up up up right right right down 
3496,False,False,False,7,6,"[1, 3]",obstacle,up right up up up right up,up right up up up right up 
3497,False,False,False,5,3,"[1, 4]",obstacle,up up up up right,up up up up right 
3498,False,False,False,8,1,"[4, 1]",obstacle,right up up left up up right left,right up up left up up right left 
3500,False,False,False,6,4,"[1, 4]",obstacle,up up up right up up,up up up right up up 
3501,False,False,False,4,2,"[1, 4]",obstacle,up up up right,up up up right 
3502,False,False,False,8,5,"[4, 0]",obstacle,up up up up right right right down,up up up up right right right down 
3504,False,False,False,5,4,"[1, 4]",obstacle,up up up up right,up up up up right 
3505,False,True,False,6,5,"[0, 5]",,up up up up right up,up up up up right up 
3506,False,False,False,8,1,"[0, 2]",out_of_bounds,up up right up up right right down,up up right up up right right down 
3507,False,False,False,5,6,"[0, 5]",obstacle,up up up up left,up up up up left 
3508,False,False,False,5,4,"[0, 5]",obstacle,up up up up left,up up up up left 
3509,False,False,False,5,2,"[0, 5]",out_of_bounds,up up up up right,up up up up right 
3510,False,False,False,4,4,"[5, 3]",obstacle,up up up right,up up up right 
3511,False,False,False,4,1,"[0, 4]",obstacle,up up up right,up up up right 
3512,False,False,False,7,4,"[3, 3]",obstacle,up right up up up right right,up right up up up right right 
3513,False,False,False,3,4,"[0, 4]",obstacle,up up right,up up right 
3514,False,False,False,7,5,"[5, 3]",obstacle,up up right up up left left,up up right up up left left 
3515,False,False,False,6,4,"[3, 2]",obstacle,up up up up right right,up up up up right right 
3516,False,False,False,7,8,"[1, 5]",obstacle,up up right up right left left,up up right up right left left 
3517,False,False,False,7,4,"[1, 2]",obstacle,up up up right right right down,up up up right right right down 
3518,False,False,False,7,10,"[2, 0]",obstacle,right right up up left left down,right right up up left left down 
3519,False,False,False,5,5,"[1, 5]",obstacle,up up up up right,up up up up right 
3520,False,False,False,4,3,"[1, 5]",obstacle,up up up right,up up up right 
3521,False,False,False,5,2,"[0, 4]",obstacle,up up up up right,up up up up right 
3522,False,False,False,8,1,"[4, 0]",obstacle,up up up right up right left left,up up up right up right left left 
3523,False,False,False,5,2,"[1, 5]",out_of_bounds,up up up up right,up up up up right 
3524,False,False,False,7,4,"[3, 1]",obstacle,up up up up right right right,up up up up right right right 
3525,False,False,False,7,3,"[5, 3]",obstacle,up up right right up up left,up up right right up up left 
3526,False,False,False,4,1,"[1, 5]",obstacle,up up up right,up up up right 
3527,False,False,False,8,7,"[4, 0]",obstacle,up up up right right right up right,up up up right right right up right 
3528,False,False,False,5,1,"[1, 5]",obstacle,up up up up right,up up up up right 
3529,False,False,False,8,7,"[0, 4]",obstacle,right down down down right down down left,right down down down right down down left 
3530,False,False,False,6,10,"[2, 0]",obstacle,right up up right right right,right up up right right right 
3531,False,True,False,8,6,"[5, 2]",,right down down left left left down down,right down down left left left down down 
3532,False,False,False,5,2,"[1, 5]",obstacle,up up up up right,up up up up right 
3533,False,False,False,5,2,"[3, 2]",obstacle,up up up right right,up up up right right 
3534,False,False,False,7,2,"[3, 1]",obstacle,up up up up left left left,up up up up left left left 
3535,False,False,False,4,9,"[1, 5]",out_of_bounds,up up up right,up up up right 
3536,False,False,False,8,7,"[0, 4]",obstacle,right down down down right down down left,right down down down right down down left 
3537,False,False,False,6,4,"[0, 4]",out_of_bounds,up right up up right down,up right up up right down 
3538,False,False,False,6,5,"[3, 2]",obstacle,up up up right right right,up up up right right right 
3539,False,False,False,6,11,"[4, 0]",obstacle,up up up right right up,up up up right right up 
3544,False,True,False,6,7,"[0, 3]",,up up up up left left,up up up up left left 
3545,False,False,False,5,4,"[0, 5]",out_of_bounds,up up up left left,up up up left left 
3546,False,False,False,5,3,"[2, 2]",obstacle,up up up left right,up up up left right 
3548,False,False,False,6,5,"[3, 5]",out_of_bounds,right down right down down left,right down right down down left 
3551,False,False,False,6,4,"[2, 2]",obstacle,up up up right right right,up up up right right right 
3553,False,False,False,9,1,"[4, 1]",obstacle,right right right up up up left left up,right right right up up up left left up 
3554,False,True,False,5,5,"[5, 5]",,right down down down right,right down down down right 
3555,False,False,False,7,1,"[0, 5]",out_of_bounds,up right right up up up left,up right right up up up left 
3556,False,False,False,7,6,"[5, 3]",obstacle,up left left up up up right,up left left up up up right 
3557,False,False,False,7,1,"[2, 4]",obstacle,up up up up left right left,up up up up left right left 
3564,False,False,False,7,6,"[0, 4]",obstacle,left down down down right down down,left down down down right down down 
3565,False,False,False,6,1,"[1, 5]",obstacle,up up up up left left,up up up up left left 
3569,False,False,False,8,1,"[1, 0]",obstacle,right right up up up left left down,right right up up up left left down 
3571,False,False,False,7,4,"[4, 4]",obstacle,up right right up up right down,up right right up up right down 
3572,False,False,False,5,2,"[0, 2]",obstacle,right up up right right,right up up right right 
3574,False,False,False,6,4,"[2, 4]",obstacle,up up up right right right,up up up right right right 
3575,False,False,False,5,3,"[2, 4]",obstacle,up up right right right,up up right right right 
3576,False,False,False,6,1,"[2, 5]",out_of_bounds,up up up right right right,up up up right right right 
3577,False,True,False,6,3,"[2, 4]",,up right up up right right,up right up up right right 
3578,False,False,False,4,1,"[0, 2]",obstacle,up up right right,up up right right 
3579,False,True,False,6,4,"[2, 3]",,up right right up up right,up right right up up right 
3581,False,False,False,7,4,"[1, 3]",obstacle,right right down down down right down,right right down down down right down 
3583,False,True,False,7,2,"[3, 4]",,up right right up up right down,up right right up up right down 
3584,False,False,False,6,5,"[2, 4]",obstacle,up up up right right right,up up up right right right 
3587,False,False,False,7,3,"[1, 5]",obstacle,up up up right right right left,up up up right right right left 
3588,False,False,False,7,5,"[1, 3]",obstacle,right up up up right right down,right up up up right right down 
3589,False,False,False,5,2,"[1, 5]",obstacle,up up right right right,up up right right right 
3590,False,True,False,6,5,"[2, 4]",,up right up up right right,up right up up right right 
3592,False,False,False,8,3,"[5, 5]",out_of_bounds,right up up up right up right right,right up up up right up right right 
3593,False,False,False,5,3,"[2, 4]",obstacle,up up right right right,up up right right right 
3594,False,False,False,7,2,"[1, 3]",obstacle,up up up up right right right,up up up up right right right 
3595,False,False,False,7,2,"[2, 4]",obstacle,up up up up right right right,up up up up right right right 
3597,False,False,False,7,3,"[2, 4]",obstacle,up up up right right right down,up up up right right right down 
3599,False,False,False,5,3,"[0, 2]",obstacle,right right down down down,right right down down down 
3600,False,False,False,7,1,"[2, 2]",obstacle,up up right right down down left,up up right right down down left 
3601,False,False,False,8,2,"[2, 2]",obstacle,left left up left left down down right,left left up left left down down right 
3602,False,False,False,5,7,"[4, 3]",obstacle,up up right up right,up up right up right 
3603,False,False,False,8,3,"[3, 5]",obstacle,left left up left left down down right,left left up left left down down right 
3604,False,False,False,8,4,"[2, 3]",obstacle,left left down down down left left down,left left down down down left left down 
3606,False,False,False,9,6,"[2, 4]",obstacle,right right right right down down down left down,right right right right down down down left down 
3607,False,False,False,8,5,"[0, 5]",out_of_bounds,right right right down down down right down,right right right down down down right down 
3608,False,False,False,9,10,"[4, 4]",obstacle,up up up up left left left up left,up up up up left left left up left 
3609,False,False,False,8,6,"[0, 5]",out_of_bounds,right right right down down down right down,right right right down down down right down 
3611,False,False,False,9,6,"[0, 5]",out_of_bounds,right up up right right down down down left,right up up right right down down down left 
3612,False,True,False,7,7,"[3, 5]",,up up right right down down down,up up right right down down down 
3613,False,False,False,7,4,"[3, 5]",out_of_bounds,right right right down down down right,right right right down down down right 
3614,False,False,False,8,6,"[4, 3]",obstacle,up up up up right right right down,up up up up right right right down 
3615,False,False,False,6,5,"[4, 3]",obstacle,up up right right right down,up up right right right down 
3617,False,False,False,7,2,"[2, 3]",obstacle,left down down down left left down,left down down down left left down 
3618,False,False,False,7,13,"[4, 3]",obstacle,up up up left left up left,up up up left left up left 
3620,False,False,False,8,1,"[0, 3]",out_of_bounds,up left left up left left down down,up left left up left left down down 
3622,False,False,False,8,3,"[2, 4]",obstacle,right down down down left left left down,right down down down left left left down 
3623,False,False,False,5,7,"[4, 4]",obstacle,up up up up left,up up up up left 
3626,False,False,False,8,2,"[2, 3]",obstacle,left left down down down right right up,left left down down down right right up 
3628,False,False,False,7,6,"[2, 2]",obstacle,up up right right right up right,up up right right right up right 
3630,False,False,False,8,1,"[0, 5]",out_of_bounds,up up up right right right down right,up up up right right right down right 
3631,False,False,False,7,2,"[4, 5]",out_of_bounds,right right right right up up right,right right right right up up right 
3632,False,False,False,9,6,"[0, 3]",obstacle,left left down left down down down right right,left left down left down down down right right 
3633,False,False,False,7,5,"[2, 4]",obstacle,up up up left left left right,up up up left left left right 
3634,False,False,False,9,3,"[0, 1]",out_of_bounds,left up up up right right right down down,left up up up right right right down down 
3635,False,False,False,9,7,"[0, 3]",obstacle,left left down left down down down right right,left left down left down down down right right 
3636,False,False,False,9,5,"[0, 3]",obstacle,left left down left down down down right right,left left down left down down down right right 
3637,False,False,False,9,6,"[0, 5]",out_of_bounds,up up up up left left left right right,up up up up left left left right right 
3638,False,False,False,9,1,"[3, 3]",obstacle,left left up left left left down down right,left left up left left left down down right 
3639,False,False,False,7,1,"[3, 5]",out_of_bounds,right right right down down right down,right right right down down right down 
3640,False,False,False,8,1,"[0, 1]",obstacle,up up up right right right down right,up up up right right right down right 
3641,False,False,False,8,6,"[3, 1]",obstacle,right right right right down right down down,right right right right down right down down 
3642,False,False,False,7,2,"[3, 5]",obstacle,up up up left right right right,up up up left right right right 
3643,False,False,False,7,2,"[3, 5]",obstacle,up up up left right right right,up up up left right right right 
3644,False,False,False,8,6,"[3, 5]",obstacle,up up up left left right right right,up up up left left right right right 
3645,False,False,False,8,8,"[3, 5]",obstacle,up up left left left right up right,up up left left left right up right 
3646,False,False,False,4,5,"[5, 2]",obstacle,up up up right,up up up right 
3647,False,False,False,7,3,"[2, 4]",obstacle,up up up left left left right,up up up left left left right 
3650,False,False,False,8,6,"[4, 5]",obstacle,right right right down right down down left,right right right down right down down left 
3651,False,False,False,6,3,"[1, 2]",obstacle,up up right up right right,up up right up right right 
3652,False,False,False,7,4,"[0, 3]",obstacle,up up left left left up right,up up left left left up right 
3653,False,False,False,7,2,"[3, 5]",out_of_bounds,right right right down right down down,right right right down right down down 
3654,False,False,False,8,2,"[1, 3]",obstacle,right right right down right down down right,right right right down right down down right 
3655,False,True,False,8,7,"[4, 4]",,right down right right down down down right,right down right right down down down right 
3657,False,False,False,8,2,"[2, 4]",obstacle,right right up up up left left down,right right up up up left left down 
3658,False,False,False,8,5,"[2, 4]",obstacle,up up up left left left down right,up up up left left left down right 
3659,False,False,False,0,7,"[0, 0]",invalid_action,,Goal not reachable
3660,False,False,False,6,5,"[5, 3]",obstacle,up left up up right right,up left up up right right 
3661,False,False,False,7,12,"[0, 1]",obstacle,up right up up right right right,up right up up right right right 
3662,False,True,False,5,4,"[2, 2]",,up up left up right,up up left up right 
3663,False,False,False,5,8,"[2, 4]",obstacle,up left up left up,up left up left up 
3664,False,False,False,5,10,"[0, 1]",obstacle,up right right right up,up right right right up 
3665,False,False,False,7,14,"[0, 1]",obstacle,right up up up right right down,right up up up right right down 
3666,False,False,False,5,1,"[1, 5]",obstacle,down left down down left,down left down down left 
3667,False,False,False,6,11,"[1, 5]",obstacle,down left down down left down,down left down down left down 
3668,False,False,False,7,10,"[0, 1]",obstacle,right right down down down right down,right right down down down right down 
3669,False,False,False,7,7,"[1, 5]",obstacle,left up up up left down down,left up up up left down down 
3670,False,False,False,4,4,"[3, 4]",obstacle,up up left up,up up left up 
3671,False,False,False,6,1,"[4, 0]",obstacle,up up left up left left,up up left up left left 
3672,False,True,False,5,4,"[2, 2]",,up up left up right,up up left up right 
3673,False,False,False,5,5,"[1, 5]",obstacle,up up left up left,up up left up left 
3674,False,False,False,8,7,"[1, 2]",obstacle,right up up right right down down down,right up up right right down down down 
3675,False,False,False,6,5,"[3, 4]",obstacle,up up left up up left,up up left up up left 
3676,False,False,False,7,5,"[4, 0]",out_of_bounds,right down down left left left down,right down down left left left down 
3677,False,False,False,7,8,"[0, 3]",obstacle,right down down right down down left,right down down right down down left 
3678,False,False,False,5,2,"[1, 1]",obstacle,up up left up left,up up left up left 
3679,False,False,False,5,3,"[3, 4]",obstacle,up up left up up,up up left up up 
3680,False,False,False,7,10,"[1, 5]",obstacle,left up up up left left down,left up up up left left down 
3681,False,False,False,5,5,"[0, 1]",out_of_bounds,left up up up left,left up up up left 
3682,False,False,False,7,6,"[5, 3]",obstacle,up left up up up left left,up left up up up left left 
3683,False,False,False,4,4,"[2, 4]",obstacle,up up left up,up up left up 
3684,False,False,False,5,2,"[1, 2]",obstacle,up up left up left,up up left up left 
3685,False,False,False,5,3,"[2, 0]",obstacle,up up left up right,up up left up right 
3686,False,False,False,5,2,"[5, 3]",obstacle,up right up up up,up right up up up 
3687,False,False,False,6,5,"[4, 1]",obstacle,left down down left down down,left down down left down down 
3688,False,True,False,4,3,"[1, 1]",,up up left up,up up left up 
3689,False,False,False,6,5,"[0, 3]",obstacle,left up up down left left,left up up down left left 
3690,False,False,False,8,4,"[2, 3]",obstacle,up up up left right up right right,up up up left right up right right 
3691,False,False,False,5,1,"[1, 1]",obstacle,up up up left up,up up up left up 
3694,False,False,False,8,5,"[2, 3]",obstacle,up up up left up left left left,up up up left up left left left 
3697,False,False,False,8,6,"[0, 2]",obstacle,up up up right right right up right,up up up right right right up right 
3698,False,False,False,8,5,"[0, 4]",obstacle,left up up up left left left up,left up up up left left left up 
3699,False,False,False,8,4,"[1, 4]",obstacle,left left up up left left up left,left left up up left left up left 
3702,False,False,False,8,5,"[0, 4]",obstacle,left left down left left down down left,left left down left left down down left 
3703,False,False,False,8,1,"[2, 3]",obstacle,up up up left up right left left,up up up left up right left left 
3704,False,False,False,8,4,"[1, 0]",obstacle,up up left up right right up left,up up left up right right up left 
3705,False,False,False,7,5,"[3, 3]",obstacle,right right down right down down right,right right down right down down right 
3707,False,False,False,8,3,"[3, 2]",obstacle,left left left down left down down left,left left left down left down down left 
3709,False,False,False,7,2,"[1, 1]",obstacle,left up up right right right down,left up up right right right down 
3710,False,False,False,9,5,"[0, 4]",obstacle,left left down left left down down left down,left left down left left down down left down 
3711,False,False,False,7,1,"[2, 3]",obstacle,up up left up left left left,up up left up left left left 
3712,False,False,False,9,3,"[0, 4]",obstacle,left up up up left left left up left,left up up up left left left up left 
3713,False,False,False,9,4,"[1, 4]",obstacle,left left left down left down down down up,left left left down left down down down up 
3714,False,False,False,9,5,"[0, 4]",obstacle,left left down left left down down left down,left left down left left down down left down 
3716,False,False,False,8,4,"[0, 4]",out_of_bounds,up up left up left left left up,up up left up left left left up 
3718,False,False,False,9,6,"[2, 1]",obstacle,up left up up left left left up left,up left up up left left left up left 
3720,False,False,False,7,5,"[2, 3]",obstacle,up right up up right right up,up right up up right right up 
3721,False,False,False,7,1,"[1, 0]",obstacle,up up left up up right right,up up left up up right right 
3722,False,False,False,6,3,"[0, 2]",out_of_bounds,up up up up left left,up up up up left left 
3723,False,False,False,7,3,"[2, 4]",obstacle,right down down left left left down,right down down left left left down 
3724,False,False,False,5,5,"[3, 0]",out_of_bounds,up up left up up,up up left up up 
3725,False,False,False,7,5,"[3, 4]",obstacle,up up left up up left left,up up left up up left left 
3726,False,False,False,6,4,"[0, 2]",out_of_bounds,up up up left up left,up up up left up left 
3727,False,False,False,6,5,"[2, 3]",obstacle,up up up up right right,up up up up right right 
3728,False,False,False,6,6,"[1, 0]",obstacle,up up up right right right,up up up right right right 
3729,False,False,False,6,2,"[1, 0]",out_of_bounds,up left right right down down,up left right right down down 
3730,False,False,False,5,4,"[2, 2]",obstacle,up up left up up,up up left up up 
3731,False,False,False,6,5,"[0, 2]",out_of_bounds,up up left down down down,up up left down down down 
3732,False,False,False,6,3,"[1, 0]",obstacle,up up up up right right,up up up up right right 
3733,False,False,False,5,3,"[4, 0]",out_of_bounds,left down down left down,left down down left down 
3734,False,False,False,5,4,"[3, 0]",out_of_bounds,up up left up up,up up left up up 
3735,False,False,False,8,4,"[0, 3]",obstacle,up right right right down down left down,up right right right down down left down 
3736,False,False,False,7,6,"[0, 3]",out_of_bounds,up up left down down down left,up up left down down down left 
3738,False,False,False,3,4,"[3, 4]",obstacle,right down right,right down right 
3739,False,False,False,5,5,"[1, 4]",obstacle,up left up left left,up left up left left 
3740,False,False,False,6,3,"[3, 4]",obstacle,up left up up up right,up left up up up right 
3741,False,False,False,5,2,"[1, 4]",obstacle,up left up up up,up left up up up 
3742,False,False,False,8,5,"[1, 0]",out_of_bounds,up left up right right right down down,up left up right right right down down 
3743,False,False,False,7,2,"[4, 1]",obstacle,right down right down up up left,right down right down up up left 
3744,False,False,False,7,5,"[1, 1]",obstacle,up up right up right right up,up up right up right right up 
3745,False,False,False,6,2,"[3, 2]",obstacle,up right up up right right,up right up up right right 
3746,False,False,False,7,5,"[5, 2]",obstacle,right right down right down down right,right right down right down down right 
3747,False,False,False,7,5,"[2, 3]",obstacle,up up right right right up up,up up right right right up up 
3748,False,False,False,7,5,"[1, 1]",obstacle,right up right right down down down,right up right right down down down 
3749,False,True,False,5,1,"[0, 1]",,up up left up up,up up left up up 
3750,False,False,False,4,4,"[2, 2]",obstacle,down right right down,down right right down 
3751,False,False,False,6,4,"[0, 3]",out_of_bounds,up left up up left left,up left up up left left 
3752,False,False,False,6,3,"[0, 3]",obstacle,up right up right right down,up right up right right down 
3753,False,False,False,6,7,"[0, 3]",obstacle,up right up right right down,up right up right right down 
3754,False,False,False,7,8,"[2, 5]",obstacle,up up up left up left left,up up up left up left left 
3755,False,False,False,5,5,"[2, 4]",obstacle,down right right down down,down right right down down 
3756,False,False,False,4,6,"[4, 1]",obstacle,up right right up,up right right up 
3757,False,False,False,5,3,"[2, 3]",obstacle,up right right right down,up right right right down 
3758,False,False,False,5,3,"[2, 5]",out_of_bounds,up up up right right,up up up right right 
3759,False,False,False,3,3,"[2, 3]",obstacle,right up up,right up up 
3760,False,False,False,5,5,"[1, 4]",obstacle,up left up right left,up left up right left 
3761,False,False,False,5,5,"[2, 4]",obstacle,down right right down down,down right right down down 
3762,False,False,False,4,4,"[2, 3]",obstacle,up up right right,up up right right 
3763,False,False,False,5,5,"[2, 5]",obstacle,up up left left left,up up left left left 
3764,False,False,False,5,2,"[0, 3]",obstacle,up up right right down,up up right right down 
3765,False,False,False,6,2,"[2, 3]",obstacle,up right right up right down,up right right up right down 
3766,False,False,False,5,3,"[4, 4]",obstacle,up up right right right,up up right right right 
3767,False,False,False,5,2,"[0, 1]",out_of_bounds,up up right right up,up up right right up 
3768,False,False,False,6,4,"[2, 2]",obstacle,up left up left left down,up left up left left down 
3769,False,False,False,5,1,"[0, 1]",out_of_bounds,up up up right right,up up up right right 
3770,False,True,False,6,6,"[1, 0]",,up up left left up left,up up left left up left 
3771,False,False,False,6,3,"[3, 3]",obstacle,down right right up up right,down right right up up right 
3772,False,False,False,6,5,"[2, 5]",obstacle,up left left left down left,up left left left down left 
3773,False,False,False,7,7,"[1, 1]",obstacle,right right up right down down down,right right up right down down down 
3774,False,False,False,4,6,"[1, 4]",obstacle,up right right up,up right right up 
3775,False,False,False,5,8,"[2, 2]",obstacle,up right right up right,up right right up right 
3776,False,False,False,6,5,"[2, 5]",out_of_bounds,up up up right right right,up up up right right right 
3777,True,True,True,5,5,"[4, 3]",,down right right down down,down right right down down 
3778,False,False,False,5,4,"[4, 4]",obstacle,up up left up right,up up left up right 
3779,False,False,False,6,4,"[1, 4]",obstacle,up up right right right down,up up right right right down 
3780,False,False,False,7,1,"[4, 5]",out_of_bounds,right right down down left left left,right right down down left left left 
3781,False,False,False,3,2,"[1, 0]",out_of_bounds,up left left,up left left 
3782,False,False,False,4,6,"[1, 5]",obstacle,up left up left,up left up left 
3783,False,False,False,6,5,"[4, 4]",obstacle,right right right down down down,right right right down down down 
3784,False,False,False,6,5,"[1, 2]",obstacle,right right down down left down,right right down down left down 
3785,False,False,False,4,2,"[2, 2]",obstacle,right right down down,right right down down 
3786,False,False,False,7,8,"[4, 4]",obstacle,right right right right down down down,right right right right down down down 
3787,False,False,False,5,5,"[4, 0]",obstacle,up up up up left,up up up up left 
3788,False,False,False,3,2,"[0, 1]",obstacle,up up left,up up left 
3789,False,False,False,4,1,"[2, 0]",obstacle,left left down down,left left down down 
3790,False,False,False,3,2,"[0, 2]",out_of_bounds,up up right,up up right 
3791,False,False,False,4,2,"[3, 1]",obstacle,left left down down,left left down down 
3792,False,False,False,4,3,"[0, 1]",out_of_bounds,up up right right,up up right right 
3793,False,False,False,4,3,"[2, 2]",obstacle,left down down down,left down down down 
3794,True,True,True,5,5,"[0, 2]",,up up up up right,up up up up right 
3795,False,False,False,2,1,"[1, 4]",obstacle,up left,up left 
3796,False,False,False,5,6,"[1, 4]",obstacle,left left left down down,left left left down down 
3797,False,False,False,6,9,"[4, 5]",obstacle,up up left up left left,up up left up left left 
3798,False,False,False,5,3,"[5, 5]",obstacle,left left left down down,left left left down down 
3799,False,False,False,6,6,"[1, 2]",obstacle,right right right down down down,right right right down down down 
3800,False,False,False,7,6,"[1, 4]",obstacle,up up up left up left left,up up up left up left left 
3801,False,False,False,4,3,"[2, 0]",out_of_bounds,left left down down,left left down down 
3802,False,False,False,2,1,"[4, 1]",obstacle,left down,left down 
3803,False,False,False,6,6,"[2, 2]",obstacle,left left left down down down,left left left down down down 
3804,False,False,False,7,5,"[1, 2]",obstacle,up right right right down right right,up right right right down right right 
3805,False,False,False,6,6,"[1, 2]",obstacle,right right right right down down,right right right right down down 
3806,False,False,False,5,7,"[1, 5]",obstacle,up left up left left,up left up left left 
3807,False,False,False,7,6,"[2, 3]",obstacle,up up up left up left left,up up up left up left left 
3808,False,True,False,6,5,"[2, 0]",,up up up left left left,up up up left left left 
3809,False,False,False,5,5,"[1, 4]",obstacle,left left left down down,left left left down down 
3810,False,False,False,5,2,"[2, 0]",out_of_bounds,left left left down down,left left left down down 
3811,False,True,False,8,2,"[4, 0]",,left left left down down down left down,left left left down down down left down 
3812,False,False,False,6,1,"[5, 0]",out_of_bounds,left left left down down down,left left left down down down 
3813,False,False,False,4,3,"[3, 1]",obstacle,left down down down,left down down down 
3816,False,False,False,4,4,"[2, 0]",out_of_bounds,up left left left,up left left left 
3817,False,True,False,5,3,"[3, 0]",,left down down left left,left down down left left 
3819,False,False,False,6,3,"[0, 1]",obstacle,left up left left down down,left up left left down down 
3821,False,False,False,5,3,"[2, 0]",out_of_bounds,left left left down down,left left left down down 
3823,False,False,False,4,2,"[3, 0]",out_of_bounds,left left left down,left left left down 
3824,False,False,False,8,2,"[0, 3]",out_of_bounds,right up up right right down down left,right up up right right down down left 
3825,False,False,False,8,6,"[0, 1]",obstacle,left left left down down down left down,left left left down down down left down 
3826,False,False,False,0,1,"[0, 3]",invalid_action,,Goal not reachable
3827,False,True,False,5,4,"[0, 4]",,up up right right right,up up right right right 
3829,False,False,False,4,2,"[2, 0]",out_of_bounds,up left left left,up left left left 
3830,False,False,False,5,4,"[2, 5]",out_of_bounds,right right down down left,right right down down left 
3833,False,False,False,5,3,"[3, 0]",out_of_bounds,up up left left left,up up left left left 
3834,False,False,False,6,4,"[1, 0]",obstacle,up up left right left down,up up left right left down 
3835,True,True,True,2,2,"[3, 3]",,up right,up right 
3836,False,True,False,8,2,"[4, 0]",,left left left down down down left down,left left left down down down left down 
3837,False,False,False,4,5,"[4, 0]",obstacle,up right right right,up right right right 
3838,False,False,False,8,5,"[1, 0]",out_of_bounds,left left left down down down left down,left left left down down down left down 
3840,False,True,False,6,8,"[2, 2]",,left up up up left left,left up up up left left 
3841,False,False,False,7,3,"[1, 0]",obstacle,up left left left down down down,up left left left down down down 
3842,False,False,False,7,8,"[0, 4]",obstacle,left left down down left left down,left left down down left left down 
3843,False,False,False,6,1,"[2, 3]",obstacle,up left left down down down,up left left down down down 
3844,False,False,False,7,7,"[0, 1]",obstacle,left down down left left down down,left down down left left down down 
3845,False,False,False,7,3,"[1, 0]",obstacle,up left left left down down down,up left left left down down down 
3846,False,False,False,4,6,"[4, 3]",obstacle,left up up left,left up up left 
3847,False,False,False,4,4,"[1, 0]",obstacle,left up up left,left up up left 
3848,False,False,False,6,1,"[3, 0]",out_of_bounds,down left left left down down,down left left left down down 
3849,False,False,False,6,6,"[1, 2]",obstacle,up right up right right right,up right up right right right 
3850,False,False,False,7,4,"[1, 4]",obstacle,left left down down down right down,left left down down down right down 
3851,False,True,False,5,3,"[5, 5]",,right down down down right,right down down down right 
3852,False,True,False,2,1,"[1, 5]",,up right,up right 
3853,False,False,False,7,2,"[0, 5]",out_of_bounds,right up right right down down down,right up right right down down down 
3854,False,False,False,6,4,"[2, 1]",obstacle,up right right right down down,up right right right down down 
3855,False,False,False,6,3,"[0, 1]",obstacle,left down down left down down,left down down left down down 
3856,False,False,False,9,6,"[1, 4]",obstacle,left left up left left down down right down,left left up left left down down right down 
3857,False,False,False,10,9,"[1, 2]",obstacle,up up up right right up right up up up,up up up right right up right up up up 
3858,False,False,False,6,5,"[1, 2]",obstacle,up right up right right down,up right up right right down 
3859,False,False,False,7,6,"[3, 5]",obstacle,up left left left down down left,up left left left down down left 
3860,False,False,False,5,4,"[1, 2]",obstacle,up up left up left,up up left up left 
3861,False,False,False,7,5,"[1, 5]",out_of_bounds,right right down down down right down,right right down down down right down 
3862,False,False,False,7,9,"[3, 2]",obstacle,up up right right right down right,up up right right right down right 
3863,False,False,False,6,1,"[5, 5]",out_of_bounds,right down down down right down,right down down down right down 
3864,False,False,False,8,5,"[5, 2]",obstacle,right up up up left up left left,right up up up left up left left 
3865,False,False,False,7,2,"[2, 4]",obstacle,up right right right down down left,up right right right down down left 
3866,False,False,False,6,4,"[3, 1]",obstacle,down right down down left left,down right down down left left 
3867,False,False,False,5,9,"[5, 2]",obstacle,up up up right right,up up up right right 
3868,False,False,False,6,6,"[3, 1]",obstacle,left left down down left down,left left down down left down 
3869,False,False,False,7,2,"[4, 4]",obstacle,right right down down down right down,right right down down down right down 
3870,False,False,False,7,3,"[2, 2]",obstacle,up right right right down down down,up right right right down down down 
3871,False,False,False,7,1,"[1, 1]",obstacle,up right right up right right down,up right right up right right down 
3872,False,False,False,8,3,"[2, 2]",obstacle,down right right right down down right down,down right right right down down right down 
3873,False,True,False,4,6,"[2, 1]",,up up up right,up up up right 
3875,False,False,False,5,7,"[4, 1]",obstacle,up up up up left,up up up up left 
3876,False,False,False,7,4,"[3, 5]",out_of_bounds,up right right right up right down,up right right right up right down 
3878,False,False,False,7,1,"[3, 0]",obstacle,up up right right right down right,up up right right right down right 
3879,False,False,False,7,5,"[1, 3]",obstacle,right right down down right right down,right right down down right right down 
3880,False,False,False,8,5,"[1, 3]",obstacle,down right right right up right down down,down right right right up right down down 
3881,False,False,False,6,2,"[3, 5]",out_of_bounds,right right right down down right,right right right down down right 
3882,False,False,False,6,2,"[2, 2]",obstacle,right right down right down down,right right down right down down 
3883,False,False,False,4,6,"[2, 2]",obstacle,down right right right,down right right right 
3884,False,False,False,6,1,"[2, 2]",obstacle,up right right right down down,up right right right down down 
3885,False,False,False,5,1,"[5, 4]",out_of_bounds,right right right down down,right right right down down 
3886,False,False,False,5,7,"[4, 1]",obstacle,up up up up left,up up up up left 
3887,False,False,False,8,10,"[2, 4]",obstacle,up up up right right right up right,up up up right right right up right 
3888,False,False,False,6,6,"[3, 5]",obstacle,up left left left up left,up left left left up left 
3889,False,False,False,8,2,"[2, 2]",obstacle,down right right right up right down down,down right right right up right down down 
3890,False,False,False,8,8,"[3, 3]",obstacle,up up up right right right up right,up up up right right right up right 
3891,False,False,False,5,3,"[2, 2]",obstacle,up right right right down,up right right right down 
3893,False,False,False,0,10,"[0, 3]",invalid_action,,Goal not reachable
3894,False,False,False,6,2,"[3, 3]",obstacle,up right right right down down,up right right right down down 
3897,False,False,False,4,1,"[0, 2]",out_of_bounds,up up up left,up up up left 
3898,False,False,False,5,1,"[4, 5]",obstacle,right right right down down,right right right down down 
3899,False,False,False,5,4,"[4, 5]",obstacle,right right right down down,right right right down down 
3900,False,False,False,7,3,"[1, 1]",obstacle,right down down left left left down,right down down left left left down 
3901,False,False,False,3,13,"[0, 5]",out_of_bounds,right down down,right down down 
3902,False,False,False,8,7,"[5, 4]",out_of_bounds,right up right right right down down down,right up right right right down down down 
3903,False,False,False,3,7,"[0, 5]",obstacle,right down down,right down down 
3904,False,False,False,4,5,"[2, 4]",obstacle,up up up right,up up up right 
3905,False,False,False,5,3,"[1, 1]",obstacle,up right right right down,up right right right down 
3906,False,False,False,6,3,"[1, 1]",obstacle,up up up right right down,up up up right right down 
3907,False,False,False,4,8,"[2, 5]",obstacle,up up right right,up up right right 
3908,False,False,False,7,6,"[5, 1]",obstacle,right up up up right right down,right up up up right right down 
3909,False,False,False,6,3,"[3, 1]",obstacle,up up right right left down,up up right right left down 
3910,False,False,False,8,4,"[4, 1]",obstacle,right up up right right down down down,right up up right right down down down 
3911,False,False,False,6,4,"[5, 5]",out_of_bounds,right down down down right down,right down down down right down 
3912,False,False,False,2,11,"[2, 3]",obstacle,up right,up right 
3913,False,False,False,3,3,"[0, 5]",obstacle,right right down,right right down 
3914,False,False,False,10,8,"[5, 1]",obstacle,right up up up right right right down down left,right up up up right right right down down left 
3915,False,False,False,3,2,"[0, 5]",obstacle,right right down,right right down 
3916,False,False,False,5,5,"[2, 0]",obstacle,up up right right right,up up right right right 
3917,False,False,False,7,5,"[4, 1]",obstacle,right right right right down down left,right right right right down down left 
3918,False,False,False,5,9,"[2, 5]",obstacle,up up up right up,up up up right up 
3919,False,False,False,8,7,"[2, 5]",obstacle,up up right right down down down left,up up right right down down down left 
3920,False,False,False,0,4,"[3, 3]",invalid_action,,Goal not reachable
3921,False,False,False,5,3,"[2, 5]",obstacle,up up right down down,up up right down down 
3922,False,False,False,5,3,"[1, 1]",obstacle,up up right right up,up up right right up 
3923,False,False,False,3,8,"[1, 1]",obstacle,right right up,right right up 
3924,False,False,False,6,6,"[0, 2]",obstacle,right down down down right down,right down down down right down 
3925,False,False,False,4,1,"[3, 2]",obstacle,right up up right,right up up right 
3926,False,False,False,7,6,"[0, 3]",obstacle,right right down down down right down,right right down down down right down 
3927,False,False,False,7,8,"[1, 1]",obstacle,up up up right right up right,up up up right right up right 
3928,False,False,False,3,1,"[2, 3]",obstacle,up up right,up up right 
3929,False,False,False,6,6,"[2, 3]",obstacle,up right right down down down,up right right down down down 
3930,False,False,False,5,6,"[1, 4]",obstacle,right down down right right,right down down right right 
3931,False,False,False,6,7,"[0, 5]",out_of_bounds,right right up up up right,right right up up up right 
3932,False,False,False,6,8,"[4, 4]",obstacle,right right up up up left,right right up up up left 
3933,False,False,False,8,4,"[5, 1]",out_of_bounds,right down down down right right up right,right down down down right right up right 
3934,False,False,False,6,4,"[0, 5]",out_of_bounds,up up right right right down,up up right right right down 
3935,False,False,False,5,7,"[2, 2]",obstacle,right down down right down,right down down right down 
3936,False,False,False,6,3,"[5, 1]",out_of_bounds,right down down down right right,right down down down right right 
3937,False,False,False,6,9,"[2, 2]",obstacle,right down down down right right,right down down down right right 
3938,False,False,False,6,5,"[4, 4]",obstacle,up right up up right right,up right up up right right 
3939,False,False,False,5,7,"[3, 3]",obstacle,up up right right down,up up right right down 
3940,False,False,False,6,3,"[0, 5]",out_of_bounds,up up right right right down,up up right right right down 
3941,False,False,False,5,9,"[3, 5]",out_of_bounds,right down down right down,right down down right down 
3942,False,False,False,7,4,"[5, 4]",out_of_bounds,right down down down left left left,right down down down left left left 
3943,False,False,False,5,10,"[3, 4]",obstacle,up right right up up,up right right up up 
3944,False,False,False,7,6,"[3, 5]",obstacle,right down down down right right down,right down down down right right down 
3945,False,False,False,5,4,"[1, 5]",out_of_bounds,right down down right right,right down down right right 
3946,False,False,False,7,6,"[5, 3]",out_of_bounds,left left down down down left left,left left down down down left left 
3947,False,False,False,8,6,"[0, 5]",out_of_bounds,right down down down right right right down,right down down down right right right down 
3948,False,False,False,6,9,"[5, 4]",obstacle,right right up up up right,right right up up up right 
3949,False,False,False,6,3,"[1, 5]",out_of_bounds,right right right down down down,right right right down down down 
3950,False,False,False,7,6,"[1, 5]",out_of_bounds,right down down down right right down,right down down down right right down 
3951,False,False,False,6,12,"[1, 3]",obstacle,right down down down right down,right down down down right down 
3952,False,False,False,5,7,"[2, 2]",obstacle,right down down right right,right down down right right 
3953,False,False,False,6,2,"[5, 4]",obstacle,right down down down right left,right down down down right left 
3954,False,False,False,6,4,"[3, 5]",obstacle,right down down down right right,right down down down right right 
3955,False,False,False,6,3,"[0, 4]",out_of_bounds,up up down right right down,up up down right right down 
3956,False,False,False,6,1,"[0, 3]",out_of_bounds,up up right right right down,up up right right right down 
3957,False,False,False,6,8,"[4, 4]",obstacle,right right up up up right,right right up up up right 
3958,False,False,False,6,8,"[3, 3]",obstacle,up right up up right right,up right up up right right 
3959,False,False,False,5,9,"[3, 3]",obstacle,right up up up right,right up up up right 
3960,False,False,False,7,5,"[0, 3]",out_of_bounds,up up up up right right down,up up up up right right down 
3961,False,False,False,7,5,"[1, 0]",obstacle,up up right right right down down,up up right right right down down 
3962,False,False,False,7,3,"[1, 4]",obstacle,right right down down down left down,right right down down down left down 
3963,False,True,False,6,5,"[5, 5]",,right down down down right down,right down down down right down 
3964,False,False,False,7,7,"[0, 3]",out_of_bounds,down up up up right right down,down up up up right right down 
3965,False,False,False,4,1,"[2, 1]",obstacle,up up up right,up up up right 
3966,False,False,False,6,1,"[1, 4]",obstacle,up up up up right right,up up up up right right 
3967,False,False,False,5,4,"[1, 4]",obstacle,right right down down down,right right down down down 
3968,False,False,False,8,3,"[2, 5]",obstacle,right up up left left left down down,right up up left left left down down 
3969,False,False,False,6,7,"[2, 5]",out_of_bounds,up right up right right right,up right up right right right 
3971,False,False,False,4,2,"[2, 2]",obstacle,up up up right,up up up right 
3972,False,False,False,7,5,"[1, 4]",obstacle,up up left up up right right,up up left up up right right 
3973,False,False,False,6,6,"[2, 5]",obstacle,up up up right up right,up up up right up right 
3974,False,False,False,5,5,"[2, 1]",obstacle,up up right right right,up up right right right 
3975,False,True,False,6,3,"[1, 3]",,up up up left up left,up up up left up left 
3976,False,False,False,5,3,"[4, 3]",obstacle,up up up up right,up up up up right 
3977,False,False,False,5,1,"[1, 4]",obstacle,up up up right right,up up up right right 
3978,False,False,False,9,9,"[1, 0]",obstacle,right right right right down down down right down,right right right right down down down right down 
3979,False,False,False,5,3,"[2, 1]",obstacle,up up up up right,up up up up right 
3981,False,False,False,6,1,"[1, 4]",obstacle,up up up up right right,up up up up right right 
3982,False,False,False,7,5,"[1, 4]",obstacle,up up left up right right right,up up left up right right right 
3983,False,False,False,6,2,"[1, 4]",obstacle,up right right down down down,up right right down down down 
3984,False,False,False,9,5,"[2, 5]",out_of_bounds,up right up right right right down down left,up right up right right right down down left 
3985,False,False,False,5,2,"[2, 2]",obstacle,up up right down down,up up right down down 
3986,False,False,False,5,1,"[2, 2]",obstacle,up up up right right,up up up right right 
3987,False,False,False,4,1,"[2, 1]",obstacle,up up up right,up up up right 
3989,False,False,False,6,4,"[1, 4]",obstacle,up right right down down down,up right right down down down 
3990,False,True,False,5,4,"[1, 4]",,up right right up up,up right right up up 
3991,False,False,False,5,2,"[2, 0]",obstacle,up right up right up,up right up right up 
3992,False,False,False,8,7,"[2, 5]",out_of_bounds,up up up right up right right right,up up up right up right right right 
3993,False,False,False,6,7,"[2, 5]",out_of_bounds,up right up right right right,up right up right right right 
3994,False,False,False,4,3,"[3, 2]",obstacle,up right right up,up right right up 
3995,False,False,False,8,5,"[1, 4]",obstacle,down right right right down down right down,down right right right down down right down 
3996,False,False,False,6,7,"[2, 5]",out_of_bounds,right right down right down down,right right down right down down 
3997,False,False,False,9,9,"[2, 5]",out_of_bounds,up up up right right up right left right,up up up right right up right left right 
3998,False,False,False,8,1,"[2, 5]",out_of_bounds,up up up right up right right right,up up up right up right right right 
3999,False,False,False,4,3,"[3, 2]",obstacle,up right right up,up right right up 
4000,False,False,False,4,1,"[1, 4]",obstacle,right up right right,right up right right 
4001,False,False,False,7,6,"[2, 0]",obstacle,right right up right right down down,right right up right right down down 
4002,False,False,False,7,1,"[2, 5]",obstacle,up right right right up right down,up right right right up right down 
4003,False,False,False,5,1,"[2, 0]",obstacle,up right up right up,up right up right up 
4004,False,False,False,5,5,"[2, 0]",obstacle,up up right up right,up up right up right 
4005,False,False,False,7,5,"[4, 2]",obstacle,up right up right up up right,up right up right up up right 
4006,False,False,False,3,2,"[3, 1]",obstacle,up right right,up right right 
4007,False,False,False,9,3,"[1, 0]",obstacle,up right up right right down down down left,up right up right right down down down left 
4008,False,False,False,6,4,"[1, 4]",obstacle,right up right right down down,right up right right down down 
4009,False,False,False,6,2,"[3, 1]",obstacle,up up up right up right,up up up right up right 
4010,False,False,False,9,6,"[2, 0]",obstacle,up up right right up right up up right,up up right right up right up up right 
4011,False,False,False,5,2,"[2, 0]",obstacle,up right up right up,up right up right up 
4012,False,False,False,4,1,"[2, 0]",obstacle,up right right right,up right right right 
4013,False,False,False,7,7,"[3, 3]",obstacle,down right right right down right right,down right right right down right right 
4014,False,False,False,7,9,"[1, 1]",obstacle,up up up right up right right,up up up right up right right 
4015,False,False,False,6,5,"[1, 1]",obstacle,down right right down down down,down right right down down down 
4016,False,False,False,8,9,"[1, 2]",obstacle,down right right up right right down down,down right right up right right down down 
4017,False,False,False,7,7,"[0, 3]",obstacle,down right down down right down up,down right down down right down up 
4018,False,False,False,7,2,"[1, 0]",obstacle,up up up right right up right,up up up right right up right 
4019,False,False,False,3,3,"[3, 1]",obstacle,up right up,up right up 
4020,False,False,False,7,5,"[3, 3]",obstacle,right right right down down right down,right right right down down right down 
4021,False,False,False,7,2,"[4, 4]",obstacle,up up up left left left down,up up up left left left down 
4022,False,False,False,7,5,"[4, 0]",obstacle,down down right down right right up,down down right down right right up 
4023,False,False,False,6,5,"[2, 0]",obstacle,left up up left left left,left up up left left left 
4024,False,False,False,4,1,"[4, 4]",obstacle,up up up left,up up up left 
4025,False,False,False,7,10,"[5, 1]",obstacle,left up up up right right right,left up up up right right right 
4026,False,False,False,8,4,"[2, 5]",obstacle,up up up left left left down left,up up up left left left down left 
4027,False,False,False,9,9,"[0, 4]",obstacle,right right right right down down down right down,right right right right down down down right down 
4028,False,False,False,7,1,"[0, 0]",out_of_bounds,left left left down down left down,left left left down down left down 
4029,False,False,False,7,1,"[1, 5]",obstacle,up left left left down down right,up left left left down down right 
4030,False,False,False,6,9,"[2, 5]",obstacle,left up up left left left,left up up left left left 
4031,False,False,False,7,7,"[0, 0]",out_of_bounds,left left left down down left left,left left left down down left left 
4032,False,False,False,8,5,"[3, 3]",obstacle,up up up left left left down left,up up up left left left down left 
4033,False,False,False,8,4,"[1, 5]",obstacle,up up up left left left down left,up up up left left left down left 
4034,False,False,False,4,3,"[3, 3]",obstacle,right right down down,right right down down 
4035,False,False,False,7,9,"[1, 5]",obstacle,up left left left down down left,up left left left down down left 
4036,False,False,False,8,5,"[1, 3]",obstacle,right right right down down down left down,right right right down down down left down 
4037,False,False,False,6,9,"[2, 5]",obstacle,left up up left left left,left up up left left left 
4038,False,False,False,7,8,"[1, 3]",obstacle,right right right down down right down,right right right down down right down 
4039,False,False,False,8,7,"[3, 3]",obstacle,right right right right down down right down,right right right right down down right down 
4040,False,False,False,6,4,"[1, 3]",obstacle,right down down down right left,right down down down right left 
4041,False,False,False,7,8,"[3, 3]",obstacle,left up up up left left left,left up up up left left left 
4042,False,False,False,6,4,"[2, 2]",obstacle,right up up left left left,right up up left left left 
4043,False,False,False,9,9,"[1, 5]",obstacle,up up up up left left left down left,up up up up left left left down left 
4044,False,False,False,8,1,"[5, 1]",obstacle,right right down down left left left down,right right down down left left left down 
4045,False,False,False,8,10,"[1, 5]",obstacle,left left left down down down left left,left left left down down down left left 
4046,False,False,False,5,2,"[3, 3]",obstacle,right right right down down,right right right down down 
4047,False,False,False,8,9,"[2, 0]",obstacle,up up up right right right up right,up up up right right right up right 
4048,False,False,False,8,1,"[4, 4]",obstacle,up up up left left left up left,up up up left left left up left 
4049,False,False,False,8,10,"[1, 5]",obstacle,left left left down down down left left,left left left down down down left left 
4050,True,True,True,4,4,"[2, 2]",,up up left up,up up left up 
4051,False,False,False,5,6,"[3, 3]",obstacle,up up left up left,up up left up left 
4052,False,False,False,5,6,"[5, 2]",out_of_bounds,left left down left left,left left down left left 
4053,False,False,False,5,3,"[2, 4]",obstacle,left up left left left,left up left left left 
4054,False,False,False,8,4,"[3, 4]",obstacle,right right up right right down down left,right right up right right down down left 
4055,False,False,False,4,5,"[2, 2]",obstacle,up left up left,up left up left 
4056,False,False,False,6,5,"[2, 0]",obstacle,right right up right right down,right right up right right down 
4057,False,False,False,5,5,"[2, 2]",obstacle,up right up right right,up right up right right 
4058,False,False,False,7,4,"[5, 2]",out_of_bounds,down down right down right right up,down down right down right right up 
4059,False,False,False,7,5,"[2, 4]",obstacle,left up up right up right right,left up up right up right right 
4060,False,False,False,4,4,"[2, 4]",obstacle,left left down left,left left down left 
4061,False,False,False,8,5,"[0, 3]",obstacle,left left down left down down right down,left left down left down down right down 
4062,False,False,False,6,3,"[3, 0]",obstacle,up right up right right right,up right up right right right 
4063,False,False,False,5,4,"[0, 3]",out_of_bounds,up left left left down,up left left left down 
4064,False,False,False,6,5,"[2, 4]",obstacle,up up left up right right,up up left up right right 
4065,False,False,False,2,2,"[2, 2]",obstacle,down right,down right 
4066,False,False,False,5,5,"[0, 3]",obstacle,left down down down right,left down down down right 
4067,False,False,False,5,7,"[2, 4]",obstacle,left left down left left,left left down left left 
4068,False,False,False,7,6,"[3, 0]",obstacle,down right down right right up right,down right down right right up right 
4069,False,False,False,6,5,"[1, 0]",out_of_bounds,left down right right up right,left down right right up right 
4070,False,False,False,5,4,"[0, 4]",obstacle,up right up right right,up right up right right 
4071,False,False,False,6,4,"[2, 0]",obstacle,right right up right right down,right right up right right down 
4072,False,False,False,4,1,"[0, 3]",obstacle,up left left left,up left left left 
4073,False,False,False,6,1,"[2, 2]",obstacle,up left up up right right,up left up up right right 
4074,False,False,False,2,4,"[3, 2]",obstacle,up left,up left 
4075,False,False,False,7,7,"[0, 0]",out_of_bounds,left left down left left down down,left left down left left down down 
4076,False,False,False,6,5,"[2, 4]",obstacle,left left down down down left,left left down down down left 
4077,False,False,False,8,2,"[3, 5]",out_of_bounds,right right right down right down down left,right right right down right down down left 
4078,False,False,False,5,6,"[3, 0]",obstacle,right down right right right,right down right right right 
4079,False,False,False,3,4,"[2, 0]",obstacle,down right down,down right down 
4080,False,False,False,7,3,"[1, 5]",out_of_bounds,right right right down down down right,right right right down down down right 
4082,False,False,False,7,5,"[4, 3]",obstacle,up right up right up up left,up right up right up up left 
4083,False,False,False,6,3,"[3, 2]",obstacle,right down down down right down,right down down down right down 
4084,False,False,False,8,3,"[1, 3]",obstacle,up right right up up up right down,up right right up up up right down 
4085,False,False,False,8,6,"[3, 5]",out_of_bounds,up right right up up up left left,up right right up up up left left 
4086,False,False,False,5,1,"[0, 5]",out_of_bounds,right up up right right,right up up right right 
4087,False,False,False,6,5,"[0, 2]",obstacle,right up up up right right,right up up up right right 
4088,False,False,False,7,3,"[3, 5]",out_of_bounds,down right right right up up left,down right right right up up left 
4089,False,False,False,7,8,"[4, 3]",obstacle,up right up right up up right,up right up right up up right 
4090,False,False,False,5,5,"[0, 5]",out_of_bounds,right up up right right,right up up right right 
4091,False,False,False,5,2,"[2, 5]",out_of_bounds,right right up up right,right right up up right 
4092,False,False,False,8,4,"[1, 3]",obstacle,up up right up up right right right,up up right up up right right right 
4093,False,False,False,8,8,"[0, 5]",out_of_bounds,right down down right down down left down,right down down right down down left down 
4094,False,True,False,8,6,"[3, 2]",,right up up up left left left down,right up up up left left left down 
4095,False,False,False,8,6,"[0, 5]",out_of_bounds,right right right down down down right down,right right right down down down right down 
4096,False,False,False,8,5,"[0, 2]",obstacle,right up right up up right down down,right up right up up right down down 
4097,False,False,False,7,2,"[1, 3]",obstacle,up right right up up up right,up right right up up up right 
4098,False,False,False,7,3,"[3, 2]",obstacle,down down right right up up left,down down right right up up left 
4099,False,False,False,8,3,"[2, 5]",out_of_bounds,up up right up up right right down,up up right up up right right down 
4100,False,False,False,6,2,"[3, 2]",obstacle,down down right right up up,down down right right up up 
4101,False,False,False,8,2,"[3, 5]",out_of_bounds,up up right up up up right right,up up right up up up right right 
4102,False,False,False,8,7,"[3, 5]",out_of_bounds,right up up right up up left left,right up up right up up left left 
4103,False,False,False,9,2,"[0, 5]",out_of_bounds,right right up up right right down down left,right right up up right right down down left 
4104,False,False,False,8,4,"[4, 3]",obstacle,up right right up up up left left,up right right up up up left left 
4105,False,False,False,7,7,"[4, 3]",obstacle,up right up right up up up,up right up right up up up 
4106,False,False,False,7,1,"[0, 4]",obstacle,up up right right up up left,up up right right up up left 
4107,False,False,False,6,4,"[4, 5]",obstacle,down down left right left up,down down left right left up 
4108,False,False,False,6,4,"[3, 4]",obstacle,right down down down right down,right down down down right down 
4109,False,False,False,7,1,"[0, 1]",out_of_bounds,up right up right up up left,up right up right up up left 
4110,False,False,False,7,3,"[0, 5]",out_of_bounds,up up right right right down right,up up right right right down right 
4111,False,True,False,7,6,"[1, 1]",,up left up left left left right,up left up left left left right 
4112,False,False,False,8,4,"[2, 5]",obstacle,up up right right right up right down,up up right right right up right down 
4113,False,False,False,7,4,"[2, 4]",obstacle,up up up left right right right,up up up left right right right 
4114,False,False,False,8,7,"[2, 5]",obstacle,up up up right right right up right,up up up right right right up right 
4115,False,False,False,8,5,"[0, 5]",obstacle,up right right right up right right down,up right right right up right right down 
4116,False,False,False,9,5,"[1, 3]",obstacle,right right right down right right left down down,right right right down right right left down down 
4117,False,False,False,8,8,"[0, 0]",obstacle,up up up right right right up right,up up up right right right up right 
4118,False,False,False,9,4,"[2, 1]",obstacle,right right right down right right left down down,right right right down right right left down down 
4119,False,False,False,9,7,"[2, 1]",obstacle,right right right down right right left down down,right right right down right right left down down 
4120,False,False,False,7,2,"[2, 5]",out_of_bounds,up up right right right up right,up up right right right up right 
4121,False,False,False,9,7,"[0, 4]",obstacle,down right right right down down down right down,down right right right down down down right down 
4122,False,False,False,9,7,"[1, 3]",obstacle,up up up up right right right up right,up up up up right right right up right 
4123,False,False,False,8,1,"[0, 2]",obstacle,up up left left left up left down,up up left left left up left down 
4124,False,False,False,8,4,"[2, 5]",out_of_bounds,right right right down right down down right,right right right down right down down right 
4125,False,False,False,7,3,"[2, 5]",out_of_bounds,up right right right up right right,up right right right up right right 
4126,False,False,False,8,5,"[2, 1]",obstacle,right right right down right right left down,right right right down right right left down 
4127,False,False,False,8,5,"[0, 5]",out_of_bounds,up up right right right up right down,up up right right right up right down 
4128,False,False,False,9,4,"[1, 3]",obstacle,right right right down right right left down down,right right right down right right left down down 
4129,False,False,False,7,4,"[2, 5]",out_of_bounds,up up right right right up right,up up right right right up right 
4130,False,True,False,7,6,"[1, 1]",,up left up left left left right,up left up left left left right 
4131,False,True,False,7,3,"[1, 1]",,up left up left left left right,up left up left left left right 
4132,False,False,False,8,2,"[3, 2]",obstacle,up up up right right right up right,up up up right right right up right 
4133,False,False,False,9,7,"[1, 3]",obstacle,up up up up right right right up right,up up up up right right right up right 
4134,False,False,False,7,1,"[2, 5]",out_of_bounds,up right right right up right right,up right right right up right right 
4135,False,False,False,7,5,"[2, 5]",out_of_bounds,up right right right up right right,up right right right up right right 
4136,False,False,False,8,7,"[2, 5]",out_of_bounds,right right up up right right right up,right right up up right right right up 
4137,False,False,False,9,7,"[1, 3]",obstacle,up up left up right right right up right,up up left up right right right up right 
4138,False,False,False,8,3,"[0, 0]",obstacle,up up up right right right up right,up up up right right right up right 
4139,False,False,False,8,8,"[0, 0]",obstacle,up up up right right right up right,up up up right right right up right 
4140,False,False,False,5,4,"[3, 3]",obstacle,right down right down right,right down right down right 
4141,False,False,False,6,10,"[3, 0]",obstacle,right right right down down right,right right right down down right 
4142,False,False,False,7,8,"[4, 5]",obstacle,right up up left left up left,right up up left left up left 
4143,False,False,False,5,3,"[2, 2]",obstacle,down right down right right,down right down right right 
4144,True,True,True,4,4,"[4, 2]",,left down down down,left down down down 
4145,False,False,False,7,3,"[2, 2]",obstacle,up right up up right right down,up right up up right right down 
4146,False,False,False,6,2,"[4, 2]",obstacle,right down right down down right,right down right down down right 
4147,False,False,False,7,6,"[0, 1]",obstacle,right up up right right right down,right up up right right right down 
4148,False,False,False,6,4,"[0, 4]",out_of_bounds,up left up left left down,up left up left left down 
4149,False,False,False,6,1,"[0, 5]",out_of_bounds,up right up right right down,up right up right right down 
4150,False,True,False,4,1,"[1, 3]",,up right right right,up right right right 
4151,False,False,False,7,9,"[1, 5]",out_of_bounds,right right down right down down down,right right down right down down down 
4152,False,False,False,7,5,"[0, 1]",obstacle,right down right right down down down,right down right right down down down 
4153,False,False,False,7,3,"[2, 2]",obstacle,up right up up right right down,up right up up right right down 
4154,False,False,False,6,5,"[1, 4]",obstacle,right down right down down down,right down right down down down 
4155,False,False,False,6,2,"[0, 1]",obstacle,right down right right down down,right down right right down down 
4156,True,True,True,5,5,"[3, 2]",,right down right down down,right down right down down 
4157,False,False,False,7,9,"[4, 5]",obstacle,up left left up left left left,up left left up left left left 
4158,False,False,False,6,2,"[4, 4]",obstacle,left left down down down right,left left down down down right 
4159,False,False,False,8,4,"[5, 3]",obstacle,right right up up right right down down,right right up up right right down down 
4160,False,False,False,8,5,"[1, 3]",obstacle,right down right down down right left down,right down right down down right left down 
4161,False,False,False,6,1,"[5, 3]",out_of_bounds,right down right down down right,right down right down down right 
4162,False,False,False,6,6,"[4, 4]",obstacle,left left up up up left,left left up up up left 
4163,False,False,False,5,10,"[4, 5]",obstacle,up up left up right,up up left up right 
4164,False,False,False,6,6,"[3, 3]",obstacle,right up up right right down,right up up right right down 
4165,False,False,False,4,2,"[5, 3]",obstacle,up up left up,up up left up 
4166,False,False,False,7,10,"[2, 2]",obstacle,right right down right down down right,right right down right down down right 
4167,False,False,False,6,10,"[1, 4]",obstacle,left down down down right right,left down down down right right 
4168,False,False,False,5,3,"[1, 3]",obstacle,up right right up right,up right right up right 
4169,False,False,False,8,2,"[5, 3]",obstacle,right up up right right down down down,right up up right right down down down 
4170,False,False,False,4,2,"[3, 5]",out_of_bounds,up right right right,up right right right 
4171,False,False,False,7,7,"[3, 0]",obstacle,right right right right down down down,right right right right down down down 
4172,False,False,False,6,1,"[2, 4]",obstacle,left left left down down down,left left left down down down 
4173,False,False,False,5,3,"[1, 2]",obstacle,right right down down down,right right down down down 
4174,False,False,False,7,3,"[0, 4]",obstacle,up right right right down down down,up right right right down down down 
4175,False,False,False,7,2,"[0, 3]",obstacle,right right down down down left down,right right down down down left down 
4176,False,False,False,7,8,"[0, 5]",out_of_bounds,right right down down down left down,right right down down down left down 
4177,False,True,False,4,2,"[0, 4]",,up right right right,up right right right 
4178,False,False,False,8,5,"[0, 4]",obstacle,up right right right down right down down,up right right right down right down down 
4179,False,False,False,8,8,"[3, 3]",obstacle,up up up right up up left left,up up up right up up left left 
4180,False,False,False,4,2,"[1, 2]",obstacle,right up up right,right up up right 
4181,False,False,False,7,10,"[2, 5]",obstacle,up up up up left left left,up up up up left left left 
4182,False,False,False,7,8,"[0, 5]",out_of_bounds,right right right down down right down,right right right down down right down 
4183,False,False,False,4,2,"[1, 2]",obstacle,right up up right,right up up right 
4184,False,False,False,6,7,"[2, 5]",obstacle,up up up left left left,up up up left left left 
4185,False,False,False,7,7,"[0, 5]",obstacle,right right down down down right down,right right down down down right down 
4186,False,False,False,6,4,"[3, 3]",obstacle,up up up right right right,up up up right right right 
4187,False,False,False,7,3,"[3, 5]",out_of_bounds,right right right right down down down,right right right right down down down 
4188,False,False,False,7,7,"[3, 3]",obstacle,up up up up right right left,up up up up right right left 
4189,False,False,False,5,4,"[2, 2]",obstacle,right right down down down,right right down down down 
4190,False,False,False,7,3,"[2, 5]",out_of_bounds,right right right right down down down,right right right right down down down 
4191,False,False,False,5,3,"[2, 5]",out_of_bounds,right right down down down,right right down down down 
4192,False,False,False,7,2,"[0, 4]",obstacle,right right down down down left down,right right down down down left down 
4193,False,False,False,7,1,"[0, 5]",obstacle,right right down down down left down,right right down down down left down 
4194,False,False,False,6,7,"[2, 5]",out_of_bounds,right right up up left left,right right up up left left 
4195,False,True,False,3,2,"[0, 4]",,up right right,up right right 
4196,False,False,False,4,1,"[3, 5]",out_of_bounds,up right right right,up right right right 
4197,False,False,False,6,3,"[2, 4]",obstacle,up up up left left left,up up up left left left 
4198,False,False,False,4,2,"[1, 2]",obstacle,right up up right,right up up right 
4199,False,False,False,5,2,"[3, 5]",out_of_bounds,up left right right right,up left right right right 
4200,False,False,False,8,6,"[3, 5]",out_of_bounds,right right right right down down down right,right right right right down down down right 
4201,False,False,False,9,5,"[1, 3]",obstacle,right right right down right down down down right,right right right down right down down down right 
4202,False,False,False,7,9,"[5, 4]",obstacle,right right down down down right right,right right down down down right right 
4203,False,False,False,7,3,"[1, 3]",obstacle,right right right down right down down,right right right down right down down 
4205,False,False,False,5,3,"[1, 5]",out_of_bounds,right down right right right,right down right right right 
4206,False,False,False,7,2,"[1, 3]",obstacle,right right right down right right right,right right right down right right right 
4207,False,False,False,10,8,"[1, 5]",out_of_bounds,right up up up right up up down right right,right up up up right up up down right right 
4209,False,False,False,8,5,"[1, 5]",out_of_bounds,up right right right down down right right,up right right right down down right right 
4210,False,False,False,9,8,"[1, 5]",out_of_bounds,right right right down right down down down right,right right right down right down down down right 
4211,False,False,False,9,7,"[2, 5]",out_of_bounds,right right right right down right down down left,right right right right down right down down left 
4212,False,False,False,7,4,"[1, 5]",out_of_bounds,up right right right down right down,up right right right down right down 
4213,False,False,False,7,1,"[4, 2]",obstacle,right right right down down right down,right right right down down right down 
4214,False,False,False,7,4,"[1, 5]",out_of_bounds,right right right down right down down,right right right down right down down 
4215,False,False,False,9,3,"[4, 5]",out_of_bounds,right right right right down right down down left,right right right right down right down down left 
4217,False,True,False,7,3,"[4, 4]",,right right down right right down down,right right down right right down down 
4218,False,False,False,8,6,"[1, 5]",out_of_bounds,up right right right up right right down,up right right right up right right down 
4220,False,False,False,7,1,"[5, 4]",obstacle,right right right down down down right,right right right down down down right 
4222,False,False,False,8,1,"[4, 5]",out_of_bounds,right right right right down down down right,right right right right down down down right 
4224,False,False,False,7,4,"[0, 1]",obstacle,right down right down right right down,right down right down right right down 
4225,False,False,False,8,2,"[2, 5]",out_of_bounds,right right right right down down right down,right right right right down down right down 
4226,False,False,False,5,5,"[1, 5]",out_of_bounds,right down right right right,right down right right right 
4227,False,False,False,7,1,"[3, 5]",out_of_bounds,up right right right down right right,up right right right down right right 
4228,False,False,False,6,2,"[1, 3]",obstacle,up right right right up right,up right right right up right 
4229,False,False,False,5,3,"[1, 5]",out_of_bounds,right down right right right,right down right right right 
4230,False,False,False,6,2,"[3, 2]",obstacle,up left up left left down,up left up left left down 
4231,False,False,False,6,2,"[5, 5]",obstacle,down left left left down left,down left left left down left 
4232,False,False,False,8,9,"[1, 1]",obstacle,left left left left down down left down,left left left left down down left down 
4233,False,False,False,7,6,"[2, 2]",obstacle,left up left left left down down,left up left left left down down 
4234,False,False,False,4,4,"[2, 2]",obstacle,left up left left,left up left left 
4235,False,False,False,6,4,"[3, 2]",obstacle,down left left left down down,down left left left down down 
4236,False,False,False,7,5,"[3, 2]",obstacle,left left left down down left down,left left left down down left down 
4237,False,False,False,7,10,"[3, 0]",out_of_bounds,up up left up left right left,up up left up left right left 
4238,False,False,False,7,7,"[1, 0]",out_of_bounds,left left left left down down down,left left left left down down down 
4239,False,False,False,7,1,"[3, 0]",out_of_bounds,left up left left left down left,left up left left left down left 
4240,False,False,False,0,11,"[5, 1]",invalid_action,,Goal not reachable
4241,False,False,False,6,4,"[0, 3]",obstacle,left left down down down left,left left down down down left 
4242,False,True,False,4,2,"[1, 1]",,down left left left,down left left left 
4243,False,False,False,7,6,"[0, 3]",obstacle,left left down down down left down,left left down down down left down 
4244,False,False,False,9,3,"[3, 4]",obstacle,up right up right right down down down left,up right up right right down down down left 
4245,False,False,False,8,8,"[3, 0]",out_of_bounds,down left left left right right down down,down left left left right right down down 
4246,False,False,False,7,8,"[1, 1]",obstacle,left left down left left down down,left left down left left down down 
4247,False,False,False,7,7,"[3, 0]",out_of_bounds,left left left left down down down,left left left left down down down 
4248,False,False,False,4,2,"[2, 2]",obstacle,left up left left,left up left left 
4249,False,False,False,6,2,"[4, 2]",obstacle,left down left left down down,left down left left down down 
4250,False,False,False,5,1,"[1, 0]",out_of_bounds,left left up left left,left left up left left 
4251,False,False,False,6,4,"[0, 3]",obstacle,left left down down down left,left left down down down left 
4252,False,False,False,4,1,"[1, 2]",obstacle,up left left left,up left left left 
4253,False,False,False,8,5,"[0, 3]",obstacle,left up left left left down down left,left up left left left down down left 
4254,False,False,False,7,2,"[2, 3]",obstacle,right up right right down down left,right up right right down down left 
4255,False,False,False,7,11,"[3, 4]",obstacle,up up left up left left left,up up left up left left left 
4256,False,False,False,6,4,"[3, 4]",obstacle,up up left up left left,up up left up left left 
4257,False,False,False,4,7,"[1, 2]",obstacle,up up up up,up up up up 
4258,False,False,False,9,5,"[0, 0]",out_of_bounds,up left left down down right right up left,up left left down down right right up left 
4259,False,True,False,4,3,"[1, 5]",,right up right right,right up right right 
4260,False,False,False,4,5,"[4, 4]",obstacle,up up up left,up up up left 
4261,False,False,False,5,2,"[4, 4]",obstacle,up up up up right,up up up up right 
4262,False,False,False,6,2,"[1, 2]",obstacle,up left left left down down,up left left left down down 
4264,True,True,True,5,5,"[0, 4]",,up up right up right,up up right up right 
4265,False,True,False,3,4,"[4, 1]",,down down left,down down left 
4266,False,True,False,3,4,"[4, 1]",,down down left,down down left 
4267,False,False,False,6,7,"[2, 3]",obstacle,down down down right down down,down down down right down down 
4268,False,True,False,2,4,"[0, 4]",,up left,up left 
4269,False,False,False,5,5,"[2, 0]",out_of_bounds,left left left down down,left left left down down 
4270,False,False,False,8,2,"[5, 0]",obstacle,up up up left up left left left,up up up left up left left left 
4271,False,False,False,7,1,"[2, 0]",out_of_bounds,left up left left left down down,left up left left left down down 
4274,False,False,False,6,3,"[2, 1]",obstacle,up left left left down down,up left left left down down 
4275,False,True,False,5,3,"[1, 2]",,up left up up up,up left up up up 
4276,False,False,False,3,4,"[0, 3]",out_of_bounds,up up left,up up left 
4277,False,False,False,6,10,"[0, 5]",out_of_bounds,up up up right down down,up up up right down down 
4278,False,False,False,3,2,"[1, 2]",obstacle,up up left,up up left 
4279,False,False,False,4,2,"[0, 3]",out_of_bounds,up up up right,up up up right 
4280,False,False,False,7,5,"[2, 1]",obstacle,up left left left down down right,up left left left down down right 
4281,False,False,False,4,4,"[0, 5]",out_of_bounds,up up right down,up up right down 
4282,False,False,False,3,2,"[1, 2]",obstacle,up up left,up up left 
4283,False,False,False,8,4,"[4, 2]",obstacle,left up up down down down left left,left up up down down down left left 
4284,False,False,False,0,1,"[5, 1]",invalid_action,,Goal not reachable
4285,False,False,False,5,6,"[1, 3]",obstacle,up right down down down,up right down down down 
4286,False,False,False,6,3,"[2, 1]",obstacle,up up up left right right,up up up left right right 
4287,False,False,False,7,3,"[1, 3]",obstacle,up left up up up right right,up left up up up right right 
4288,False,False,False,8,6,"[1, 2]",obstacle,left left left down left down down down,left left left down left down down down 
4289,False,False,False,0,2,"[4, 1]",invalid_action,,Goal not reachable
4290,False,False,False,7,2,"[5, 5]",out_of_bounds,right up up up right up up,right up up up right up up 
4291,False,False,False,6,4,"[1, 4]",obstacle,up up up up right right,up up up up right right 
4292,False,False,False,5,5,"[1, 4]",obstacle,up up right right right,up up right right right 
4293,False,True,False,5,4,"[0, 4]",,up right right up right,up right right up right 
4294,False,False,False,6,6,"[1, 4]",obstacle,right up up up right right,right up up up right right 
4295,False,False,False,4,1,"[1, 4]",obstacle,up up up right,up up up right 
4296,False,False,False,4,1,"[1, 4]",obstacle,up up up right,up up up right 
4297,False,False,False,5,3,"[3, 5]",out_of_bounds,right up up right right,right up up right right 
4298,False,False,False,7,7,"[5, 1]",obstacle,right up up up right up right,right up up up right up right 
4299,False,False,False,7,6,"[5, 1]",obstacle,right up up up right up right,right up up up right up right 
4300,False,False,False,7,8,"[5, 1]",obstacle,right up up up right up up,right up up up right up up 
4301,False,False,False,7,4,"[2, 5]",obstacle,up left right right down down down,up left right right down down down 
4302,False,False,False,8,5,"[0, 0]",obstacle,right right up right right down down left,right right up right right down down left 
4303,False,False,False,5,5,"[1, 4]",obstacle,up up right right right,up up right right right 
4304,False,False,False,2,1,"[2, 5]",obstacle,up up,up up 
4305,False,False,False,7,3,"[0, 4]",obstacle,up right right right down down down,up right right right down down down 
4306,False,False,False,5,5,"[2, 5]",obstacle,up up right right right,up up right right right 
4307,False,False,False,5,4,"[1, 4]",obstacle,up up up up right,up up up up right 
4308,False,False,False,7,7,"[5, 1]",obstacle,right up up up right right right,right up up up right right right 
4309,False,False,False,6,3,"[1, 2]",obstacle,up up right right up right,up up right right up right 
4310,False,False,False,4,1,"[1, 4]",obstacle,up right right right,up right right right 
4311,False,False,False,5,4,"[1, 4]",obstacle,up up right right right,up up right right right 
4312,False,False,False,7,5,"[1, 4]",obstacle,up right right right down down down,up right right right down down down 
4313,False,False,False,8,7,"[1, 1]",obstacle,up up up left left left up left,up up up left left left up left 
4314,False,False,False,7,2,"[1, 4]",obstacle,right up up up right right down,right up up up right right down 
4315,False,True,False,8,7,"[4, 4]",,up right right right down right down down,up right right right down right down down 
4316,False,False,False,4,4,"[2, 5]",obstacle,up right right right,up right right right 
4317,False,False,False,5,1,"[1, 4]",obstacle,up up right right right,up up right right right 
4318,False,True,False,4,6,"[2, 3]",,down right right right,down right right right 
4319,False,True,False,7,5,"[4, 4]",,right up right right down down down,right up right right down down down 
4320,False,False,False,7,5,"[2, 5]",out_of_bounds,up right right right up right right,up right right right up right right 
4321,False,False,False,7,3,"[1, 5]",out_of_bounds,right right down right right down down,right right down right right down down 
4322,False,False,False,7,6,"[0, 4]",obstacle,up up right right right up right,up up right right right up right 
4323,False,False,False,7,3,"[5, 3]",obstacle,up up left left left up left,up up left left left up left 
4324,False,False,False,6,6,"[4, 2]",obstacle,up right right right up right,up right right right up right 
4325,False,False,False,7,5,"[2, 2]",obstacle,up up right right right up right,up up right right right up right 
4326,False,False,False,8,7,"[0, 4]",obstacle,left down left left left down down left,left down left left left down down left 
4327,False,False,False,8,3,"[2, 2]",obstacle,down right down down left left left down,down right down down left left left down 
4328,False,False,False,7,5,"[4, 2]",obstacle,up right right right up right right,up right right right up right right 
4329,False,False,False,8,5,"[5, 3]",obstacle,up up left up left left left up,up up left up left left left up 
4330,False,False,False,6,3,"[4, 4]",obstacle,up left left left down left,up left left left down left 
4331,False,False,False,8,5,"[0, 4]",obstacle,right down right right down down down right,right down right right down down down right 
4332,False,False,False,8,4,"[2, 1]",obstacle,left down left left down down left down,left down left left down down left down 
4333,False,False,False,8,3,"[3, 5]",out_of_bounds,up up left right right right up right,up up left right right right up right 
4334,False,False,False,8,5,"[0, 4]",obstacle,up up up right right right up right,up up up right right right up right 
4335,False,False,False,7,3,"[1, 1]",obstacle,up up left left left up left,up up left left left up left 
4336,False,False,False,7,5,"[4, 2]",obstacle,up right right right down down left,up right right right down down left 
4337,False,False,False,5,3,"[5, 3]",obstacle,up left left left down,up left left left down 
4338,False,True,False,8,2,"[2, 1]",,up up right up right left left down,up up right up right left left down 
4339,False,False,False,7,1,"[3, 1]",obstacle,up left left left down down left,up left left left down down left 
4340,False,False,False,8,2,"[1, 5]",out_of_bounds,up up left right right right up right,up up left right right right up right 
4341,False,False,False,6,4,"[2, 2]",obstacle,right down right down down right,right down right down down right 
4342,False,False,False,7,3,"[3, 3]",obstacle,up up left left left up left,up up left left left up left 
4343,False,False,False,8,6,"[0, 4]",obstacle,up up up right right right up right,up up up right right right up right 
4345,False,False,False,5,2,"[1, 2]",obstacle,up right right right down,up right right right down 
4346,False,False,False,8,3,"[2, 4]",obstacle,up up left left left down down left,up up left left left down down left 
4347,False,False,False,8,2,"[1, 5]",out_of_bounds,up up left right right right up right,up up left right right right up right 
4348,False,False,False,8,1,"[2, 1]",obstacle,up right up up left left left down,up right up up left left left down 
4349,False,False,False,9,6,"[4, 0]",obstacle,up right up right right up up left left,up right up right right up up left left 
4350,False,False,False,7,6,"[2, 5]",out_of_bounds,up right right up left left down,up right right up left left down 
4352,False,False,False,4,2,"[0, 3]",obstacle,right down right right,right down right right 
4353,False,False,False,5,3,"[1, 3]",obstacle,down right right down down,down right right down down 
4354,False,False,False,7,4,"[0, 0]",out_of_bounds,up right right right down down down,up right right right down down down 
4356,False,False,False,7,4,"[3, 0]",out_of_bounds,up left left left up up up,up left left left up up up 
4357,False,False,False,6,3,"[2, 3]",obstacle,right right down right down down,right right down right down down 
4358,False,False,False,8,7,"[2, 3]",obstacle,right down right right up down left down,right down right right up down left down 
4359,False,False,False,8,3,"[2, 3]",obstacle,right up right up up left left down,right up right up up left left down 
4360,False,False,False,4,5,"[2, 0]",obstacle,right right right up,right right right up 
4361,False,False,False,7,2,"[3, 1]",obstacle,up up left up left left up,up up left up left left up 
4362,False,False,False,4,8,"[0, 3]",obstacle,right right right down,right right right down 
4363,False,False,False,5,1,"[3, 5]",out_of_bounds,right right up up right,right right up up right 
4365,False,False,False,8,4,"[2, 5]",out_of_bounds,right up right up up left left down,right up right up up left left down 
4366,False,False,False,5,2,"[2, 5]",obstacle,up up left right left,up up left right left 
4367,False,False,False,7,1,"[1, 0]",obstacle,up up right up right right down,up up right up right right down 
4368,False,False,False,8,5,"[2, 3]",obstacle,down right right right up down right down,down right right right up down right down 
4369,False,False,False,6,5,"[2, 3]",obstacle,up left up left left up,up left up left left up 
4370,False,False,False,9,5,"[0, 3]",obstacle,right down right right down down down left down,right down right right down down down left down 
4371,False,False,False,5,4,"[2, 3]",obstacle,up up right right right,up up right right right 
4372,False,False,False,6,2,"[4, 0]",obstacle,down right right right up up,down right right right up up 
4373,False,False,False,5,2,"[2, 3]",obstacle,up right right up right,up right right up right 
4374,False,False,False,5,3,"[2, 0]",obstacle,up right right right up,up right right right up 
4375,False,False,False,6,4,"[3, 1]",obstacle,up right right up right right,up right right up right right 
4376,False,False,False,8,6,"[0, 1]",obstacle,down right right up right down down left,down right right up right down down left 
4377,False,False,False,7,5,"[0, 3]",obstacle,up right right right down down down,up right right right down down down 
4378,False,False,False,10,7,"[0, 3]",obstacle,right down right down down right right down left down,right down right down down right right down left down 
4379,False,False,False,10,10,"[2, 5]",obstacle,up up up up right right left up left left,up up up up right right left up left left 
4380,False,False,False,8,6,"[3, 1]",obstacle,up up up left left left up left,up up up left left left up left 
4381,False,False,False,6,4,"[3, 2]",obstacle,left left down left left down,left left down left left down 
4382,True,True,True,6,6,"[2, 0]",,left left left left down down,left left left left down down 
4383,False,False,False,5,1,"[0, 0]",out_of_bounds,left up left left left,left up left left left 
4384,False,False,False,7,7,"[2, 3]",obstacle,left up up up left left left,left up up up left left left 
4385,False,False,False,5,4,"[1, 0]",out_of_bounds,up left right right left,up left right right left 
4386,False,False,False,6,7,"[1, 1]",obstacle,left down down down left down,left down down down left down 
4387,False,False,False,6,3,"[0, 0]",out_of_bounds,up left left left up left,up left left left up left 
4388,False,False,False,6,2,"[0, 1]",out_of_bounds,up left left left up left,up left left left up left 
4389,False,False,False,7,3,"[5, 1]",obstacle,left left down left down down left,left left down left down down left 
4390,False,False,False,8,2,"[0, 0]",out_of_bounds,left up left left left down down right,left up left left left down down right 
4391,False,True,False,5,4,"[1, 0]",,left up left left left,left up left left left 
4392,False,False,False,6,3,"[0, 0]",out_of_bounds,up left left left up left,up left left left up left 
4393,False,False,False,7,7,"[0, 0]",out_of_bounds,left left left left down down down,left left left left down down down 
4394,False,False,False,8,4,"[2, 3]",obstacle,up up up left right up right left,up up up left right up right left 
4395,False,False,False,5,4,"[2, 3]",obstacle,left left down left left,left left down left left 
4396,False,True,False,5,4,"[0, 1]",,left up up left left,left up up left left 
4397,False,False,False,7,4,"[5, 2]",obstacle,up up left up left left left,up up left up left left left 
4398,False,False,False,5,2,"[3, 2]",obstacle,left up left left left,left up left left left 
4400,False,False,False,6,3,"[0, 0]",out_of_bounds,up left left left up left,up left left left up left 
4401,False,False,False,5,2,"[3, 0]",out_of_bounds,left up left left left,left up left left left 
4402,False,False,False,5,2,"[2, 0]",out_of_bounds,left up left left left,left up left left left 
4403,False,False,False,6,3,"[0, 0]",out_of_bounds,up left left left up left,up left left left up left 
4404,False,False,False,5,1,"[3, 0]",out_of_bounds,left left left up left,left left left up left 
4405,False,True,False,3,2,"[0, 3]",,up left right,up left right 
4406,False,True,False,6,6,"[1, 2]",,up up right right right left,up up right right right left 
4407,False,False,False,7,8,"[0, 0]",out_of_bounds,left left left down down down left,left left left down down down left 
4408,False,False,False,7,6,"[2, 0]",out_of_bounds,up up left left left up left,up up left left left up left 
4409,False,False,False,6,4,"[2, 3]",obstacle,left left down left left down,left left down left left down 
4410,False,False,False,8,1,"[4, 0]",out_of_bounds,left left up up up left left left,left left up up up left left left 
4411,False,False,False,7,4,"[1, 2]",obstacle,left left left down down down left,left left left down down down left 
4412,False,False,False,0,6,"[0, 4]",invalid_action,,Goal not reachable
4413,False,False,False,9,1,"[0, 0]",out_of_bounds,left left down left left up down down left,left left down left left up down down left 
4414,False,False,False,5,3,"[5, 1]",out_of_bounds,left down down down left,left down down down left 
4415,False,False,False,8,1,"[5, 3]",obstacle,left down down left left up up right,left down down left left up up right 
4417,False,False,False,8,1,"[5, 0]",out_of_bounds,left left left up up up left left,left left left up up up left left 
4418,False,False,False,6,4,"[2, 3]",obstacle,left left left down down left,left left left down down left 
4419,False,False,False,6,4,"[2, 3]",obstacle,up up left up left left,up up left up left left 
4420,False,False,False,8,2,"[2, 5]",obstacle,down left down down right right up left,down left down down right right up left 
4421,False,False,False,7,3,"[1, 5]",obstacle,up up left up left left left,up up left up left left left 
4422,False,False,False,6,2,"[2, 3]",obstacle,left up up left left left,left up up left left left 
4423,False,True,False,3,1,"[4, 2]",,down down left,down down left 
4424,False,False,False,7,2,"[5, 0]",out_of_bounds,left left left up up up left,left left left up up up left 
4425,False,False,False,7,5,"[0, 3]",obstacle,left down left down down down left,left down left down down down left 
4426,False,False,False,8,7,"[0, 0]",out_of_bounds,left left down left down down down left,left left down left down down down left 
4427,False,False,False,7,6,"[1, 4]",obstacle,left up up right right right down,left up up right right right down 
4428,False,False,False,6,4,"[1, 1]",obstacle,left left down down down left,left left down down down left 
4430,False,False,False,6,3,"[2, 0]",out_of_bounds,left left left down down left,left left left down down left 
4431,False,False,False,7,9,"[4, 0]",out_of_bounds,left up up left left left right,left up up left left left right 
4432,False,False,False,9,8,"[1, 1]",obstacle,up up up up left left left right right,up up up up left left left right right 
4433,False,False,False,7,2,"[1, 2]",obstacle,up up left up left left left,up up left up left left left 
4435,False,True,False,7,3,"[4, 1]",,left left down left down down right,left left down left down down right 
4436,False,False,False,6,3,"[2, 0]",out_of_bounds,left left down down left left,left left down down left left 
4437,False,False,False,7,6,"[3, 2]",obstacle,left left up up right right right,left left up up right right right 
4438,False,False,False,6,4,"[2, 0]",out_of_bounds,left up up left left left,left up up left left left 
4439,False,False,False,8,5,"[2, 0]",out_of_bounds,up up up left left left up left,up up up left left left up left 
4440,False,False,False,0,10,"[0, 4]",invalid_action,,Goal not reachable
4441,False,False,False,8,3,"[2, 4]",obstacle,right up up right right down down left,right up up right right down down left 
4442,False,False,False,5,4,"[0, 4]",obstacle,up up right right down,up up right right down 
4443,False,False,False,9,1,"[1, 2]",obstacle,right up up left left left down down down,right up up left left left down down down 
4444,False,False,False,8,4,"[2, 4]",obstacle,right down right down down left left down,right down right down down left left down 
4445,False,False,False,6,6,"[0, 4]",out_of_bounds,up up left up left left,up up left up left left 
4446,False,False,False,7,1,"[4, 3]",obstacle,left down left down down right down,left down left down down right down 
4447,False,False,False,7,3,"[4, 3]",obstacle,right right down down down right down,right right down down down right down 
4448,False,False,False,9,3,"[0, 4]",out_of_bounds,up up left up up right down down left,up up left up up right down down left 
4449,False,False,False,7,2,"[1, 0]",out_of_bounds,right up up left left up left,right up up left left up left 
4450,False,False,False,7,5,"[4, 1]",obstacle,right down down left left left down,right down down left left left down 
4451,False,False,False,6,6,"[1, 0]",obstacle,up left up up up right,up left up up up right 
4452,False,False,False,7,5,"[0, 1]",obstacle,left left down down down left down,left left down down down left down 
4453,False,False,False,10,8,"[2, 4]",obstacle,right right down down right down right left down down,right right down down right down right left down down 
4454,False,False,False,8,1,"[1, 0]",obstacle,left up up up left left down down,left up up up left left down down 
4455,False,False,False,7,8,"[4, 5]",obstacle,right up up left up left left,right up up left up left left 
4456,False,False,False,8,5,"[1, 0]",obstacle,up up up left up right right down,up up up left up right right down 
4457,False,False,False,9,6,"[2, 5]",obstacle,down left left up up left left left down,down left left up up left left left down 
4458,False,False,False,8,5,"[2, 4]",obstacle,right down down right down down left down,right down down right down down left down 
4459,False,False,False,8,1,"[0, 2]",out_of_bounds,up left up up right right down down,up left up up right right down down 
4460,False,False,False,8,2,"[4, 3]",obstacle,right down right down down left left down,right down right down down left left down 
4461,False,False,False,8,1,"[5, 2]",out_of_bounds,right down down down left left left down,right down down down left left left down 
4462,False,False,False,7,5,"[0, 1]",out_of_bounds,left left up up up right right,left left up up up right right 
4463,False,False,False,7,1,"[0, 2]",out_of_bounds,left up up left up up right,left up up left up up right 
4464,False,False,False,7,4,"[2, 4]",obstacle,right down right down down left down,right down right down down left down 
4465,False,True,False,9,2,"[2, 1]",,right up up left left left down down left,right up up left left left down down left 
4466,False,False,False,7,5,"[4, 1]",obstacle,up left up up up left left,up left up up up left left 
4467,False,False,False,7,8,"[4, 4]",obstacle,up left up up up left up,up left up up up left up 
4468,False,False,False,10,1,"[0, 2]",out_of_bounds,left up up up right right right down down left,left up up up right right right down down left 
4469,False,False,False,7,10,"[4, 3]",obstacle,up left left up up up right,up left left up up up right 
4470,False,False,False,8,6,"[2, 1]",obstacle,up right up up up right right right,up right up up up right right right 
4471,False,False,False,8,7,"[3, 3]",obstacle,up up left up up up left left,up up left up up up left left 
4473,False,False,False,6,5,"[3, 5]",obstacle,up left up up left left,up left up up left left 
4474,False,False,False,8,7,"[3, 5]",obstacle,up left up up left left left right,up left up up left left left right 
4475,False,False,False,8,6,"[0, 1]",obstacle,up left up up up left left left,up left up up up left left left 
4476,False,False,False,8,5,"[0, 1]",obstacle,up left up up up left left left,up left up up up left left left 
4477,False,False,False,7,4,"[2, 1]",obstacle,up up right right right down right,up up right right right down right 
4480,False,False,False,8,4,"[3, 0]",obstacle,up up left up up right right right,up up left up up right right right 
4481,False,False,False,8,5,"[0, 2]",out_of_bounds,up up up right right right down right,up up up right right right down right 
4482,False,False,False,9,3,"[0, 3]",out_of_bounds,up up right right right down right down down,up up right right right down right down down 
4483,False,False,False,7,2,"[0, 4]",obstacle,up up right right right down right,up up right right right down right 
4484,False,False,False,9,6,"[3, 5]",obstacle,up left up up right right right up right,up left up up right right right up right 
4485,False,True,False,7,3,"[0, 1]",,up left up up up left left,up left up up up left left 
4487,False,True,False,7,2,"[0, 1]",,up left up up up left left,up left up up up left left 
4489,False,False,False,9,5,"[0, 1]",obstacle,down down left down down right right right down,down down left down down right right right down 
4490,False,False,False,6,6,"[2, 4]",obstacle,up left up up left left,up left up up left left 
4491,False,False,False,8,2,"[0, 1]",obstacle,up left up up up left left left,up left up up up left left left 
4492,False,False,False,8,3,"[0, 4]",obstacle,right right right down down down right down,right right right down down down right down 
4494,False,False,False,8,2,"[0, 1]",obstacle,up left up up up left left left,up left up up up left left left 
4495,False,False,False,5,7,"[4, 2]",obstacle,up up left up up,up up left up up 
4498,False,False,False,8,2,"[4, 2]",obstacle,up up up up right right right down,up up up up right right right down 
4499,False,False,False,8,1,"[0, 1]",obstacle,up left up up up left left left,up left up up up left left left 
