idx,success,feasible,optimal,action_count,optimal_length,end,error,actions,prediction
0,True,True,True,6,6,"[1, 2]",,up up up up right right,up up up up right right 
1,False,True,False,7,7,"[2, 2]",,up up up up down left left,up up up up down left left 
2,False,False,False,5,5,"[0, 6]",out_of_bounds,up up up up right,up up up up right 
3,False,True,False,1,2,"[5, 0]",,up,up 
4,True,True,True,6,6,"[0, 3]",,up up up up right right,up up up up right right 
5,True,True,True,4,4,"[0, 4]",,up up up left,up up up left 
6,True,True,True,5,5,"[0, 3]",,up up up up right,up up up up right 
7,False,True,False,4,5,"[5, 4]",,up right right right,up right right right 
8,False,True,False,6,7,"[3, 1]",,left left left down down down,left left left down down down 
9,False,True,False,3,5,"[3, 2]",,up up up,up up up 
10,False,True,False,3,5,"[4, 6]",,down down down,down down down 
11,True,True,True,2,2,"[2, 2]",,up right,up right 
12,False,True,False,1,2,"[5, 2]",,down,down 
13,False,True,False,3,5,"[4, 3]",,right right right,right right right 
14,True,True,True,4,4,"[2, 3]",,up right right right,up right right right 
15,False,True,False,4,6,"[2, 4]",,up right right right,up right right right 
16,False,True,False,4,6,"[4, 4]",,right right right down,right right right down 
17,True,True,False,5,3,"[2, 6]",,left up up up right,left up up up right 
18,True,True,True,7,7,"[2, 0]",,up up up left left left left,up up up left left leftleft 
19,True,True,True,4,4,"[3, 1]",,up up left left,up up left left 
20,False,True,False,2,3,"[4, 5]",,right down,right down 
21,False,True,False,4,5,"[3, 3]",,left down down down,left down down down 
22,True,True,True,6,6,"[1, 2]",,up up up up left left,up up up up left left 
23,False,True,False,8,10,"[4, 5]",,right right down down down right down right,right right down down down right down right 
24,False,True,False,5,6,"[4, 1]",,left left down down down,left left down down down 
25,False,True,False,4,6,"[3, 2]",,left left left left,left left left left 
26,False,True,False,3,4,"[5, 1]",,left down down,left down down 
27,True,True,True,6,6,"[5, 0]",,left left left down down down,left left left down down down 
28,False,True,False,6,8,"[5, 4]",,right right right right down down,right right right right down down 
29,True,True,True,3,3,"[4, 5]",,right right down,right right down 
30,False,True,False,1,1,"[4, 5]",,up,up 
31,False,True,False,2,3,"[0, 4]",,left left,left left 
32,False,True,False,3,5,"[4, 4]",,up right right,up right right 
33,False,True,False,3,4,"[3, 4]",,left left down,left left down 
34,True,True,True,4,4,"[1, 0]",,left left left left,left left left left 
35,True,True,True,2,2,"[4, 2]",,left down,left down 
36,False,True,False,6,7,"[3, 4]",,right right right down down down,right right right down down down 
37,False,True,False,3,4,"[2, 4]",,left left down,left left down 
38,True,True,True,1,1,"[1, 2]",,up,up 
39,False,True,False,2,4,"[4, 4]",,up up,up up 
40,True,True,True,2,2,"[2, 2]",,left left,left left 
41,False,True,False,2,4,"[5, 6]",,down down,down down 
42,True,True,True,4,4,"[5, 2]",,left left left down,left left left down 
43,True,True,True,4,4,"[4, 0]",,down down down down,down down down down 
44,True,True,True,3,3,"[0, 2]",,up left left,up left left 
45,False,False,False,8,8,"[3, 1]",obstacle,left left left left down down down left,left left left left down down down left 
46,False,True,False,8,10,"[3, 2]",,up up up left left left right left,up up up left left left right left 
47,True,True,True,3,3,"[4, 4]",,left down down,left down down 
48,False,True,False,4,6,"[2, 3]",,up up up up,up up up up 
49,True,True,True,3,3,"[3, 1]",,down down down,down down down 
50,True,True,True,5,5,"[0, 1]",,up up up left left,up up up left left 
51,False,True,False,4,5,"[6, 2]",,left left left left,left left left left 
52,False,True,False,1,2,"[6, 5]",,left,left 
53,False,True,False,3,4,"[1, 4]",,left left down,left left down 
54,True,True,True,7,7,"[0, 1]",,up up up up left left left,up up up up left left left 
55,True,True,True,4,4,"[3, 3]",,left down down down,left down down down 
56,False,True,False,4,5,"[1, 5]",,up up up right,up up up right 
57,True,True,True,2,2,"[4, 2]",,right down,right down 
58,False,True,False,2,4,"[4, 6]",,up up,up up 
59,True,True,True,3,3,"[2, 5]",,up right right,up right right 
60,False,True,False,5,7,"[5, 4]",,right right right down down,right right right down down 
61,False,True,False,4,6,"[5, 3]",,up left left left,up left left left 
62,False,True,False,5,6,"[4, 4]",,left left down down down,left left down down down 
63,True,True,True,5,5,"[2, 2]",,left left down left down,left left down left down 
64,True,True,True,4,4,"[5, 1]",,left left left left,left left left left 
65,False,True,False,6,9,"[5, 4]",,right right right right down down,right right right right down down 
66,False,True,False,3,4,"[5, 1]",,left left left,left left left 
67,True,True,True,1,1,"[3, 0]",,down,down 
68,False,True,False,2,3,"[5, 3]",,up right,up right 
69,True,True,True,4,4,"[4, 4]",,right right down down,right right down down 
70,True,True,True,4,4,"[1, 4]",,up up up left,up up up left 
71,True,True,True,4,4,"[3, 5]",,right right right down,right right right down 
72,True,True,True,4,4,"[2, 1]",,up up up right,up up up right 
73,False,True,False,4,7,"[4, 2]",,left left left left,left left left left 
74,False,True,False,7,8,"[4, 4]",,down right right right down down down,down right right right down down down 
75,False,True,False,2,3,"[5, 2]",,right right,right right 
76,False,True,False,5,6,"[5, 3]",,right right right down down,right right right down down 
77,False,True,False,2,3,"[4, 5]",,up right,up right 
78,False,False,False,9,10,"[0, 3]",obstacle,up up up up left left left up left,up up up up left left left up left 
79,True,True,True,3,3,"[4, 5]",,right down down,right down down 
80,True,True,True,6,6,"[5, 5]",,right right right right right down,right right right rightright down 
81,False,True,False,2,4,"[4, 3]",,down down,down down 
82,True,True,True,4,4,"[4, 1]",,down down down down,down down down down 
83,True,True,True,3,3,"[0, 4]",,up up left,up up left 
84,True,True,True,5,5,"[2, 1]",,up up up left left,up up up left left 
85,True,True,True,5,5,"[3, 1]",,left left left down down,left left left down down 
86,False,True,False,2,3,"[5, 3]",,up right,up right 
87,False,True,False,4,6,"[3, 4]",,left down down down,left down down down 
88,False,True,False,4,6,"[3, 1]",,up up up right,up up up right 
89,False,True,False,7,8,"[4, 3]",,left left down left down down down,left left down left down down down 
90,True,True,True,3,3,"[0, 2]",,left left left,left left left 
91,True,True,True,6,6,"[4, 1]",,left left left down left down,left left left down left down 
92,False,True,False,5,7,"[4, 1]",,left down down left down,left down down left down 
93,False,True,False,5,7,"[3, 5]",,up up up right right,up up up right right 
94,False,True,False,4,5,"[3, 3]",,up up up right,up up up right 
95,False,True,False,2,3,"[6, 4]",,right right,right right 
96,False,True,False,5,8,"[3, 3]",,left left down down down,left left down down down 
97,False,True,False,10,9,"[5, 1]",,left left left left down down down right down down,left left left left down down down right down down 
98,True,True,False,7,5,"[0, 3]",,up up up up right up left,up up up up right up left 
99,False,True,False,2,4,"[3, 4]",,right right,right right 
100,False,True,False,4,7,"[5, 4]",,right right down down,right right down down 
101,True,True,True,5,5,"[2, 4]",,up up up right right,up up up right right 
102,False,True,False,4,5,"[4, 4]",,right down down down,right down down down 
103,False,True,False,6,8,"[4, 5]",,right right right down down down,right right right down down down 
104,False,True,False,3,5,"[4, 6]",,down down down,down down down 
105,True,True,True,2,2,"[1, 1]",,left down,left down 
106,True,True,True,5,5,"[2, 2]",,up up left left left,up up left left left 
107,False,True,False,3,4,"[5, 5]",,left down down,left down down 
108,True,True,True,5,5,"[2, 5]",,up up up right right,up up up right right 
109,False,True,False,4,6,"[5, 3]",,up left left left,up left left left 
110,True,True,True,3,3,"[6, 3]",,right right right,right right right 
111,True,True,True,2,2,"[0, 4]",,up up,up up 
112,False,True,False,4,6,"[3, 3]",,up right right right,up right right right 
113,True,True,True,4,4,"[4, 1]",,left left left down,left left left down 
114,False,True,False,2,4,"[4, 6]",,up up,up up 
115,True,True,True,4,4,"[4, 0]",,down left left down,down left left down 
116,True,True,True,4,4,"[5, 3]",,right down down down,right down down down 
117,True,True,True,6,6,"[2, 2]",,up up up left left left,up up up left left left 
118,False,True,False,4,6,"[4, 2]",,down right right down,down right right down 
119,False,True,False,2,4,"[2, 4]",,right right,right right 
120,False,True,False,7,8,"[1, 5]",,up up up up right right up,up up up up right right up 
121,False,True,False,5,5,"[2, 2]",,up right right right left,up right right right left 
122,True,True,True,3,3,"[3, 5]",,down down down,down down down 
123,False,True,False,4,6,"[4, 4]",,down down down left,down down down left 
124,False,True,False,5,8,"[3, 5]",,right right down down down,right right down down down 
125,False,True,False,8,10,"[1, 3]",,up up up up left left up left,up up up up left left up left 
126,True,True,True,1,1,"[5, 5]",,right,right 
127,False,True,False,9,9,"[4, 4]",,right right right right down right down down left,right right right right down right down down left 
128,False,True,False,3,4,"[5, 4]",,down right down,down right down 
129,False,True,False,2,2,"[4, 0]",,up left,up left 
130,True,True,True,4,4,"[3, 0]",,left left left down,left left left down 
131,False,True,False,3,5,"[5, 4]",,up left left,up left left 
132,False,True,False,2,4,"[5, 4]",,right down,right down 
133,True,True,True,3,3,"[3, 2]",,left down down,left down down 
134,True,True,True,3,3,"[1, 4]",,up up left,up up left 
135,True,True,True,4,4,"[4, 2]",,left down down down,left down down down 
136,False,True,False,8,9,"[5, 4]",,right right right down down down right down,right right right down down down right down 
137,True,True,True,1,1,"[3, 5]",,up,up 
138,True,True,True,7,7,"[0, 2]",,up left up up up left up,up left up up up left up 
139,False,True,False,5,6,"[1, 5]",,up right up up up,up right up up up 
140,True,True,True,6,6,"[0, 3]",,up up up right right right,up up up right right right 
141,True,True,True,4,4,"[1, 2]",,up up up up,up up up up 
142,True,True,True,5,5,"[1, 2]",,up up up right right,up up up right right 
143,False,True,False,5,6,"[4, 5]",,up right right right up,up right right right up 
144,False,True,False,1,2,"[3, 6]",,up,up 
145,False,True,False,5,8,"[3, 3]",,right right down down down,right right down down down 
146,True,True,True,7,7,"[1, 1]",,up up up left left left left,up up up left left leftleft 
147,True,True,True,5,5,"[6, 5]",,right right right right right,right right right rightright 
148,False,True,False,1,2,"[3, 1]",,up,up 
149,False,False,False,4,4,"[6, 1]",out_of_bounds,left left left down,left left left down 
150,True,True,True,2,2,"[2, 2]",,up left,up left 
151,False,True,False,4,6,"[3, 3]",,up left left left,up left left left 
152,True,True,True,4,4,"[3, 4]",,right down down down,right down down down 
153,True,True,True,3,3,"[3, 3]",,down down down,down down down 
154,True,True,True,4,4,"[0, 4]",,up up up left,up up up left 
155,False,False,False,4,6,"[4, 1]",obstacle,up up right right,up up right right 
156,False,True,False,7,11,"[4, 4]",,right right right right down down down,right right right right down down down 
157,False,True,False,1,2,"[6, 3]",,right,right 
158,True,True,True,2,2,"[1, 5]",,up up,up up 
159,True,True,True,2,2,"[1, 3]",,up up,up up 
160,True,True,True,5,5,"[5, 1]",,left left down down down,left left down down down 
161,False,True,False,2,3,"[1, 5]",,left down,left down 
162,False,True,False,4,5,"[2, 4]",,left left down down,left left down down 
163,False,True,False,1,2,"[4, 6]",,down,down 
164,True,True,True,4,4,"[5, 0]",,left left down down,left left down down 
165,False,False,False,5,6,"[4, 3]",obstacle,left left left left down,left left left left down 
166,True,True,True,5,5,"[5, 2]",,left down down down left,left down down down left 
167,False,True,False,2,4,"[5, 4]",,right right,right right 
168,True,True,True,3,3,"[3, 2]",,right down down,right down down 
169,True,True,True,3,3,"[3, 2]",,right down down,right down down 
170,False,True,False,7,8,"[5, 5]",,right right right right right down down,right right right rightright down down 
171,False,True,False,2,3,"[5, 0]",,up left,up left 
172,False,True,False,5,7,"[3, 3]",,left left down down down,left left down down down 
173,False,True,False,7,11,"[4, 4]",,right right right right down down down,right right right right down down down 
174,False,True,False,8,9,"[1, 0]",,up up up up left left up left,up up up up left left up left 
175,False,True,False,3,4,"[4, 4]",,up up right,up up right 
176,False,False,False,7,6,"[4, 1]",obstacle,up right right right down right right,up right right right down right right 
177,True,True,True,5,5,"[5, 1]",,left left down left left,left left down left left 
178,False,True,False,2,3,"[1, 5]",,up left,up left 
179,True,True,True,6,6,"[5, 5]",,right right right right down down,right right right right down down 
180,False,True,False,5,7,"[2, 5]",,up up up up right,up up up up right 
181,False,True,False,5,8,"[2, 3]",,up up right right right,up up right right right 
182,True,True,True,4,4,"[5, 3]",,down down down down,down down down down 
183,True,True,True,4,4,"[4, 2]",,down left down down,down left down down 
184,False,True,False,3,5,"[5, 5]",,left down down,left down down 
185,False,True,False,1,2,"[5, 2]",,left,left 
186,False,True,False,4,5,"[3, 3]",,up up up right,up up up right 
187,False,True,False,4,6,"[2, 3]",,up left left left,up left left left 
188,True,True,True,3,3,"[2, 3]",,right down down,right down down 
189,False,True,False,3,4,"[4, 4]",,up up left,up up left 
190,False,True,False,6,10,"[4, 4]",,right right right right down down,right right right right down down 
191,True,True,True,2,2,"[0, 2]",,up right,up right 
192,True,True,True,2,2,"[4, 2]",,down down,down down 
193,False,True,False,7,7,"[0, 2]",,up up left left left right left,up up left left left right left 
194,True,True,True,5,5,"[3, 0]",,left left down down down,left left down down down 
195,False,True,False,7,8,"[2, 3]",,up up left left left right left,up up left left left right left 
196,False,True,False,7,8,"[5, 1]",,left left left left left down down,left left left leftleft down down 
197,True,True,True,3,3,"[5, 3]",,right right right,right right right 
198,False,True,False,2,3,"[5, 2]",,right down,right down 
199,True,True,True,5,5,"[3, 1]",,left down left left down,left down left left down 
200,False,True,False,4,8,"[3, 5]",,right down down down,right down down down 
201,False,True,False,3,4,"[5, 4]",,up right right,up right right 
202,True,True,True,2,2,"[1, 0]",,left down,left down 
203,True,True,True,5,5,"[4, 2]",,right down right down down,right down right down down 
204,True,True,True,2,2,"[6, 5]",,right right,right right 
205,False,True,False,2,3,"[5, 4]",,up left,up left 
206,True,True,True,4,4,"[4, 4]",,up right right right,up right right right 
207,False,True,False,3,5,"[5, 4]",,right down down,right down down 
208,False,True,False,8,8,"[0, 2]",,up up up left left left right left,up up up left left left right left 
209,True,True,True,5,5,"[2, 5]",,up up up right right,up up up right right 
210,False,True,False,5,6,"[4, 3]",,up up right right right,up up right right right 
211,True,True,True,2,2,"[3, 3]",,up right,up right 
212,False,True,False,3,4,"[2, 5]",,right down down,right down down 
213,True,True,True,4,4,"[4, 5]",,right down down down,right down down down 
214,True,True,True,4,4,"[3, 1]",,left left down down,left left down down 
215,True,True,True,1,1,"[0, 3]",,left,left 
216,False,False,False,8,9,"[3, 4]",obstacle,right right right down down down right down,right right right down down down right down 
217,True,True,True,3,3,"[3, 0]",,up left left,up left left 
218,True,True,True,5,5,"[4, 2]",,left left left down down,left left left down down 
219,False,True,False,9,9,"[0, 2]",,up up up up left left left right left,up up up up left left left right left 
220,True,True,True,3,3,"[1, 1]",,up up right,up up right 
221,True,True,True,3,3,"[3, 0]",,left left left,left left left 
222,True,True,True,2,2,"[3, 1]",,right down,right down 
223,True,True,True,4,4,"[2, 4]",,right right right right,right right right right 
224,True,True,True,3,3,"[0, 5]",,right right right,right right right 
225,False,True,False,7,8,"[5, 2]",,left left left left down down down,left left left left down down down 
226,False,True,False,4,6,"[1, 3]",,up left left left,up left left left 
227,True,True,True,3,3,"[5, 4]",,right right right,right right right 
228,True,True,True,3,3,"[4, 3]",,right right down,right right down 
229,False,False,False,5,8,"[3, 4]",obstacle,right right right down down,right right right down down 
230,False,True,False,2,3,"[3, 2]",,up left,up left 
231,True,True,False,9,7,"[0, 2]",,left up up up right up up left left,left up up up right up up left left 
232,False,True,False,4,6,"[3, 5]",,right down down down,right down down down 
233,True,True,True,1,1,"[6, 3]",,left,left 
234,True,True,True,2,2,"[2, 2]",,left down,left down 
235,False,True,False,3,4,"[5, 5]",,down down left,down down left 
236,False,True,False,6,7,"[4, 2]",,left left left down down down,left left left down down down 
237,False,True,False,2,3,"[0, 4]",,left left,left left 
238,True,True,True,3,3,"[3, 1]",,right down down,right down down 
239,False,False,False,3,4,"[4, 3]",obstacle,up up right,up up right 
240,True,True,True,5,5,"[2, 1]",,left left up left left,left left up left left 
241,False,True,False,3,5,"[3, 4]",,right down right,right down right 
242,True,True,True,4,4,"[5, 4]",,right right down down,right right down down 
243,False,True,False,6,7,"[2, 2]",,up left up left left left,up left up left left left 
244,True,True,False,7,5,"[5, 0]",,left left left left up left down,left left left left up left down 
245,True,True,True,5,5,"[5, 3]",,right right down down down,right right down down down 
246,True,True,True,2,2,"[1, 2]",,right down,right down 
247,True,True,True,3,3,"[5, 3]",,down down down,down down down 
248,True,True,True,4,4,"[1, 4]",,up right right right,up right right right 
249,True,True,True,4,4,"[6, 0]",,left left left left,left left left left 
250,True,True,True,4,4,"[5, 3]",,right right right down,right right right down 
251,False,True,False,9,10,"[4, 0]",,left left left left down down down left down,left left left left down down down left down 
252,False,True,False,1,1,"[1, 4]",,left,left 
253,False,True,False,7,9,"[0, 4]",,up up up up right right right,up up up up right right right 
254,False,True,False,3,4,"[6, 2]",,left left left,left left left 
255,False,True,False,3,4,"[5, 0]",,up left left,up left left 
256,False,True,False,5,8,"[3, 2]",,right right down down down,right right down down down 
257,True,True,True,5,5,"[1, 0]",,left left left left down,left left left left down 
258,False,True,False,5,6,"[4, 1]",,left left down down down,left left down down down 
259,False,True,False,5,7,"[0, 4]",,left up up up left,left up up up left 
260,False,True,False,6,5,"[4, 5]",,down left down down right down,down left down down right down 
261,False,True,False,2,3,"[4, 3]",,up up,up up 
262,False,True,False,5,6,"[2, 2]",,left up left left left,left up left left left 
263,True,True,True,4,4,"[0, 3]",,up up right right,up up right right 
264,True,True,True,4,4,"[4, 0]",,left left left down,left left left down 
265,False,True,False,3,4,"[3, 5]",,up up right,up up right 
266,False,True,False,6,7,"[3, 5]",,right right right right up right,right right right right up right 
267,True,True,True,3,3,"[4, 5]",,up right right,up right right 
268,True,True,True,3,3,"[2, 2]",,up left left,up left left 
269,False,True,False,1,1,"[1, 4]",,left,left 
270,True,True,True,1,1,"[4, 4]",,up,up 
271,False,True,False,1,2,"[5, 5]",,up,up 
272,True,True,True,4,4,"[1, 2]",,up up up right,up up up right 
273,True,True,True,5,5,"[4, 5]",,right right right right right,right right right rightright 
274,False,True,False,6,7,"[4, 3]",,right right right down down down,right right right down down down 
275,True,True,True,4,4,"[6, 4]",,right right right right,right right right right 
276,True,True,True,7,7,"[3, 5]",,right right right right right down down,right right right rightright down down 
277,False,True,False,5,9,"[4, 3]",,up up left left left,up up left left left 
278,False,True,False,7,8,"[5, 3]",,left left left left right down down,left left left left right down down 
279,True,True,True,3,3,"[1, 3]",,down left left,down left left 
280,True,True,True,6,6,"[0, 4]",,up up up up right up,up up up up right up 
281,False,True,False,6,8,"[4, 2]",,left left left down down down,left left left down down down 
282,True,True,True,6,6,"[5, 0]",,left left left left down down,left left left left down down 
283,False,True,False,7,8,"[1, 4]",,up up up up right right up,up up up up right right up 
284,True,True,True,2,2,"[6, 5]",,right right,right right 
285,True,True,True,2,2,"[1, 1]",,up right,up right 
286,False,True,False,6,8,"[4, 1]",,left left left down down down,left left left down down down 
287,True,True,True,3,3,"[2, 3]",,left left down,left left down 
288,False,True,False,2,3,"[2, 5]",,up right,up right 
289,False,True,False,5,7,"[2, 4]",,up up up right right,up up up right right 
290,False,True,False,2,3,"[5, 4]",,up right,up right 
291,False,True,False,8,10,"[1, 2]",,up up up up left left up left,up up up up left left up left 
292,False,True,False,5,7,"[3, 4]",,up up up right right,up up up right right 
293,True,True,True,2,2,"[2, 3]",,down down,down down 
294,True,True,True,3,3,"[2, 1]",,right down down,right down down 
295,False,True,False,2,3,"[6, 5]",,right right,right right 
296,True,True,True,3,3,"[3, 0]",,down down down,down down down 
297,True,True,True,4,4,"[0, 4]",,up up up up,up up up up 
298,True,True,True,4,4,"[1, 1]",,up up up up,up up up up 
299,True,True,True,5,5,"[2, 4]",,right right right down down,right right right down down 
300,False,True,False,1,1,"[5, 4]",,left,left 
301,True,True,True,3,3,"[1, 1]",,up up up,up up up 
302,True,True,True,5,5,"[3, 4]",,right right right down down,right right right down down 
303,False,False,False,3,3,"[0, 6]",out_of_bounds,up up right,up up right 
304,False,True,False,2,4,"[0, 4]",,right right,right right 
305,False,True,False,4,7,"[3, 0]",,left down down down,left down down down 
306,True,True,True,6,6,"[0, 2]",,up up up up left left,up up up up left left 
307,True,True,True,7,7,"[1, 1]",,up up up up left left left,up up up up left left left 
308,True,True,True,3,3,"[1, 1]",,up up right,up up right 
309,True,True,True,2,2,"[5, 4]",,right down,right down 
310,False,True,False,2,4,"[4, 3]",,down down,down down 
311,False,True,False,10,11,"[1, 2]",,left up up up left up up right left left,left up up up left up up right left left 
312,False,True,False,4,6,"[3, 4]",,right right down down,right right down down 
313,True,True,True,3,3,"[0, 4]",,up up up,up up up 
314,True,True,True,4,4,"[3, 1]",,left left left down,left left left down 
315,True,True,True,3,3,"[5, 3]",,right right right,right right right 
316,True,True,True,7,7,"[0, 5]",,up up up up right right up,up up up up right right up 
317,True,True,True,3,3,"[2, 5]",,right down down,right down down 
318,True,True,True,3,3,"[5, 4]",,left down down,left down down 
319,True,True,True,6,6,"[1, 3]",,up up up right right right,up up up right right right 
320,False,True,False,5,8,"[1, 3]",,up up right right right,up up right right right 
321,False,True,False,2,3,"[3, 3]",,up right,up right 
322,True,True,True,3,3,"[5, 3]",,right right down,right right down 
323,False,True,False,4,6,"[4, 2]",,up up left left,up up left left 
324,True,True,True,3,3,"[5, 1]",,left left down,left left down 
325,False,True,False,2,3,"[3, 5]",,right down,right down 
326,False,True,False,2,3,"[5, 3]",,right right,right right 
327,True,True,True,3,3,"[6, 1]",,left left left,left left left 
328,False,True,False,5,5,"[2, 2]",,up right right right left,up right right right left 
329,True,True,True,2,2,"[0, 6]",,up up,up up 
330,False,True,False,5,7,"[1, 3]",,up up right right right,up up right right right 
331,True,True,True,4,4,"[4, 0]",,up left left left,up left left left 
332,True,True,True,2,2,"[2, 3]",,right right,right right 
333,False,True,False,5,7,"[4, 1]",,up up left left left,up up left left left 
334,True,True,True,3,3,"[0, 3]",,up up up,up up up 
335,True,True,True,3,3,"[2, 2]",,left left left,left left left 
336,False,True,False,8,7,"[2, 4]",,up up up right right right down right,up up up right right right down right 
337,False,True,False,2,3,"[5, 2]",,right right,right right 
338,False,True,False,2,3,"[2, 4]",,left left,left left 
339,True,True,True,4,4,"[0, 2]",,up up up right,up up up right 
340,False,True,False,4,5,"[0, 6]",,up up up up,up up up up 
341,True,True,True,6,6,"[0, 5]",,up up up up right up,up up up up right up 
342,True,True,True,2,2,"[2, 0]",,up left,up left 
343,False,False,False,10,10,"[0, 4]",out_of_bounds,up up up up right up right right right up,up up up up right up right right right up 
344,False,True,False,5,7,"[2, 2]",,up up up up left,up up up up left 
345,False,True,False,3,5,"[4, 1]",,left left left,left left left 
346,False,True,False,5,6,"[3, 3]",,left left down down down,left left down down down 
347,True,True,True,4,4,"[2, 5]",,right right down down,right right down down 
348,True,True,True,4,4,"[2, 5]",,up up right right,up up right right 
349,True,True,True,4,4,"[3, 5]",,up right right right,up right right right 
350,False,True,False,4,7,"[3, 5]",,up up up right,up up up right 
351,False,True,False,6,7,"[4, 4]",,right right right down down down,right right right down down down 
352,False,True,False,3,5,"[4, 3]",,right down down,right down down 
353,True,True,True,3,3,"[1, 3]",,right right down,right right down 
354,True,True,True,3,3,"[4, 2]",,up left left,up left left 
355,False,True,False,4,5,"[3, 1]",,up left left left,up left left left 
356,True,True,True,4,4,"[3, 3]",,up right right right,up right right right 
357,False,True,False,7,8,"[1, 1]",,up up up up left left up,up up up up left left up 
358,False,True,False,6,7,"[4, 2]",,left left left down down down,left left left down down down 
359,False,True,False,2,2,"[5, 4]",,left down,left down 
360,True,True,True,4,4,"[4, 0]",,up left left left,up left left left 
361,False,True,False,3,4,"[1, 6]",,up up up,up up up 
362,False,True,False,7,9,"[4, 5]",,right right right right down down down,right right right right down down down 
363,True,True,True,2,2,"[2, 4]",,down down,down down 
364,True,True,True,4,4,"[3, 2]",,left left down down,left left down down 
365,False,True,False,4,6,"[4, 0]",,left down down down,left down down down 
366,False,True,False,4,5,"[2, 5]",,up up up left,up up up left 
367,False,True,False,6,10,"[3, 3]",,left left left down down down,left left left down down down 
368,False,True,False,7,6,"[1, 5]",,up up right right right down right,up up right right right down right 
369,True,True,True,1,1,"[2, 2]",,left,left 
370,True,True,True,7,7,"[0, 3]",,up right up up up right up,up right up up up right up 
371,True,True,True,1,1,"[0, 1]",,up,up 
372,False,True,False,3,4,"[5, 3]",,up left left,up left left 
373,True,True,True,7,7,"[4, 5]",,right right right right down down down,right right right right down down down 
374,False,True,False,1,2,"[5, 0]",,left,left 
375,True,True,True,7,7,"[1, 5]",,up up up up right right right,up up up up right right right 
376,False,True,False,1,3,"[3, 4]",,right,right 
377,False,True,False,4,6,"[4, 2]",,left left down down,left left down down 
378,True,True,True,6,6,"[3, 2]",,left left left down down down,left left left down down down 
379,True,True,True,4,4,"[0, 2]",,up up right right,up up right right 
380,False,True,False,4,5,"[3, 4]",,left down down down,left down down down 
381,False,True,False,2,2,"[3, 4]",,left down,left down 
382,False,True,False,7,8,"[1, 2]",,up up up up right right up,up up up up right right up 
383,False,True,False,4,5,"[0, 4]",,up right right right,up right right right 
384,False,True,False,5,6,"[0, 4]",,up up up left left,up up up left left 
385,True,True,True,3,3,"[5, 5]",,right right right,right right right 
386,False,True,False,6,10,"[3, 4]",,right up up up right right,right up up up right right 
387,True,True,True,5,5,"[0, 2]",,up up up right right,up up up right right 
388,True,True,True,7,7,"[1, 1]",,up up up up left left left,up up up up left left left 
389,True,True,True,1,1,"[2, 2]",,up,up 
390,False,True,False,5,7,"[3, 4]",,left left down down down,left left down down down 
391,True,True,True,1,1,"[6, 3]",,left,left 
392,False,True,False,1,3,"[3, 6]",,up,up 
393,False,True,False,5,6,"[3, 2]",,up up left left left,up up left left left 
394,True,True,True,1,1,"[5, 4]",,right,right 
395,False,True,False,1,2,"[6, 2]",,left,left 
396,True,True,True,1,1,"[1, 3]",,right,right 
397,False,True,False,2,3,"[5, 2]",,up left,up left 
398,False,True,False,4,5,"[3, 4]",,left down down down,left down down down 
399,True,True,True,1,1,"[2, 4]",,right,right 
400,False,True,False,1,2,"[6, 5]",,left,left 
401,True,True,True,6,6,"[0, 2]",,up up up left left left,up up up left left left 
402,False,True,False,6,7,"[4, 5]",,right right right down down down,right right right down down down 
403,False,True,False,2,3,"[6, 1]",,left left,left left 
404,False,True,False,4,6,"[4, 6]",,down down down down,down down down down 
405,False,True,False,1,2,"[6, 4]",,left,left 
406,True,True,True,3,3,"[1, 0]",,left left left,left left left 
407,True,True,True,2,2,"[6, 3]",,right right,right right 
408,True,True,True,2,2,"[2, 3]",,left down,left down 
409,True,True,True,2,2,"[2, 6]",,up up,up up 
410,False,True,False,4,4,"[0, 4]",,up up up left,up up up left 
411,True,True,True,2,2,"[2, 1]",,up right,up right 
412,False,True,False,5,7,"[0, 4]",,up up up up right,up up up up right 
413,False,True,False,7,9,"[4, 4]",,right right right right down down down,right right right right down down down 
414,False,True,False,4,6,"[4, 5]",,down down down down,down down down down 
415,True,True,True,7,7,"[2, 4]",,right up up up right right right,right up up up right right right 
416,True,True,True,4,4,"[1, 4]",,right right right right,right right right right 
417,False,True,False,7,8,"[4, 2]",,left left left left down down down,left left left left down down down 
418,True,True,True,1,1,"[4, 1]",,up,up 
419,False,True,False,4,7,"[3, 1]",,left down down down,left down down down 
420,True,True,True,3,3,"[2, 2]",,up up right,up up right 
421,True,True,True,7,7,"[3, 0]",,left left left left down left down,left left left left down left down 
422,False,True,False,4,6,"[2, 4]",,right right right down,right right right down 
423,False,True,False,4,5,"[3, 1]",,right down down down,right down down down 
424,False,True,False,1,2,"[5, 5]",,left,left 
425,True,True,True,4,4,"[4, 0]",,left left down down,left left down down 
426,True,True,True,4,4,"[2, 2]",,left left left down,left left left down 
427,True,True,True,3,3,"[3, 5]",,up up right,up up right 
428,False,True,False,8,9,"[4, 0]",,left left left down down down left down,left left left down down down left down 
429,True,True,True,4,4,"[3, 2]",,left left left down,left left left down 
430,True,True,True,4,4,"[5, 4]",,right right right right,right right right right 
431,False,True,False,3,4,"[2, 4]",,up left left,up left left 
432,False,True,False,2,3,"[2, 6]",,down down,down down 
433,True,True,True,2,2,"[3, 1]",,left down,left down 
434,False,True,False,5,7,"[2, 5]",,up up up up right,up up up up right 
435,False,True,False,1,1,"[2, 4]",,left,left 
436,False,True,False,2,3,"[4, 4]",,up up,up up 
437,False,True,False,6,6,"[4, 3]",,up right right right left right,up right right right left right 
438,True,True,True,1,1,"[3, 2]",,down,down 
439,True,True,True,1,1,"[4, 0]",,up,up 
440,False,True,False,8,11,"[3, 5]",,right right right right down down right down,right right right right down down right down 
441,True,True,True,1,1,"[2, 6]",,up,up 
442,False,True,False,4,5,"[2, 3]",,up left left left,up left left left 
443,True,True,True,5,5,"[3, 3]",,right right down down down,right right down down down 
444,False,True,False,4,6,"[3, 5]",,left down down down,left down down down 
445,False,True,False,9,10,"[1, 5]",,up up up up right right right up right,up up up up right right right up right 
446,False,True,False,5,6,"[0, 5]",,up up up up left,up up up up left 
447,False,False,False,8,11,"[1, 6]",invalid_action,left left left down left left down down,left left left down left left to down down 
448,True,True,True,2,2,"[3, 4]",,down down,down down 
449,True,True,True,4,4,"[0, 4]",,up up right right,up up right right 
450,True,True,True,2,2,"[3, 0]",,up left,up left 
451,True,True,True,4,4,"[0, 4]",,right right right right,right right right right 
452,False,True,False,4,6,"[4, 3]",,down left down down,down left down down 
453,False,True,False,3,4,"[6, 4]",,right right right,right right right 
454,True,True,True,3,3,"[5, 2]",,down down down,down down down 
455,False,True,False,3,4,"[3, 2]",,up left left,up left left 
456,False,True,False,5,6,"[3, 2]",,left left down down down,left left down down down 
457,True,True,True,7,7,"[5, 5]",,right right right right down down down,right right right right down down down 
458,True,True,True,5,5,"[2, 5]",,up up right right right,up up right right right 
459,False,True,False,2,4,"[4, 0]",,down down,down down 
460,True,True,True,6,6,"[1, 2]",,up up up up right right,up up up up right right 
461,True,True,True,7,7,"[0, 1]",,up up up up left left left,up up up up left left left 
462,False,True,False,3,5,"[3, 4]",,up right right,up right right 
463,False,True,False,4,6,"[0, 3]",,up left left left,up left left left 
464,False,True,False,7,8,"[3, 5]",,right right right right down down down,right right right right down down down 
465,False,False,False,5,6,"[0, 3]",obstacle,left left left down down,left left left down down 
466,False,True,False,5,6,"[3, 5]",,up up up right right,up up up right right 
467,True,True,True,7,7,"[2, 5]",,right right right right right down down,right right right rightright down down 
468,True,True,True,2,2,"[4, 3]",,right right,right right 
469,False,True,False,6,7,"[3, 0]",,up up up left left left,up up up left left left 
470,False,True,False,2,3,"[4, 5]",,right down,right down 
471,True,True,True,1,1,"[0, 4]",,up,up 
472,True,True,True,4,4,"[5, 0]",,down down down down,down down down down 
473,False,True,False,6,6,"[4, 2]",,up left left left right left,up left left left right left 
474,False,True,False,2,3,"[5, 4]",,left left,left left 
475,False,True,False,3,4,"[5, 3]",,left down down,left down down 
476,False,True,False,4,6,"[4, 1]",,right down down down,right down down down 
477,True,True,True,2,2,"[3, 3]",,up up,up up 
478,False,True,False,3,4,"[5, 4]",,up right right,up right right 
479,False,True,False,4,6,"[0, 4]",,up up right right,up up right right 
480,False,True,False,6,7,"[1, 0]",,up up up up left up,up up up up left up 
481,False,True,False,7,8,"[1, 2]",,up up up up right right up,up up up up right right up 
482,True,True,True,4,4,"[2, 5]",,right right right right,right right right right 
483,True,True,True,4,4,"[5, 0]",,down down down down,down down down down 
484,True,True,True,4,4,"[3, 3]",,right right down down,right right down down 
485,True,True,True,6,6,"[0, 2]",,up up up up left left,up up up up left left 
486,True,True,True,4,4,"[1, 5]",,up up up right,up up up right 
487,False,True,False,1,3,"[0, 4]",,right,right 
488,True,True,True,1,1,"[2, 4]",,left,left 
489,False,True,False,7,8,"[1, 4]",,up up up up right right up,up up up up right right up 
490,True,True,True,3,3,"[1, 1]",,up left left,up left left 
491,False,True,False,7,8,"[3, 3]",,left left left left right down down,left left left left right down down 
492,False,True,False,3,4,"[5, 3]",,left left left,left left left 
493,False,True,False,2,3,"[5, 3]",,up left,up left 
494,False,True,False,3,5,"[4, 4]",,up right right,up right right 
495,True,True,True,2,2,"[2, 5]",,up up,up up 
496,True,True,True,5,5,"[3, 5]",,up up right right right,up up right right right 
497,False,True,False,3,4,"[5, 5]",,left down down,left down down 
498,False,True,False,2,3,"[4, 5]",,up up,up up 
499,True,True,True,5,5,"[0, 4]",,up up right right right,up up right right right 
500,True,True,True,5,5,"[3, 4]",,right right right down down,right right right down down 
501,False,True,False,2,3,"[2, 5]",,left down,left down 
502,False,True,False,3,4,"[4, 4]",,up up left,up up left 
503,True,True,True,5,5,"[4, 0]",,left left left down down,left left left down down 
504,False,True,False,1,2,"[5, 3]",,right,right 
505,True,True,True,2,2,"[0, 0]",,up left,up left 
506,True,True,True,6,6,"[5, 4]",,right right right right down down,right right right right down down 
507,False,False,False,4,6,"[5, 6]",out_of_bounds,right up up up,right up up up 
508,False,True,False,4,5,"[3, 0]",,up left left left,up left left left 
509,True,True,True,6,6,"[4, 5]",,right right right right down down,right right right right down down 
510,True,True,True,3,3,"[4, 4]",,up right right,up right right 
511,False,True,False,2,3,"[2, 5]",,right down,right down 
512,False,True,False,4,6,"[2, 3]",,up left left left,up left left left 
513,False,True,False,2,3,"[3, 5]",,up left,up left 
514,False,True,False,4,7,"[3, 4]",,right down down down,right down down down 
515,False,True,False,1,1,"[6, 3]",,left,left 
516,False,True,False,4,5,"[4, 5]",,up up right right,up up right right 
517,True,True,True,7,7,"[0, 1]",,up up up up left left left,up up up up left left left 
518,False,True,False,4,8,"[4, 4]",,right down down down,right down down down 
519,False,True,False,2,4,"[5, 5]",,up right,up right 
520,False,True,False,6,9,"[0, 3]",,up up up right right right,up up up right right right 
521,False,True,False,5,6,"[4, 4]",,up up right right right,up up right right right 
522,True,True,True,5,5,"[2, 4]",,up up up right right,up up up right right 
523,False,True,False,4,5,"[4, 3]",,left down down down,left down down down 
524,False,True,False,3,4,"[1, 6]",,up up up,up up up 
525,False,True,False,1,2,"[6, 4]",,left,left 
526,False,True,False,4,5,"[5, 3]",,left left down down,left left down down 
527,False,True,False,5,6,"[5, 4]",,left left down down down,left left down down down 
528,True,True,True,1,1,"[5, 1]",,down,down 
529,False,True,False,6,7,"[3, 3]",,left left left down down down,left left left down down down 
530,False,True,False,6,6,"[1, 2]",,up left left left right left,up left left left right left 
531,True,True,True,5,5,"[3, 5]",,right right right right down,right right right right down 
532,True,True,True,2,2,"[3, 0]",,down down,down down 
533,True,True,True,4,4,"[1, 1]",,up left left left,up left left left 
534,True,True,True,5,5,"[5, 0]",,left left left down down,left left left down down 
535,False,True,False,3,5,"[4, 4]",,right down down,right down down 
536,False,True,False,5,8,"[2, 3]",,up up right right right,up up right right right 
537,False,True,False,4,6,"[3, 5]",,right down down down,right down down down 
538,False,True,False,3,6,"[5, 4]",,up right right,up right right 
539,False,True,False,3,4,"[6, 4]",,right right right,right right right 
540,False,True,False,3,4,"[5, 3]",,up left left,up left left 
541,False,True,False,4,5,"[4, 6]",,down down down down,down down down down 
542,False,True,False,1,2,"[1, 6]",,up,up 
543,True,True,True,2,2,"[3, 1]",,right down,right down 
544,False,True,False,5,7,"[2, 3]",,up up left left left,up up left left left 
545,True,True,True,1,1,"[2, 4]",,up,up 
546,False,False,False,4,8,"[0, 4]",obstacle,right down down down,right down down down 
547,True,True,True,5,5,"[5, 1]",,left left down down down,left left down down down 
548,True,True,True,4,4,"[1, 3]",,up right right right,up right right right 
549,True,True,True,4,4,"[2, 3]",,up right right right,up right right right 
550,False,True,False,5,8,"[4, 4]",,left left down down down,left left down down down 
551,False,True,False,6,8,"[2, 3]",,up up up left left left,up up up left left left 
552,True,True,True,6,6,"[2, 2]",,up up up left left left,up up up left left left 
553,False,True,False,5,8,"[2, 3]",,up up right right right,up up right right right 
554,False,True,False,4,6,"[4, 3]",,right down down down,right down down down 
555,False,True,False,9,10,"[0, 4]",,up up up up right right right up right,up up up up right right right up right 
556,False,True,False,5,8,"[3, 4]",,right right down down down,right right down down down 
557,False,True,False,5,7,"[2, 4]",,up up up right right,up up up right right 
558,False,False,False,8,8,"[0, 1]",out_of_bounds,up up left up left left left up,up up left up left left left up 
559,False,True,False,4,5,"[5, 4]",,left left down down,left left down down 
560,False,True,False,7,7,"[5, 5]",,up up right right right down right,up up right right right down right 
561,True,True,True,8,8,"[5, 0]",,left left left left down down down left,left left left left down down down left 
562,True,True,True,5,5,"[0, 3]",,up up left up left,up up left up left 
563,False,True,False,5,7,"[3, 2]",,up up up right right,up up up right right 
564,False,True,False,4,6,"[2, 4]",,right right down down,right right down down 
565,True,True,True,4,4,"[4, 1]",,left down down down,left down down down 
566,False,True,False,5,7,"[3, 4]",,right right right right down,right right right right down 
567,False,True,False,5,7,"[3, 5]",,up up up right right,up up up right right 
568,False,True,False,4,6,"[3, 4]",,up up up right,up up up right 
569,False,True,False,7,7,"[2, 2]",,up up up up down left left,up up up up down left left 
570,False,True,False,1,1,"[3, 4]",,left,left 
571,False,True,False,5,7,"[3, 3]",,up up left left left,up up left left left 
572,True,True,True,2,2,"[0, 4]",,right right,right right 
573,True,True,False,6,4,"[5, 4]",,right up right right right down,right up right right right down 
574,False,True,False,6,8,"[0, 4]",,up up up right right right,up up up right right right 
575,True,True,True,1,1,"[1, 4]",,up,up 
576,True,True,True,5,5,"[1, 2]",,up up up left left,up up up left left 
577,False,True,False,2,3,"[2, 5]",,left down,left down 
578,True,True,True,4,4,"[2, 2]",,left left down down,left left down down 
579,False,False,False,7,7,"[3, 0]",out_of_bounds,left left down down down left down,left left down down down left down 
580,True,True,True,1,1,"[4, 5]",,up,up 
581,False,True,False,1,2,"[6, 5]",,right,right 
582,True,True,True,2,2,"[2, 0]",,down down,down down 
583,False,True,False,4,5,"[0, 2]",,up left left left,up left left left 
584,True,True,True,2,2,"[2, 0]",,down down,down down 
585,False,True,False,7,7,"[5, 5]",,up up right right right down right,up up right right right down right 
586,True,True,True,8,8,"[0, 5]",,right up up up right up up right,right up up up right up upright 
587,True,True,True,4,4,"[4, 5]",,right right down down,right right down down 
588,True,True,True,6,6,"[1, 2]",,up up up up right right,up up up up right right 
589,True,True,True,5,5,"[0, 3]",,up up up left left,up up up left left 
590,False,True,False,6,8,"[3, 2]",,up up up left left left,up up up left left left 
591,False,True,False,5,7,"[4, 0]",,left left left down down,left left left down down 
592,False,True,False,4,7,"[3, 5]",,up up up right,up up up right 
593,True,True,True,3,3,"[4, 3]",,down down down,down down down 
594,False,True,False,2,3,"[5, 4]",,up right,up right 
595,False,True,False,7,8,"[4, 2]",,up up left left left right left,up up left left left right left 
596,False,True,False,4,6,"[4, 5]",,right right down down,right right down down 
597,False,False,False,7,7,"[3, 0]",out_of_bounds,left left down down down left down,left left down down down left down 
598,False,True,False,6,7,"[5, 4]",,right up right right right down,right up right right right down 
599,True,True,True,1,1,"[0, 2]",,right,right 
600,False,True,False,6,7,"[1, 0]",,up up up up left up,up up up up left up 
601,False,True,False,4,5,"[5, 1]",,left left down down,left left down down 
602,True,True,True,1,1,"[5, 1]",,down,down 
603,True,True,True,2,2,"[5, 3]",,left down,left down 
604,False,True,False,5,8,"[4, 4]",,left left down down down,left left down down down 
605,False,True,False,3,5,"[3, 3]",,up up up,up up up 
606,True,True,True,4,4,"[2, 1]",,up up up left,up up up left 
607,False,True,False,2,4,"[5, 4]",,right down,right down 
608,False,True,False,2,3,"[5, 4]",,up right,up right 
609,True,True,True,1,1,"[3, 3]",,up,up 
610,True,True,True,2,2,"[5, 5]",,right right,right right 
611,False,True,False,9,10,"[0, 3]",,up up up up right right up right up,up up up up right right up right up 
612,False,True,False,5,7,"[4, 5]",,right right down down down,right right down down down 
613,False,True,False,5,7,"[2, 2]",,up up up up left,up up up up left 
614,True,True,True,4,4,"[2, 3]",,up up left left,up up left left 
615,True,True,True,4,4,"[2, 2]",,up up left left,up up left left 
616,True,True,True,3,3,"[2, 5]",,right down down,right down down 
617,True,True,True,6,6,"[2, 4]",,down right right right down right,down right right right down right 
618,False,True,False,4,6,"[3, 1]",,up up up right,up up up right 
619,True,True,True,5,5,"[3, 1]",,left left left down down,left left left down down 
620,False,True,False,3,5,"[4, 5]",,down down down,down down down 
621,False,True,False,7,9,"[4, 1]",,left left left left down down down,left left left left down down down 
622,False,True,False,3,7,"[4, 4]",,right right right,right right right 
623,False,True,False,4,6,"[5, 4]",,right right right down,right right right down 
624,True,True,True,4,4,"[4, 4]",,right down down down,right down down down 
625,False,True,False,4,5,"[5, 4]",,up right right right,up right right right 
626,False,True,False,6,7,"[5, 5]",,right right right right down down,right right right right down down 
627,True,True,True,2,2,"[3, 6]",,down down,down down 
628,True,True,True,4,4,"[1, 1]",,left left down left,left left down left 
629,False,True,False,4,5,"[1, 2]",,left left left left,left left left left 
630,False,True,False,6,6,"[0, 2]",,up left left left right left,up left left left right left 
631,False,True,False,3,4,"[4, 4]",,up left left,up left left 
632,False,True,False,7,6,"[2, 5]",,up up right right right down right,up up right right right down right 
633,True,True,True,1,1,"[3, 0]",,left,left 
634,True,True,True,4,4,"[1, 2]",,left left left down,left left left down 
635,False,True,False,6,9,"[2, 3]",,up up up right right right,up up up right right right 
636,True,True,True,4,4,"[4, 6]",,down down down down,down down down down 
637,True,True,True,4,4,"[3, 3]",,right right right down,right right right down 
638,False,True,False,8,9,"[1, 0]",,up up up up left left up left,up up up up left left up left 
639,False,True,False,6,9,"[0, 3]",,up up up right right right,up up up right right right 
640,False,True,False,2,4,"[2, 4]",,right down,right down 
641,True,True,True,3,3,"[6, 2]",,left left left,left left left 
642,False,True,False,4,8,"[5, 3]",,up right right right,up right right right 
643,True,True,True,2,2,"[0, 1]",,up up,up up 
644,False,True,False,3,3,"[1, 4]",,up up left,up up left 
645,False,True,False,6,9,"[3, 4]",,right right right down down down,right right right down down down 
646,False,True,False,4,5,"[4, 3]",,left down down down,left down down down 
647,False,True,False,6,9,"[2, 3]",,up up up right right right,up up up right right right 
648,False,True,False,3,5,"[4, 0]",,up up left,up up left 
649,False,True,False,7,8,"[0, 5]",,up up up up right up right,up up up up right up right 
650,True,True,True,3,3,"[2, 5]",,right down down,right down down 
651,False,True,False,3,5,"[2, 4]",,right right down,right right down 
652,True,True,True,4,4,"[4, 0]",,left left down down,left left down down 
653,False,True,False,7,9,"[1, 3]",,up up up up right right right,up up up up right right right 
654,True,True,True,5,5,"[0, 1]",,up up up up right,up up up up right 
655,False,False,False,2,5,"[4, 4]",obstacle,down down,down down 
656,False,True,False,5,7,"[3, 2]",,right right down down down,right right down down down 
657,False,True,False,5,5,"[0, 4]",,up up up up left,up up up up left 
658,True,True,True,6,6,"[0, 5]",,up up up up right right,up up up up right right 
659,True,True,True,2,2,"[3, 4]",,up left,up left 
660,True,True,True,6,6,"[0, 1]",,up up up up right up,up up up up right up 
661,False,True,False,4,5,"[0, 2]",,up left left left,up left left left 
662,False,True,False,3,5,"[2, 4]",,up right right,up right right 
663,False,True,False,3,5,"[4, 2]",,left down down,left down down 
664,True,True,True,5,5,"[1, 3]",,up up up up left,up up up up left 
665,True,True,True,6,6,"[4, 0]",,left left left left down down,left left left left down down 
666,True,True,True,1,1,"[4, 1]",,up,up 
667,True,True,True,1,1,"[0, 3]",,left,left 
668,False,True,False,4,6,"[4, 0]",,left down down down,left down down down 
669,False,True,False,6,7,"[5, 4]",,right right right right down down,right right right right down down 
670,False,True,False,4,6,"[3, 3]",,up up up left,up up up left 
671,True,True,True,4,4,"[0, 5]",,up right right right,up right right right 
672,True,True,True,2,2,"[1, 5]",,up right,up right 
673,True,True,True,2,2,"[1, 2]",,right down,right down 
674,False,True,False,6,7,"[4, 3]",,left left left down down down,left left left down down down 
675,False,True,False,2,3,"[5, 2]",,up left,up left 
676,False,False,False,4,7,"[3, 4]",obstacle,up up up right,up up up right 
677,False,True,False,4,5,"[5, 2]",,up left left left,up left left left 
678,True,True,True,3,3,"[4, 2]",,left left left,left left left 
679,False,True,False,3,7,"[4, 4]",,right down down,right down down 
680,False,True,False,5,7,"[4, 3]",,up up right right right,up up right right right 
681,False,True,False,2,3,"[4, 6]",,up up,up up 
682,False,False,False,6,4,"[4, 5]",obstacle,up left up up up right,up left up up up right 
683,False,True,False,3,4,"[5, 0]",,left down down,left down down 
684,False,True,False,4,5,"[2, 3]",,left left left down,left left left down 
685,True,True,True,2,2,"[2, 0]",,up up,up up 
686,True,True,True,1,1,"[2, 4]",,down,down 
687,True,True,True,4,4,"[1, 2]",,up left left left,up left left left 
688,True,True,True,3,3,"[5, 1]",,left down down,left down down 
689,True,True,True,1,1,"[6, 0]",,left,left 
690,True,True,True,6,6,"[0, 2]",,up up up up up left,up up up upup left 
691,True,True,True,4,4,"[4, 0]",,down down left down,down down left down 
692,False,True,False,2,3,"[3, 5]",,up right,up right 
693,True,True,True,5,5,"[2, 3]",,up up up left left,up up up left left 
694,True,True,True,5,5,"[1, 1]",,up up right up up,up up right up up 
695,False,True,False,3,4,"[4, 4]",,left left down,left left down 
696,False,True,False,1,1,"[6, 1]",,right,right 
697,True,True,True,2,2,"[5, 3]",,left left,left left 
698,True,True,True,4,4,"[3, 2]",,left left left down,left left left down 
699,False,True,False,4,5,"[2, 3]",,up left left left,up left left left 
700,True,True,True,2,2,"[4, 5]",,right down,right down 
701,True,True,True,2,2,"[0, 1]",,up left,up left 
702,True,True,True,6,6,"[3, 0]",,left left down down down left,left left down down down left 
703,True,True,True,2,2,"[2, 1]",,up left,up left 
704,True,True,True,4,4,"[5, 3]",,right right right down,right right right down 
705,True,True,True,4,4,"[3, 4]",,up up right right,up up right right 
706,True,True,True,2,2,"[2, 2]",,up up,up up 
707,False,True,False,3,4,"[5, 3]",,right down down,right down down 
708,False,True,False,4,6,"[5, 2]",,left left left left,left left left left 
709,True,True,True,1,1,"[3, 6]",,down,down 
710,False,True,False,3,5,"[4, 2]",,left down down,left down down 
711,True,True,True,4,4,"[2, 1]",,up up left left,up up left left 
712,False,True,False,9,9,"[1, 4]",,up up up up right right up right down,up up up up right right up right down 
713,False,True,False,5,7,"[4, 4]",,right right right right down,right right right right down 
714,False,True,False,6,7,"[4, 4]",,right right right down down down,right right right down down down 
715,False,True,False,10,11,"[1, 0]",,up up up up left left up left left left,up up up up left left up leftleft left 
716,False,True,False,5,6,"[3, 4]",,up up up right right,up up up right right 
717,False,True,False,2,4,"[4, 5]",,right right,right right 
718,True,True,True,4,4,"[4, 2]",,left left left down,left left left down 
719,True,True,True,2,2,"[1, 3]",,right down,right down 
720,True,True,True,4,4,"[1, 5]",,right right right right,right right right right 
721,True,True,True,2,2,"[1, 4]",,up right,up right 
722,True,True,True,1,1,"[5, 4]",,down,down 
723,True,True,True,1,1,"[0, 3]",,right,right 
724,True,True,True,6,6,"[0, 1]",,up up up up left left,up up up up left left 
725,False,True,False,4,6,"[4, 2]",,up up right right,up up right right 
726,False,True,False,1,2,"[4, 6]",,up,up 
727,False,True,False,6,9,"[0, 3]",,up up up right right right,up up up right right right 
728,False,True,False,2,3,"[5, 2]",,right right,right right 
729,True,True,True,4,4,"[1, 4]",,up up right right,up up right right 
730,False,True,False,5,6,"[6, 4]",,right up right right down,right up right right down 
731,False,True,False,4,1,"[5, 4]",,up right right down,up right right down 
732,False,True,False,2,3,"[4, 0]",,up up,up up 
733,True,True,True,5,5,"[1, 4]",,up up up right right,up up up right right 
734,False,True,False,9,10,"[4, 4]",,right right right right down down down left down,right right right right down down down left down 
735,True,True,True,4,4,"[3, 3]",,left down down down,left down down down 
736,True,True,True,4,4,"[2, 4]",,right right right down,right right right down 
737,True,True,True,4,4,"[3, 0]",,left left left left,left left left left 
738,False,True,False,4,5,"[5, 5]",,down down down down,down down down down 
739,False,True,False,1,2,"[2, 6]",,down,down 
740,False,True,False,3,4,"[3, 4]",,up left left,up left left 
741,False,True,False,4,7,"[3, 4]",,right down down down,right down down down 
742,False,False,False,10,8,"[6, 1]",out_of_bounds,up left up left left left down left down down,up left up left left left down left down down 
743,True,True,True,4,4,"[0, 5]",,up right right right,up right right right 
744,False,True,False,2,4,"[4, 4]",,right down,right down 
745,False,True,False,5,8,"[3, 1]",,left left down down down,left left down down down 
746,False,True,False,6,8,"[5, 4]",,right right right down down down,right right right down down down 
747,True,True,True,4,4,"[4, 4]",,right down down down,right down down down 
748,True,True,True,3,3,"[1, 4]",,up up right,up up right 
749,True,True,True,3,3,"[2, 3]",,right right right,right right right 
750,False,False,False,6,8,"[3, 3]",obstacle,up up up left left left,up up up left left left 
751,False,True,False,5,7,"[5, 2]",,left left left left down,left left left left down 
752,True,True,True,4,4,"[3, 3]",,up right right up,up right right up 
753,True,True,True,3,3,"[3, 1]",,left left up,left left up 
754,False,True,False,4,5,"[1, 6]",,up up up up,up up up up 
755,False,True,False,3,4,"[1, 5]",,up up up,up up up 
756,False,True,False,3,5,"[3, 4]",,up up up,up up up 
757,True,True,True,1,1,"[1, 5]",,down,down 
758,False,False,False,2,3,"[4, 6]",out_of_bounds,up right,up right 
759,True,True,True,5,5,"[1, 1]",,up up up left left,up up up left left 
760,True,True,True,1,1,"[3, 0]",,down,down 
761,True,True,True,2,2,"[0, 3]",,up up,up up 
762,False,True,False,5,6,"[3, 4]",,up right up up right,up right up up right 
763,True,True,True,1,1,"[4, 0]",,left,left 
764,False,True,False,8,9,"[0, 3]",,up up left left left right left up,up up left left left right left up 
765,True,True,True,1,1,"[2, 0]",,up,up 
766,True,True,True,3,3,"[5, 1]",,left left down,left left down 
767,True,True,True,4,4,"[3, 3]",,right right right up,right right right up 
768,True,True,True,5,5,"[4, 2]",,left left down down left,left left down down left 
769,False,True,False,1,2,"[5, 5]",,right,right 
770,False,True,False,2,4,"[4, 5]",,right right,right right 
771,True,True,True,3,3,"[1, 2]",,up right right,up right right 
772,True,True,True,6,6,"[4, 5]",,right right right down down down,right right right down down down 
773,True,True,True,4,4,"[4, 1]",,left left left left,left left left left 
774,True,True,True,6,6,"[2, 4]",,down right right up up right,down right right up up right 
775,False,True,False,5,7,"[4, 0]",,down down left left left,down down left left left 
776,False,True,False,6,9,"[1, 5]",,up up up up left up,up up up up left up 
777,False,True,False,4,6,"[4, 3]",,left down down down,left down down down 
778,False,True,False,6,7,"[4, 0]",,left left left down down down,left left left down down down 
779,True,True,True,4,4,"[4, 1]",,up left left left,up left left left 
780,True,True,True,5,5,"[4, 3]",,down down down left down,down down down left down 
781,True,True,True,6,6,"[4, 4]",,right right right down down down,right right right down down down 
782,True,True,True,1,1,"[1, 5]",,up,up 
783,False,True,False,7,8,"[4, 1]",,left left left left down down down,left left left left down down down 
784,False,True,False,1,2,"[1, 5]",,left,left 
785,False,True,False,1,3,"[5, 5]",,left,left 
786,True,True,True,1,1,"[3, 3]",,right,right 
787,False,True,False,5,7,"[1, 3]",,up up left left left,up up left left left 
788,True,True,True,2,2,"[5, 3]",,right down,right down 
789,True,True,True,1,1,"[1, 6]",,up,up 
790,True,True,True,4,4,"[4, 4]",,down down down down,down down down down 
791,False,True,False,2,2,"[4, 4]",,up left,up left 
792,False,True,False,6,9,"[3, 4]",,right right right down down down,right right right down down down 
793,False,True,False,6,7,"[5, 5]",,down right right down down right,down right right down down right 
794,False,True,False,6,6,"[1, 2]",,up up up up right up,up up up up right up 
795,False,False,False,6,10,"[1, 3]",obstacle,left left left down down down,left left left down down down 
796,True,True,True,2,2,"[1, 4]",,up left,up left 
797,True,True,True,8,8,"[0, 4]",,up right up up right up right right,up right up up right up right right 
798,False,False,False,1,2,"[4, 5]",obstacle,up,up 
799,False,True,False,1,2,"[5, 6]",,up,up 
800,False,True,False,2,4,"[4, 4]",,up right,up right 
801,True,True,True,4,4,"[2, 4]",,right up up up,right up up up 
802,False,True,False,6,3,"[5, 4]",,right right up right right down,right right up right right down 
803,True,True,True,3,3,"[5, 3]",,left left down,left left down 
804,False,False,False,1,2,"[4, 5]",obstacle,up,up 
805,False,True,False,3,4,"[5, 4]",,left down left,left down left 
806,True,True,True,2,2,"[5, 6]",,down down,down down 
807,False,True,False,8,9,"[5, 5]",,right down down down right right down right,right down down down right right down right 
808,False,False,False,7,8,"[3, 4]",obstacle,up up right right right up right,up up right right right up right 
809,True,True,True,6,6,"[0, 1]",,up up up left left left,up up up left left left 
810,False,False,False,6,8,"[2, 4]",obstacle,up up up up left left,up up up up left left 
811,False,True,False,5,6,"[3, 4]",,right right down down down,right right down down down 
812,False,False,False,8,8,"[5, 3]",obstacle,left down left left up up up left,left down left left up up up left 
813,False,False,False,6,5,"[6, 2]",obstacle,up right up right right down,up right up right right down 
814,False,False,False,8,10,"[1, 5]",obstacle,up up up left up left left left,up up up left up left left left 
815,False,False,False,6,7,"[0, 6]",obstacle,left left left left down left,left left left left down left 
816,False,True,False,1,1,"[6, 4]",,left,left 
817,False,False,False,1,1,"[6, 6]",out_of_bounds,right,right 
818,False,False,False,7,5,"[1, 5]",obstacle,up up up up left up right,up up up up left up right 
819,False,True,False,2,4,"[2, 4]",,right down,right down 
820,True,True,True,3,3,"[4, 0]",,down down down,down down down 
821,False,False,False,5,9,"[4, 2]",obstacle,up right right right down,up right right right down 
822,True,True,True,5,5,"[1, 5]",,right right right down right,right right right down right 
823,False,True,False,2,6,"[0, 4]",,right right,right right 
824,False,True,False,3,4,"[6, 5]",,right right right,right right right 
825,True,True,True,7,7,"[2, 4]",,up right up right right right down,up right up right right right down 
826,False,False,False,4,10,"[4, 2]",obstacle,up right right down,up right right down 
827,True,True,True,4,4,"[1, 4]",,up up up left,up up up left 
828,False,True,False,4,6,"[3, 4]",,right up up up,right up up up 
829,False,False,False,9,9,"[3, 3]",obstacle,right up up left up up up left left,right up up left up up upleft left 
830,False,False,False,8,10,"[1, 5]",obstacle,up up up up left up left left,up up up up left up left left 
831,False,False,False,7,9,"[4, 2]",obstacle,up right right right up right up,up right right right up right up 
832,False,True,False,5,6,"[1, 2]",,up up up up right,up up up up right 
833,True,True,True,3,3,"[1, 4]",,up up left,up up left 
834,True,True,True,4,4,"[2, 2]",,up left left down,up left left down 
835,False,True,False,1,2,"[3, 5]",,right,right 
836,False,True,False,6,8,"[1, 3]",,up up up left left left,up up up left left left 
837,True,True,True,4,4,"[2, 1]",,left left down down,left left down down 
838,False,False,False,5,10,"[4, 4]",obstacle,left down left down left,left down left down left 
839,True,True,True,7,7,"[4, 5]",,right right down right down down down,right right down right down down down 
840,True,True,True,4,4,"[4, 0]",,left left left left,left left left left 
841,False,True,False,4,8,"[4, 1]",,left left down down,left left down down 
842,True,True,True,5,5,"[2, 1]",,left left left down down,left left left down down 
843,False,False,False,7,7,"[4, 3]",obstacle,up right right right down right right,up right right right down right right 
844,True,True,True,2,2,"[0, 3]",,right right,right right 
845,False,True,False,1,3,"[6, 4]",,right,right 
846,True,True,True,4,4,"[1, 3]",,up right right down,up right right down 
847,False,True,False,4,8,"[4, 2]",,down right down down,down right down down 
848,False,True,False,8,9,"[4, 2]",,left left left down down down left down,left left left down down down left down 
849,False,False,False,8,9,"[6, 2]",obstacle,up up right up up up right right,up up right up up up right right 
850,True,True,True,4,4,"[1, 0]",,left left left down,left left left down 
851,False,True,False,5,8,"[0, 3]",,up up right right right,up up right right right 
852,False,True,False,4,5,"[3, 3]",,right down down down,right down down down 
853,False,True,False,4,6,"[4, 4]",,right right down down,right right down down 
854,True,True,True,4,4,"[3, 0]",,up left left left,up left left left 
855,False,False,False,4,7,"[5, 4]",obstacle,up left left left,up left left left 
856,False,False,False,8,5,"[4, 1]",obstacle,left up left up left left down down,left up left up left left down down 
857,True,True,True,6,6,"[5, 0]",,left left left left left down,left left left leftleft down 
858,True,True,True,6,6,"[1, 0]",,up up left left up left,up up left left up left 
859,False,True,False,3,4,"[2, 4]",,left left down,left left down 
860,False,True,False,7,9,"[3, 1]",,left up up up left left left,left up up up left left left 
861,False,True,False,1,3,"[0, 4]",,up,up 
862,False,False,False,5,9,"[6, 1]",obstacle,up up up up right,up up up up right 
863,False,False,False,3,5,"[4, 5]",obstacle,up left up,up left up 
864,True,True,True,2,2,"[4, 0]",,down down,down down 
865,False,True,False,5,7,"[2, 5]",,up up up up right,up up up up right 
866,False,False,False,4,5,"[6, 2]",obstacle,up up right right,up up right right 
867,False,False,False,6,9,"[6, 3]",obstacle,up up up up left up,up up up up left up 
868,True,True,True,1,1,"[5, 5]",,right,right 
869,False,True,False,3,5,"[4, 2]",,left left left,left left left 
870,False,False,False,0,6,"[2, 3]",invalid_action,,Goal not reachable
871,True,True,True,1,1,"[3, 1]",,left,left 
872,False,False,False,6,6,"[0, 2]",obstacle,left left left left right down,left left left left right down 
873,False,False,False,4,6,"[4, 4]",obstacle,up right right down,up right right down 
874,False,True,False,5,7,"[4, 0]",,left left left down down,left left left down down 
875,False,True,False,4,6,"[0, 4]",,up up up right,up up up right 
876,False,False,False,6,3,"[6, 4]",out_of_bounds,down right right up up left,down right right up up left 
877,True,True,True,6,6,"[1, 5]",,right right right up right right,right right right up right right 
878,True,True,True,3,3,"[1, 4]",,right up right,right up right 
879,False,True,False,1,2,"[0, 5]",,right,right 
880,True,True,True,4,4,"[5, 2]",,right right down down,right right down down 
881,False,True,False,6,7,"[3, 3]",,left left down down down left,left left down down down left 
882,False,True,False,6,6,"[2, 3]",,up right right right left right,up right right right left right 
883,True,True,True,2,2,"[4, 1]",,down down,down down 
884,False,False,False,0,3,"[3, 6]",invalid_action,,Goal not reachable
885,False,True,False,4,5,"[4, 0]",,up up left left,up up left left 
886,True,True,True,5,5,"[1, 0]",,up left left up left,up left left up left 
887,False,False,False,5,7,"[3, 4]",obstacle,up up up right right,up up up right right 
888,False,True,False,7,7,"[2, 3]",,up up right right right left right,up up right right right left right 
889,False,False,False,0,3,"[5, 5]",invalid_action,,Goal not reachable
890,True,True,True,1,1,"[3, 0]",,left,left 
891,False,True,False,5,7,"[3, 3]",,up up right right up,up up right right up 
892,False,True,False,2,4,"[1, 5]",,left down,left down 
893,False,False,False,0,3,"[5, 6]",invalid_action,,Goal not reachable
894,False,True,False,6,8,"[2, 4]",,up up up right right right,up up up right right right 
895,True,True,True,2,2,"[4, 2]",,right right,right right 
896,True,True,True,3,3,"[3, 2]",,up left left,up left left 
897,True,True,True,3,3,"[2, 3]",,up up up,up up up 
898,False,False,False,4,8,"[6, 4]",obstacle,up up up right,up up up right 
899,True,True,True,3,3,"[0, 3]",,up up left,up up left 
900,False,True,False,1,4,"[3, 2]",,up,up 
901,False,True,False,6,8,"[4, 3]",,left down left down down down,left down left down down down 
902,True,True,True,2,2,"[3, 5]",,up right,up right 
903,True,True,True,5,5,"[2, 4]",,right right right right down,right right right right down 
904,True,True,True,3,3,"[4, 3]",,right right right,right right right 
905,False,True,False,2,3,"[4, 4]",,up up,up up 
906,True,True,True,3,3,"[4, 0]",,left left down,left left down 
907,False,True,False,1,2,"[2, 5]",,left,left 
908,True,True,True,2,2,"[2, 1]",,up right,up right 
909,True,True,True,4,4,"[3, 2]",,left left down down,left left down down 
910,True,True,True,6,6,"[5, 5]",,right right down down down right,right right down down down right 
911,True,True,True,4,4,"[5, 3]",,down down down down,down down down down 
912,True,True,True,7,7,"[1, 1]",,up up up up left left left,up up up up left left left 
913,True,True,True,3,3,"[1, 3]",,up up left,up up left 
914,False,True,False,6,7,"[3, 1]",,up up up left left left,up up up left left left 
915,True,True,True,1,1,"[1, 5]",,up,up 
916,True,True,True,3,3,"[3, 3]",,up right right,up right right 
917,True,True,True,3,3,"[5, 3]",,down down down,down down down 
918,True,True,True,5,5,"[2, 5]",,up up up right right,up up up right right 
919,False,True,False,8,9,"[1, 0]",,up up up up left up left left,up up up up left up left left 
920,False,True,False,5,6,"[4, 4]",,right right down down down,right right down down down 
921,True,True,True,6,6,"[0, 5]",,up right right right up right,up right right right up right 
922,False,True,False,3,5,"[3, 4]",,right right down,right right down 
923,False,False,False,8,7,"[5, 6]",out_of_bounds,right up up left left left down left,right up up left left left down left 
924,True,True,True,2,2,"[3, 3]",,left down,left down 
925,True,True,True,3,3,"[3, 5]",,right right right,right right right 
926,True,True,True,7,7,"[2, 0]",,left down left left left down left,left down left left left down left 
927,False,False,False,5,6,"[6, 2]",obstacle,up up up left left,up up up left left 
928,False,False,False,0,6,"[5, 6]",invalid_action,,Goal not reachable
929,True,True,True,4,4,"[2, 3]",,right right right down,right right right down 
930,False,True,False,3,5,"[3, 6]",,up up up,up up up 
931,False,True,False,4,3,"[2, 6]",,left down down right,left down down right 
932,True,True,True,2,2,"[0, 3]",,left left,left left 
933,False,False,False,7,9,"[2, 3]",obstacle,up up right right right up right,up up right right right up right 
934,True,True,True,5,5,"[1, 2]",,up up up up right,up up up up right 
935,False,False,False,6,8,"[5, 4]",obstacle,up left up up up right,up left up up up right 
936,False,True,False,4,5,"[6, 1]",,left left left left,left left left left 
937,False,False,False,9,10,"[2, 5]",obstacle,up up left up left left up up left,up up left up left left up up left 
938,True,True,True,2,2,"[0, 3]",,up left,up left 
939,True,True,True,5,5,"[1, 2]",,left left up left up,left left up left up 
940,False,True,False,5,4,"[3, 6]",,left down down right down,left down down right down 
941,False,False,False,3,4,"[4, 3]",obstacle,left down down,left down down 
942,False,True,False,5,5,"[4, 3]",,up right right right left,up right right right left 
943,True,True,True,4,4,"[3, 4]",,down down down left,down down down left 
944,True,True,True,2,2,"[1, 0]",,up left,up left 
945,True,True,True,1,1,"[0, 4]",,left,left 
946,False,False,False,6,8,"[4, 3]",obstacle,down left left left down down,down left left left down down 
947,False,True,False,4,6,"[3, 0]",,up up up left,up up up left 
948,True,True,True,4,4,"[0, 2]",,up left up up,up left up up 
949,False,True,False,6,8,"[5, 4]",,right right right right down down,right right right right down down 
950,False,True,False,6,6,"[4, 2]",,up left left left right left,up left left left right left 
951,False,False,False,7,9,"[5, 4]",obstacle,up left left left up up left,up left left left up up left 
952,True,True,True,5,5,"[4, 3]",,down down right down down,down down right down down 
953,True,True,True,4,4,"[5, 1]",,down down down down,down down down down 
954,False,False,False,7,10,"[2, 3]",obstacle,up up up up right right up,up up up up right right up 
955,True,True,True,4,4,"[3, 3]",,down down left left,down down left left 
956,True,True,True,4,4,"[2, 3]",,left down down right,left down down right 
957,False,True,False,2,4,"[3, 4]",,down right,down right 
958,True,True,True,4,4,"[4, 1]",,left left left left,left left left left 
959,False,False,False,6,8,"[5, 4]",obstacle,up left up left up up,up left up left up up 
960,False,False,False,8,6,"[2, 6]",out_of_bounds,left down down right right down down down,left down down right right down down down 
961,False,True,False,4,6,"[4, 4]",,right down down down,right down down down 
962,False,False,False,0,7,"[5, 6]",invalid_action,,Goal not reachable
963,False,False,False,4,6,"[6, 3]",obstacle,up up up left,up up up left 
964,True,True,True,4,4,"[4, 4]",,down down down down,down down down down 
965,True,True,True,4,4,"[0, 3]",,up up up left,up up up left 
966,False,True,False,4,6,"[4, 0]",,down down down down,down down down down 
967,True,True,True,2,2,"[2, 2]",,up left,up left 
968,True,True,True,3,3,"[1, 4]",,up up up,up up up 
969,True,True,True,4,4,"[5, 4]",,right right down down,right right down down 
970,True,True,True,2,2,"[3, 3]",,down down,down down 
971,True,True,True,1,1,"[4, 2]",,left,left 
972,False,False,False,0,3,"[5, 6]",invalid_action,,Goal not reachable
973,False,False,False,4,5,"[5, 4]",obstacle,up left left left,up left left left 
974,False,True,False,3,5,"[2, 4]",,up right right,up right right 
975,True,True,True,2,2,"[1, 5]",,up up,up up 
976,False,True,False,4,5,"[4, 0]",,left down down down,left down down down 
977,False,True,False,3,4,"[4, 3]",,up up right,up up right 
978,False,False,False,6,5,"[3, 6]",obstacle,left down down right down down,left down down right down down 
979,True,True,True,2,2,"[4, 1]",,up right,up right 
980,True,True,True,2,2,"[0, 1]",,up left,up left 
981,True,True,True,2,2,"[3, 4]",,up up,up up 
982,False,False,False,5,6,"[6, 3]",obstacle,up up up right right,up up up right right 
983,False,True,False,5,7,"[4, 5]",,down right right down down,down right right down down 
984,False,False,False,2,5,"[3, 6]",obstacle,down down,down down 
985,True,True,True,7,7,"[0, 2]",,up up left up up left left,up up left up up left left 
986,True,True,True,2,2,"[4, 0]",,left left,left left 
987,True,True,True,2,2,"[2, 5]",,right right,right right 
988,True,True,True,4,4,"[5, 4]",,down down down down,down down down down 
989,False,True,False,6,7,"[3, 3]",,right right right down down down,right right right down down down 
990,False,False,False,7,7,"[4, 3]",obstacle,down down left down down right down,down down left down down right down 
991,False,False,False,3,4,"[4, 5]",obstacle,up up left,up up left 
992,True,True,True,3,3,"[2, 6]",,up up up,up up up 
993,False,True,False,5,6,"[4, 5]",,right right right right up,right right right right up 
994,False,False,False,4,5,"[4, 3]",obstacle,left up up right,left up up right 
995,False,True,False,4,5,"[1, 4]",,down right right right,down right right right 
996,True,True,True,1,1,"[5, 0]",,left,left 
997,False,False,False,6,7,"[4, 3]",obstacle,up right up right right right,up right up right right right 
998,True,True,True,1,1,"[4, 2]",,down,down 
999,True,True,True,3,3,"[3, 3]",,down down down,down down down 
1000,True,True,False,8,6,"[1, 1]",,up up right right up up left left,up up right right up up left left 
1001,True,True,True,5,5,"[4, 0]",,left up left left left,left up left left left 
1002,True,True,True,2,2,"[1, 5]",,up up,up up 
1003,False,True,False,6,8,"[0, 4]",,up right right right up right,up right right right up right 
1004,False,False,False,6,7,"[4, 3]",obstacle,up right up right right down,up right up right right down 
1005,True,True,False,8,6,"[1, 1]",,up up right right up up left left,up up right right up up left left 
1006,False,False,False,6,4,"[4, 3]",obstacle,up right right right down right,up right right right down right 
1007,False,True,False,1,1,"[5, 4]",,left,left 
1008,True,True,True,4,4,"[3, 1]",,right down down left,right down down left 
1009,False,True,False,6,5,"[4, 5]",,left down down down right down,left down down down right down 
1010,True,True,True,2,2,"[3, 2]",,down down,down down 
1011,True,True,True,1,1,"[2, 3]",,up,up 
1012,False,True,False,4,6,"[3, 5]",,right down down down,right down down down 
1013,True,True,True,5,5,"[2, 0]",,left left left left down,left left left left down 
1014,False,True,False,4,6,"[2, 4]",,up up up right,up up up right 
1015,True,True,True,5,5,"[6, 1]",,left up left left down,left up left left down 
1016,True,True,True,3,3,"[1, 3]",,down right right,down right right 
1017,False,True,False,9,11,"[0, 4]",,right up right up up up right right up,right up right up up up right right up 
1018,False,True,False,6,10,"[3, 3]",,up up up left left left,up up up left left left 
1019,True,True,True,4,4,"[5, 3]",,left left down down,left left down down 
1020,True,True,True,7,7,"[1, 2]",,up up up up left left left,up up up up left left left 
1021,True,True,True,3,3,"[4, 4]",,down right right,down right right 
1022,True,True,True,2,2,"[3, 2]",,left down,left down 
1023,False,True,False,5,7,"[4, 0]",,left left down left down,left left down left down 
1024,False,False,False,6,7,"[2, 3]",obstacle,up left left left down left,up left left left down left 
1025,True,True,True,4,4,"[1, 5]",,up up up up,up up up up 
1026,False,False,False,6,7,"[4, 4]",obstacle,right up up up right up,right up up up right up 
1027,False,False,False,4,4,"[6, 5]",out_of_bounds,right right right down,right right right down 
1028,True,True,True,4,4,"[1, 2]",,up up right up,up up right up 
1029,True,True,True,1,1,"[2, 2]",,left,left 
1030,True,True,True,4,4,"[0, 1]",,right up up left,right up up left 
1031,False,False,False,0,7,"[3, 1]",invalid_action,,Goal not reachable
1032,False,False,False,7,10,"[6, 2]",obstacle,up up up up left left up,up up up up left left up 
1033,False,False,False,6,8,"[1, 0]",obstacle,down right right down down right,down right right down down right 
1034,True,True,True,2,2,"[3, 5]",,right up,right up 
1035,False,False,False,6,6,"[4, 4]",obstacle,up right right right up right,up right right right up right 
1036,False,True,False,6,8,"[4, 0]",,down down down left left down,down down down left left down 
1037,True,True,True,2,2,"[4, 5]",,up right,up right 
1038,False,True,False,8,12,"[3, 2]",,up up left left left right left up,up up left left left right left up 
1039,True,True,True,2,2,"[6, 3]",,left left,left left 
1040,True,True,True,6,6,"[5, 0]",,left left left left left down,left left left leftleft down 
1041,False,True,False,4,6,"[4, 6]",,down down down down,down down down down 
1042,False,True,False,5,6,"[1, 5]",,right right right right down,right right right right down 
1043,True,True,True,4,4,"[3, 0]",,left left down left,left left down left 
1044,False,True,False,6,7,"[4, 5]",,right right down right down down,right right down right down down 
1045,True,True,True,6,6,"[4, 1]",,left down down left down down,left down down left down down 
1046,False,True,False,3,5,"[0, 5]",,up up left,up up left 
1047,False,False,False,6,8,"[5, 3]",obstacle,down left left left down left,down left left left down left 
1048,True,True,True,5,5,"[2, 5]",,right right right down down,right right right down down 
1049,False,True,False,1,2,"[1, 5]",,left,left 
1050,True,True,True,5,5,"[3, 0]",,left left left left down,left left left left down 
1051,False,False,False,8,7,"[4, 2]",obstacle,right down down right down down up right,right down down right down down up right 
1052,False,True,False,8,9,"[4, 1]",,left down left left left down down down,left down left left left down down down 
1053,True,True,True,3,3,"[5, 3]",,down down right,down down right 
1054,True,True,True,3,3,"[3, 2]",,right down down,right down down 
1055,False,True,False,7,8,"[4, 1]",,left left left left down down down,left left left left down down down 
1056,False,True,False,6,7,"[4, 0]",,left left left down down down,left left left down down down 
1057,False,False,False,8,9,"[5, 3]",obstacle,up up up up left left left up,up up up up left left left up 
1058,False,True,False,6,7,"[6, 4]",,right up right right down right,right up right right down right 
1059,True,True,True,3,3,"[3, 2]",,left left left,left left left 
1060,False,False,False,9,3,"[4, 4]",obstacle,right up up left left left down down left,right up up left left left down down left 
1061,False,True,False,5,7,"[4, 1]",,down right down down down,down right down down down 
1062,True,True,False,8,6,"[4, 2]",,left left left down left down down right,left left left down left down down right 
1063,True,True,True,1,1,"[2, 5]",,down,down 
1064,False,True,False,3,7,"[3, 4]",,up up up,up up up 
1065,True,True,True,4,4,"[2, 1]",,left up up up,left up up up 
1066,True,True,True,3,3,"[3, 4]",,left down down,left down down 
1067,False,True,False,5,7,"[3, 4]",,right right right right down,right right right right down 
1068,False,True,False,5,7,"[4, 1]",,down left down down down,down left down down down 
1069,True,True,True,5,5,"[4, 1]",,down right down down down,down right down down down 
1070,False,False,False,5,5,"[3, 3]",obstacle,down down down down left,down down down down left 
1071,True,True,True,5,5,"[5, 1]",,left left left down down,left left left down down 
1072,False,True,False,3,4,"[4, 4]",,right up up,right up up 
1073,False,True,False,5,6,"[2, 2]",,up up left left left,up up left left left 
1074,True,True,True,1,1,"[5, 1]",,right,right 
1075,True,True,True,3,3,"[4, 5]",,right down down,right down down 
1076,False,False,False,3,4,"[4, 2]",obstacle,right right up,right right up 
1077,True,True,True,2,2,"[5, 3]",,down left,down left 
1078,False,True,False,2,3,"[3, 6]",,down down,down down 
1079,True,True,True,4,4,"[0, 4]",,up up up left,up up up left 
1080,False,True,False,3,5,"[6, 3]",,left left left,left left left 
1081,False,True,False,1,2,"[5, 3]",,right,right 
1082,False,False,False,7,9,"[2, 4]",obstacle,right right right right down down right,right right right right down down right 
1083,True,True,True,3,3,"[3, 2]",,left left down,left left down 
1084,False,False,False,7,9,"[3, 3]",obstacle,up right right up right right down,up right right up right right down 
1085,True,True,True,9,9,"[5, 0]",,down left left left down left down down down,down left left left down left down down down 
1086,False,True,False,5,7,"[2, 1]",,up up up up right,up up up up right 
1087,False,True,False,2,3,"[2, 6]",,up up,up up 
1088,True,True,True,6,6,"[1, 2]",,up up up up right right,up up up up right right 
1089,True,True,True,4,4,"[2, 0]",,up left left left,up left left left 
1090,True,True,True,6,6,"[3, 5]",,up right up right right down,up right up right right down 
1091,True,True,True,4,4,"[4, 2]",,left left down down,left left down down 
1092,False,False,False,7,9,"[3, 3]",obstacle,down left left left down down down,down left left left down down down 
1093,True,True,True,1,1,"[6, 0]",,left,left 
1094,False,False,False,6,7,"[2, 4]",obstacle,up up up left left down,up up up left left down 
1095,True,True,True,4,4,"[5, 2]",,up right right down,up right right down 
1096,True,True,True,3,3,"[4, 0]",,left left down,left left down 
1097,False,True,False,7,9,"[3, 2]",,down left left left down left down,down left left left down left down 
1098,True,True,True,6,6,"[1, 2]",,up up up up right right,up up up up right right 
1099,False,True,False,3,5,"[4, 2]",,right down down,right down down 
1100,True,True,True,4,4,"[1, 2]",,up left left left,up left left left 
1101,False,False,False,6,9,"[4, 5]",obstacle,down left left left down left,down left left left down left 
1102,True,True,True,3,3,"[1, 0]",,left left down,left left down 
1103,True,True,True,8,8,"[0, 2]",,up up up up left left left up,up up up up left left left up 
1104,True,True,True,6,6,"[4, 2]",,left left left down down down,left left left down down down 
1105,True,True,True,2,2,"[3, 5]",,up up,up up 
1106,True,True,True,1,1,"[1, 5]",,right,right 
1107,True,True,True,6,6,"[5, 0]",,left left left down down down,left left left down down down 
1108,False,False,False,6,10,"[2, 4]",obstacle,right right right right down down,right right right right down down 
1109,True,True,True,1,1,"[3, 0]",,left,left 
1110,True,True,True,4,4,"[3, 3]",,left down down down,left down down down 
1111,False,True,False,6,5,"[5, 4]",,left left up left right down,left left up left right down 
1112,False,False,False,8,10,"[1, 5]",invalid_action,left left left down left left left down,left left left down left left left to down 
1113,False,True,False,6,8,"[4, 4]",,down down left down down right,down down left down down right 
1114,False,True,False,6,7,"[5, 4]",,down right down right right right,down right down right right right 
1115,False,False,False,5,4,"[6, 0]",out_of_bounds,down right right up up,down right right up up 
1116,False,False,False,8,9,"[3, 0]",obstacle,up up right right up up up right,up up right right up up up right 
1117,True,True,True,5,5,"[4, 3]",,left left down down down,left left down down down 
1118,False,False,False,7,9,"[3, 0]",obstacle,up right right up right right right,up right right up right right right 
1119,False,True,False,1,2,"[6, 3]",,left,left 
1120,True,True,True,1,1,"[4, 4]",,up,up 
1121,False,True,False,1,2,"[3, 5]",,up,up 
1122,True,True,True,3,3,"[2, 1]",,left down down,left down down 
1123,True,True,True,6,6,"[5, 4]",,down down down down left down,down down down down left down 
1124,True,True,True,6,6,"[0, 5]",,up right right right up right,up right right right up right 
1125,True,True,True,3,3,"[2, 0]",,left left left,left left left 
1126,False,True,False,8,10,"[1, 3]",,up up up up left up left left,up up up up left up left left 
1127,False,True,False,1,2,"[6, 4]",,left,left 
1128,True,True,True,4,4,"[4, 0]",,up left left left,up left left left 
1129,True,True,True,6,6,"[0, 0]",,left left up left left left,left left up left left left 
1130,True,True,True,4,4,"[0, 2]",,up up up left,up up up left 
1131,True,True,True,7,7,"[3, 5]",,right right up right right right up,right right up right right right up 
1132,True,True,True,4,4,"[1, 1]",,up left left left,up left left left 
1133,False,True,False,5,6,"[0, 2]",,left up left left left,left up left left left 
1134,False,True,False,1,2,"[2, 6]",,up,up 
1135,False,False,False,8,9,"[3, 3]",obstacle,right right down down down right down right,right right down down down right down right 
1136,True,True,True,2,2,"[4, 4]",,down left,down left 
1137,False,True,False,1,3,"[6, 5]",,right,right 
1138,False,True,False,6,8,"[2, 0]",,up up up up left left,up up up up left left 
1139,False,True,False,8,9,"[5, 4]",,down down right right up right right down,down down right right up right right down 
1140,True,True,True,4,4,"[5, 4]",,right down down right,right down down right 
1141,True,True,True,5,5,"[1, 1]",,up up up left up,up up up left up 
1142,False,False,False,9,10,"[2, 2]",obstacle,up up left up left left up up left,up up left up left left up up left 
1143,False,True,False,6,5,"[5, 1]",,up left left left down left,up left left left down left 
1144,True,True,False,6,4,"[5, 4]",,right right right up right down,right right right up right down 
1145,False,False,False,4,4,"[3, 6]",out_of_bounds,up up right up,up up right up 
1146,False,True,False,5,6,"[3, 4]",,right right down down down,right right down down down 
1147,False,False,False,6,5,"[6, 5]",out_of_bounds,down left left up up left,down left left up up left 
1148,True,True,True,5,5,"[4, 3]",,right right right down down,right right right down down 
1149,True,True,True,1,1,"[3, 5]",,up,up 
1150,False,True,False,5,5,"[0, 2]",,up right right right left,up right right right left 
1151,True,True,True,6,6,"[4, 3]",,right down right right down down,right down right right down down 
1152,False,False,False,4,5,"[5, 4]",obstacle,up left left down,up left left down 
1153,False,True,False,6,12,"[3, 4]",,right up up right up right,right up up right up right 
1154,True,True,True,5,5,"[4, 0]",,left left left down down,left left left down down 
1155,True,True,True,5,5,"[1, 0]",,left left left left down,left left left left down 
1156,False,False,False,6,7,"[1, 6]",obstacle,left down down right right down,left down down right right down 
1157,False,True,False,4,6,"[5, 4]",,down right down down,down right down down 
1158,True,True,False,9,7,"[0, 2]",,left up up up right up up left left,left up up up right up up left left 
1159,True,True,True,4,4,"[2, 2]",,up up up left,up up up left 
1160,True,True,True,4,4,"[5, 4]",,right down down right,right down down right 
1161,True,True,True,4,4,"[4, 0]",,up left left down,up left left down 
1162,True,True,True,3,3,"[5, 1]",,left down left,left down left 
1163,False,True,False,2,4,"[3, 4]",,right right,right right 
1164,True,True,True,3,3,"[0, 4]",,right right right,right right right 
1165,True,True,True,3,3,"[3, 5]",,right right right,right right right 
1166,False,True,False,2,4,"[3, 5]",,up left,up left 
1167,False,True,False,7,10,"[4, 5]",,down right right right down down right,down right right right down down right 
1168,False,False,False,6,7,"[5, 4]",obstacle,right right up right right down,right right up right right down 
1169,True,True,True,5,5,"[0, 4]",,up up up up right,up up up up right 
1170,True,True,True,7,7,"[2, 0]",,up left left up left left left,up left left up left left left 
1171,False,True,False,2,3,"[4, 4]",,up up,up up 
1172,True,True,True,4,4,"[1, 4]",,up up right right,up up right right 
1173,False,True,False,4,5,"[4, 4]",,down left down left,down left down left 
1174,True,True,True,6,6,"[4, 0]",,left left left down down down,left left left down down down 
1175,True,True,True,6,6,"[1, 2]",,up up up left left left,up up up left left left 
1176,True,True,True,3,3,"[5, 4]",,right right down,right right down 
1177,True,True,True,4,4,"[0, 3]",,up up left left,up up left left 
1178,False,True,False,6,7,"[4, 4]",,right right down down right down,right right down down right down 
1179,True,True,True,4,4,"[1, 5]",,up up right right,up up right right 
1180,False,True,False,2,4,"[3, 4]",,down right,down right 
1181,True,True,True,4,4,"[4, 1]",,left left down left,left left down left 
1182,True,True,True,7,7,"[4, 0]",,left left left left down down down,left left left left down down down 
1183,True,True,True,2,2,"[3, 0]",,up up,up up 
1184,False,True,False,4,6,"[0, 4]",,up right right right,up right right right 
1185,True,True,True,1,1,"[1, 1]",,right,right 
1186,True,True,True,6,6,"[2, 5]",,right up right right right up,right up right right right up 
1187,False,False,False,2,3,"[1, 6]",out_of_bounds,up right,up right 
1188,True,True,False,7,5,"[5, 6]",,down down left down down right down,down down left down down right down 
1189,True,True,True,4,4,"[5, 5]",,right right down down,right right down down 
1190,True,True,True,2,2,"[5, 2]",,right down,right down 
1191,False,True,False,6,7,"[5, 3]",,down left left left down down,down left left left down down 
1192,True,True,True,4,4,"[4, 5]",,right down down down,right down down down 
1193,True,True,True,4,4,"[4, 3]",,up right right right,up right right right 
1194,True,True,True,1,1,"[6, 4]",,left,left 
1195,True,True,True,3,3,"[2, 3]",,right right right,right right right 
1196,False,False,False,1,2,"[5, 6]",out_of_bounds,right,right 
1197,False,True,False,8,9,"[4, 5]",,right right right right right down down down,right right right rightright down down down 
1198,False,True,False,6,8,"[1, 3]",,up up up right right right,up up up right right right 
1199,False,True,False,6,7,"[5, 5]",,right down right right down down,right down right right down down 
1200,True,True,True,6,6,"[1, 4]",,up up up up right right,up up up up right right 
1201,True,True,True,1,1,"[4, 1]",,down,down 
1202,True,True,True,2,2,"[0, 3]",,up up,up up 
1203,False,False,False,3,6,"[3, 6]",out_of_bounds,right down down,right down down 
1204,True,True,True,3,3,"[5, 2]",,right right down,right right down 
1205,False,True,False,3,5,"[2, 3]",,left left left,left left left 
1206,False,False,False,4,6,"[6, 6]",obstacle,up up up left,up up up left 
1207,True,True,True,5,5,"[1, 5]",,right right right right right,right right right rightright 
1208,True,True,True,5,5,"[2, 0]",,left left left left left,left left left leftleft 
1209,False,True,False,1,3,"[6, 4]",,right,right 
1210,True,True,True,6,6,"[0, 5]",,up up up up right right,up up up up right right 
1211,False,False,False,4,4,"[0, 6]",out_of_bounds,up up up right,up up up right 
1212,True,True,True,6,6,"[3, 1]",,left left left down down down,left left left down down down 
1213,False,True,False,4,7,"[5, 4]",,right right down down,right right down down 
1214,False,True,False,2,3,"[6, 3]",,left left,left left 
1215,True,True,True,2,2,"[2, 5]",,up right,up right 
1216,True,True,True,3,3,"[3, 3]",,right right down,right right down 
1217,True,True,True,1,1,"[1, 2]",,left,left 
1218,False,True,False,3,4,"[5, 4]",,right right right,right right right 
1219,True,True,True,1,1,"[1, 1]",,down,down 
1220,True,True,True,2,2,"[2, 0]",,left left,left left 
1221,False,True,False,5,7,"[1, 3]",,up up left left left,up up left left left 
1222,False,True,False,6,8,"[1, 4]",,up up up up right right,up up up up right right 
1223,False,False,False,9,10,"[3, 6]",obstacle,right right right right down down down right down,right right right right down down down right down 
1224,False,True,False,4,6,"[4, 2]",,left down down down,left down down down 
1225,True,True,True,6,6,"[0, 0]",,up up up up left left,up up up up left left 
1226,False,True,False,4,6,"[4, 2]",,right right down down,right right down down 
1227,True,True,True,1,1,"[6, 5]",,right,right 
1228,True,True,True,6,6,"[3, 2]",,left left left down down down,left left left down down down 
1229,False,True,False,5,7,"[2, 4]",,up up up right right,up up up right right 
1230,False,True,False,6,8,"[0, 3]",,up up up left left left,up up up left left left 
1231,False,True,False,3,6,"[5, 4]",,right down down,right down down 
1232,False,True,False,3,4,"[6, 1]",,left left left,left left left 
1233,False,False,False,7,8,"[4, 5]",obstacle,left up left left left down left,left up left left left down left 
1234,False,True,False,9,8,"[0, 1]",,left up up up right up up left left,left up up up right up up left left 
1235,False,True,False,5,5,"[0, 2]",,up right right right left,up right right right left 
1236,True,True,True,5,5,"[4, 0]",,right down down left down,right down down left down 
1237,True,True,True,5,5,"[5, 5]",,down down down right down,down down down right down 
1238,False,True,False,5,6,"[5, 4]",,right right right down down,right right right down down 
1239,False,True,False,7,10,"[3, 1]",,left up up up left left left,left up up up left left left 
1240,True,True,True,3,3,"[1, 6]",,up up up,up up up 
1241,True,True,True,6,6,"[4, 0]",,left down down down left down,left down down down left down 
1242,False,False,False,4,4,"[1, 5]",obstacle,down down down left,down down down left 
1243,False,False,False,3,4,"[1, 5]",obstacle,left down down,left down down 
1244,False,False,False,8,8,"[2, 4]",obstacle,up up up right right right down right,up up up right right right down right 
1245,True,True,True,4,4,"[3, 3]",,up right right right,up right right right 
1246,True,True,True,4,4,"[0, 2]",,up left left left,up left left left 
1247,True,True,True,2,2,"[0, 3]",,right right,right right 
1248,True,True,True,3,3,"[1, 4]",,up up up,up up up 
1249,False,True,False,5,6,"[1, 4]",,up left up up up,up left up up up 
1250,True,True,True,3,3,"[3, 0]",,up up left,up up left 
1251,True,True,True,2,2,"[2, 2]",,right down,right down 
1252,True,True,True,4,4,"[4, 5]",,down down down right,down down down right 
1253,True,True,True,1,1,"[3, 2]",,down,down 
1254,True,True,True,5,5,"[5, 4]",,right right down right right,right right down right right 
1255,True,True,True,3,3,"[1, 1]",,up up up,up up up 
1256,True,True,True,3,3,"[1, 2]",,left left down,left left down 
1257,False,False,False,4,5,"[2, 6]",obstacle,left down down right,left down down right 
1258,True,True,True,2,2,"[3, 0]",,left left,left left 
1259,False,True,False,4,8,"[4, 4]",,right right down down,right right down down 
1260,True,True,True,4,4,"[1, 2]",,up up left up,up up left up 
1261,True,True,True,7,7,"[0, 3]",,up up up up right right right,up up up up right right right 
1262,True,True,False,6,2,"[4, 1]",,right up up left left down,right up up left left down 
1263,True,True,True,3,3,"[3, 0]",,down down down,down down down 
1264,True,True,True,4,4,"[0, 4]",,up up right right,up up right right 
1265,False,True,False,5,7,"[0, 4]",,up up up right right,up up up right right 
1266,False,True,False,3,4,"[4, 1]",,up up right,up up right 
1267,False,True,False,2,4,"[3, 5]",,left down,left down 
1268,True,True,True,3,3,"[0, 4]",,up right right,up right right 
1269,False,False,False,9,10,"[2, 3]",obstacle,up up up up right right right up right,up up up up right right right up right 
1270,True,True,True,3,3,"[2, 0]",,up up left,up up left 
1271,False,False,False,7,10,"[0, 5]",obstacle,left down down down left down left,left down down down left down left 
1272,False,True,False,4,7,"[6, 4]",,right right right right,right right right right 
1273,False,True,False,4,6,"[3, 2]",,up up up right,up up up right 
1274,False,True,False,4,5,"[4, 0]",,left up up left,left up up left 
1275,False,True,False,5,6,"[5, 2]",,up right right right left,up right right right left 
1276,False,False,False,2,3,"[5, 3]",obstacle,up right,up right 
1277,True,True,True,2,2,"[4, 3]",,right up,right up 
1278,False,False,False,7,9,"[3, 2]",obstacle,left left left left down down down,left left left left down down down 
1279,False,True,False,7,8,"[1, 2]",,left up up up right up up,left up up up right up up 
1280,True,True,True,1,1,"[2, 1]",,right,right 
1281,True,True,True,4,4,"[1, 2]",,left left left up,left left left up 
1282,True,True,True,3,3,"[1, 4]",,right right down,right right down 
1283,True,True,True,1,1,"[3, 2]",,down,down 
1284,False,True,False,3,5,"[4, 6]",,down down down,down down down 
1285,True,True,True,2,2,"[2, 3]",,left left,left left 
1286,True,True,True,6,6,"[2, 4]",,up up up right right right,up up up right right right 
1287,False,True,False,4,5,"[6, 4]",,right right right right,right right right right 
1288,True,True,True,3,3,"[2, 5]",,up right right,up right right 
1289,True,True,True,4,4,"[2, 2]",,left left down down,left left down down 
1290,True,True,True,3,3,"[4, 4]",,right down down,right down down 
1291,True,True,True,5,5,"[5, 3]",,right right right down down,right right right down down 
1292,False,True,False,4,8,"[4, 5]",,down down down down,down down down down 
1293,False,True,False,4,5,"[4, 5]",,down down down right,down down down right 
1294,True,True,False,4,2,"[5, 3]",,up right right down,up right right down 
1295,False,True,False,3,4,"[5, 4]",,down left down,down left down 
1296,True,True,True,3,3,"[4, 2]",,right down down,right down down 
1297,False,True,False,4,5,"[1, 4]",,up right right right,up right right right 
1298,False,True,False,5,9,"[4, 4]",,up up right right right,up up right right right 
1299,True,True,True,6,6,"[1, 0]",,left left down left left left,left left down left left left 
1300,True,True,True,4,4,"[2, 5]",,up up up right,up up up right 
1301,False,False,False,8,9,"[4, 5]",obstacle,right right right right down down right down,right right right right down down right down 
1302,True,True,True,4,4,"[2, 2]",,up up left left,up up left left 
1303,False,True,False,1,1,"[1, 4]",,left,left 
1304,False,True,False,4,5,"[5, 4]",,up right right right,up right right right 
1305,False,True,False,9,10,"[1, 4]",,up up up up right right right up right,up up up up right right right up right 
1306,True,True,True,4,4,"[5, 2]",,down down down left,down down down left 
1307,False,True,False,5,7,"[5, 4]",,right right right right down,right right right right down 
1308,True,True,True,6,6,"[0, 1]",,up up up left left up,up up up left left up 
1309,False,True,False,7,8,"[5, 4]",,up right up right right right down,up right up right right right down 
1310,True,True,False,5,3,"[5, 2]",,down left down down right,down left down down right 
1311,True,True,True,1,1,"[3, 0]",,down,down 
1312,True,True,True,2,2,"[2, 4]",,left down,left down 
1313,False,True,False,2,6,"[5, 4]",,right right,right right 
1314,True,True,True,5,5,"[4, 0]",,left left left down down,left left left down down 
1315,False,True,False,4,5,"[1, 5]",,left up up up,left up up up 
1316,True,True,True,4,4,"[4, 5]",,right right down down,right right down down 
1317,True,True,True,4,4,"[2, 4]",,right right right down,right right right down 
1318,False,True,False,1,4,"[6, 5]",,left,left 
1319,False,False,False,2,3,"[2, 6]",obstacle,down down,down down 
1320,False,True,False,5,5,"[2, 3]",,up right right right left,up right right right left 
1321,True,True,True,2,2,"[3, 1]",,left left,left left 
1322,False,True,False,7,9,"[3, 1]",,left up up left up left left,left up up left up left left 
1323,False,False,False,9,8,"[0, 1]",out_of_bounds,up up up up left left left up left,up up up up left left left up left 
1324,True,True,True,2,2,"[0, 2]",,left left,left left 
1325,True,True,True,6,6,"[0, 2]",,up up up up left up,up up up up left up 
1326,True,True,True,4,4,"[0, 2]",,up up up up,up up up up 
1327,False,True,False,1,2,"[3, 4]",,up,up 
1328,True,True,True,1,1,"[0, 2]",,up,up 
1329,True,True,True,5,5,"[1, 4]",,up up up up right,up up up up right 
1330,False,True,False,5,7,"[3, 1]",,right up up up left,right up up up left 
1331,True,True,True,3,3,"[3, 3]",,left left down,left left down 
1332,True,True,True,4,4,"[3, 0]",,left left left down,left left left down 
1333,False,False,False,4,4,"[2, 6]",out_of_bounds,up up right up,up up right up 
1334,True,True,True,6,6,"[4, 4]",,right right right right down down,right right right right down down 
1335,True,True,True,7,7,"[0, 1]",,up up up up left left left,up up up up left left left 
1337,False,True,False,6,9,"[3, 3]",,right right right down down down,right right right down down down 
1338,False,True,False,2,3,"[5, 3]",,up right,up right 
1339,True,True,True,5,5,"[2, 3]",,up up right right right,up up right right right 
1340,False,False,False,3,5,"[5, 5]",obstacle,left up up,left up up 
1341,True,True,True,1,1,"[4, 3]",,right,right 
1342,False,True,False,2,4,"[5, 4]",,right right,right right 
1343,False,True,False,4,5,"[3, 1]",,up left left left,up left left left 
1344,False,True,False,4,5,"[3, 2]",,right down down down,right down down down 
1345,False,False,False,6,7,"[3, 5]",obstacle,down down right down down down,down down right down down down 
1346,False,True,False,4,6,"[1, 5]",,up up left up,up up left up 
1347,False,True,False,2,3,"[6, 5]",,right right,right right 
1348,True,True,True,4,4,"[3, 5]",,down down right down,down down right down 
1349,True,True,True,6,6,"[0, 0]",,up up up left left left,up up up left left left 
1350,True,True,True,8,8,"[0, 1]",,left up up up left left left up,left up up up left left left up 
1351,True,True,True,1,1,"[2, 0]",,up,up 
1352,False,True,False,3,5,"[3, 4]",,up up up,up up up 
1353,False,True,False,5,7,"[2, 4]",,down right right right down,down right right right down 
1354,True,True,True,4,4,"[2, 1]",,left left left left,left left left left 
1355,False,True,False,3,4,"[0, 5]",,up up up,up up up 
1356,False,False,False,7,9,"[2, 2]",obstacle,left left left left down down down,left left left left down down down 
1357,True,True,True,9,9,"[0, 0]",,up up up up left left left up left,up up up up left left left up left 
1358,True,True,True,6,6,"[0, 5]",,right right right up right right,right right right up right right 
1359,False,False,False,0,6,"[6, 1]",invalid_action,,Goal not reachable
1360,False,False,False,6,8,"[3, 1]",obstacle,up right right down right right,up right right down right right 
1361,True,True,True,4,4,"[2, 3]",,left up up left,left up up left 
1362,False,False,False,0,8,"[6, 2]",invalid_action,,Goal not reachable
1363,True,True,True,2,2,"[2, 2]",,left down,left down 
1364,False,False,False,7,8,"[4, 2]",obstacle,left left up left left left down,left left up left left left down 
1365,True,True,True,6,6,"[4, 5]",,right down down down right down,right down down down right down 
1366,True,True,True,5,5,"[0, 4]",,down right right up right,down right right up right 
1367,False,False,False,5,6,"[3, 3]",obstacle,up up up left left,up up up left left 
1368,False,True,False,4,8,"[6, 4]",,right right right right,right right right right 
1369,False,True,False,9,9,"[2, 4]",,left up up up right up right right right,left up up up right up right right right 
1370,True,True,True,1,1,"[0, 4]",,up,up 
1371,True,True,True,5,5,"[2, 3]",,right down right right down,right down right right down 
1372,False,True,False,1,2,"[1, 6]",,up,up 
1373,False,True,False,5,7,"[1, 4]",,right up up up right,right up up up right 
1374,False,False,False,6,3,"[6, 4]",out_of_bounds,down right right up up left,down right right up up left 
1375,False,True,False,2,4,"[1, 5]",,up left,up left 
1376,True,True,True,2,2,"[2, 2]",,right down,right down 
1377,False,True,False,3,5,"[2, 4]",,right right right,right right right 
1378,False,True,False,5,7,"[3, 5]",,up up up right right,up up up right right 
1379,False,True,False,4,7,"[3, 5]",,up up up left,up up up left 
1380,True,True,True,5,5,"[1, 2]",,up up left left left,up up left left left 
1381,False,True,False,1,2,"[5, 1]",,left,left 
1382,False,True,False,4,5,"[5, 0]",,left left down down,left left down down 
1383,True,True,True,1,1,"[0, 1]",,left,left 
1384,True,True,True,4,4,"[1, 4]",,up up right right,up up right right 
1385,True,True,True,4,4,"[5, 3]",,right down down left,right down down left 
1386,True,True,True,7,7,"[3, 5]",,right right right right right down down,right right right rightright down down 
1387,False,True,False,7,8,"[5, 1]",,left left left left left down down,left left left leftleft down down 
1388,False,False,False,1,5,"[3, 3]",obstacle,down,down 
1389,False,False,False,6,6,"[5, 3]",obstacle,right up up up left left,right up up up left left 
1390,False,False,False,8,6,"[4, 1]",obstacle,right right up right right down down left,right right up right right down down left 
1391,True,True,True,1,1,"[1, 1]",,left,left 
1392,True,True,True,4,4,"[1, 0]",,up up up left,up up up left 
1393,True,True,True,3,3,"[3, 5]",,up up right,up up right 
1394,True,True,True,4,4,"[3, 2]",,right down down down,right down down down 
1395,False,False,False,5,6,"[4, 4]",obstacle,up up left left left,up up left left left 
1396,False,False,False,8,9,"[0, 6]",obstacle,left left left down down down left down,left left left down down down left down 
1397,True,True,True,1,1,"[0, 2]",,up,up 
1398,True,True,True,3,3,"[3, 3]",,down left left,down left left 
1399,False,False,False,8,6,"[4, 1]",obstacle,right right up right right down down left,right right up right right down down left 
1400,True,True,True,3,3,"[1, 2]",,up up left,up up left 
1401,True,True,False,6,4,"[6, 5]",,right right up right right down,right right up right right down 
1402,True,True,True,2,2,"[0, 4]",,up right,up right 
1403,False,False,False,4,4,"[3, 6]",out_of_bounds,up right up up,up right up up 
1404,True,True,True,7,7,"[4, 0]",,left left left left down down down,left left left left down down down 
1405,True,True,True,5,5,"[2, 4]",,up up right right right,up up right right right 
1406,False,False,False,10,6,"[5, 6]",out_of_bounds,right up up left left left up left down down,right up up left left left up left down down 
1407,True,True,True,3,3,"[2, 2]",,left left down,left left down 
1408,False,True,False,3,5,"[4, 4]",,right down down,right down down 
1409,True,True,True,4,4,"[5, 5]",,down right down down,down right down down 
1410,False,False,False,6,8,"[4, 0]",obstacle,up up right right up right,up up right right up right 
1411,False,True,False,6,8,"[4, 0]",,left down left left down down,left down left left down down 
1412,False,False,False,3,4,"[1, 5]",obstacle,left down down,left down down 
1413,False,True,False,2,5,"[5, 4]",,down down,down down 
1414,False,True,False,6,8,"[2, 2]",,up up up up left left,up up up up left left 
1415,True,True,True,6,6,"[0, 3]",,up left up up up left,up left up up up left 
1416,False,False,False,4,5,"[1, 5]",obstacle,left down down down,left down down down 
1417,True,True,True,2,2,"[4, 0]",,left down,left down 
1418,True,True,True,1,1,"[3, 0]",,up,up 
1419,False,False,False,8,7,"[2, 1]",obstacle,left left up up up right up up,left left up up up right up up 
1420,False,True,False,6,7,"[3, 2]",,left left left down left down,left left left down left down 
1421,False,True,False,7,8,"[4, 2]",,up up left left left right left,up up left left left right left 
1422,True,True,True,8,8,"[0, 0]",,left left left down left left up up,left left left down left left up up 
1423,False,True,False,1,3,"[4, 5]",,right,right 
1424,False,True,False,4,6,"[5, 4]",,right right down down,right right down down 
1425,True,True,True,5,5,"[3, 5]",,right down down down right,right down down down right 
1426,False,True,False,3,5,"[4, 6]",,down down down,down down down 
1427,True,True,True,5,5,"[3, 5]",,right down down down right,right down down down right 
1428,False,False,False,8,9,"[4, 0]",obstacle,up up right right up right up up,up up right right up right up up 
1429,True,True,True,4,4,"[5, 2]",,left down down left,left down down left 
1430,True,True,True,6,6,"[3, 3]",,down down right right right down,down down right right right down 
1431,True,True,True,5,5,"[3, 5]",,right down down down right,right down down down right 
1432,False,True,False,3,5,"[5, 5]",,left down down,left down down 
1433,True,True,True,7,7,"[4, 2]",,left left down down down left down,left left down down down left down 
1434,False,True,False,7,8,"[0, 5]",,up up up up right right up,up up up up right right up 
1435,False,True,False,4,5,"[3, 4]",,up up left up,up up left up 
1436,True,True,True,1,1,"[3, 4]",,down,down 
1437,False,True,False,3,3,"[5, 4]",,left down down,left down down 
1438,False,True,False,4,7,"[3, 4]",,up up up right,up up up right 
1439,True,True,True,2,2,"[1, 2]",,right up,right up 
1440,True,True,True,3,3,"[1, 0]",,up up up,up up up 
1441,False,True,False,6,5,"[5, 1]",,left left up left left down,left left up left left down 
1442,True,True,True,4,4,"[2, 2]",,left left down down,left left down down 
1443,True,True,True,4,4,"[2, 2]",,left left down down,left left down down 
1444,False,False,False,2,4,"[2, 5]",obstacle,left down,left down 
1445,True,True,True,7,7,"[4, 1]",,left left down down down left down,left left down down down left down 
1446,True,True,True,2,2,"[1, 1]",,left left,left left 
1447,False,True,False,3,3,"[3, 4]",,up left up,up left up 
1448,True,True,True,3,3,"[0, 5]",,up up right,up up right 
1449,True,True,True,3,3,"[1, 1]",,left left down,left left down 
1450,True,True,True,4,4,"[1, 4]",,right right right down,right right right down 
1451,False,False,False,7,6,"[3, 4]",obstacle,right up right right right down down,right up right right right down down 
1452,True,True,True,6,6,"[0, 3]",,left up up up left up,left up up up left up 
1453,False,True,False,4,6,"[3, 4]",,right up up right,right up up right 
1454,False,False,False,5,7,"[5, 1]",obstacle,up left up up up,up left up up up 
1455,True,True,False,6,4,"[5, 2]",,down down left down down right,down down left down down right 
1456,False,True,False,6,7,"[0, 5]",,up up up up right right,up up up up right right 
1457,True,True,True,5,5,"[5, 4]",,right right right down down,right right right down down 
1458,True,True,True,7,7,"[2, 5]",,right right right right down down right,right right right right down down right 
1459,True,True,True,5,5,"[5, 2]",,down right down down right,down right down down right 
1460,True,True,True,3,3,"[1, 3]",,right right down,right right down 
1461,True,True,True,5,5,"[4, 1]",,left down down left down,left down down left down 
1462,True,True,True,2,2,"[2, 4]",,down down,down down 
1463,False,True,False,2,3,"[5, 2]",,up right,up right 
1464,False,False,False,7,8,"[3, 4]",obstacle,left down down down right down down,left down down down right down down 
1465,False,False,False,7,5,"[3, 1]",obstacle,left up up up right up up,left up up up right up up 
1466,True,True,True,5,5,"[3, 1]",,left up left left left,left up left left left 
1467,True,True,True,6,6,"[0, 3]",,up right up up up right,up right up up up right 
1468,False,True,False,3,5,"[4, 1]",,down right down,down right down 
1469,False,False,False,1,4,"[1, 6]",obstacle,left,left 
1470,False,True,False,4,7,"[3, 1]",,right down down down,right down down down 
1471,True,True,True,2,2,"[1, 2]",,left left,left left 
1472,True,True,True,6,6,"[0, 0]",,up up up up left left,up up up up left left 
1473,True,True,True,2,2,"[2, 1]",,up right,up right 
1474,False,True,False,4,6,"[3, 4]",,right down down down,right down down down 
1475,False,True,False,9,11,"[1, 5]",,up up up up right right right up right,up up up up right right right up right 
1476,False,True,False,5,6,"[5, 1]",,left left left down down,left left left down down 
1477,True,True,True,6,6,"[0, 5]",,left up up up right up,left up up up right up 
1478,True,True,True,3,3,"[4, 5]",,right up right,right up right 
1479,True,True,True,1,1,"[2, 2]",,up,up 
1480,False,True,False,4,3,"[5, 2]",,up left left down,up left left down 
1481,True,True,True,2,2,"[5, 3]",,right down,right down 
1482,True,True,True,5,5,"[0, 1]",,up up up left left,up up up left left 
1483,True,True,True,7,7,"[5, 5]",,right right right right down down right,right right right right down down right 
1484,False,True,False,2,4,"[4, 1]",,left left,left left 
1485,True,True,True,4,4,"[2, 5]",,left up up right,left up up right 
1486,False,False,False,3,4,"[2, 5]",obstacle,right down down,right down down 
1487,False,True,False,4,5,"[5, 2]",,left left down down,left left down down 
1488,False,True,False,7,9,"[0, 4]",,up up up up right right right,up up up up right right right 
1489,False,True,False,6,7,"[5, 3]",,left left left down down down,left left left down down down 
1490,True,True,True,5,5,"[4, 5]",,down down down down right,down down down down right 
1491,True,True,True,2,2,"[4, 1]",,up left,up left 
1492,True,True,True,2,2,"[4, 5]",,up right,up right 
1493,False,False,False,4,5,"[4, 5]",obstacle,left up up left,left up up left 
1494,True,True,True,2,2,"[2, 0]",,up left,up left 
1495,True,True,True,5,5,"[0, 2]",,up up up left left,up up up left left 
1496,False,True,False,6,8,"[2, 2]",,up up up up left left,up up up up left left 
1497,True,True,True,5,5,"[0, 1]",,up up right up up,up up right up up 
1498,False,True,False,1,2,"[2, 5]",,right,right 
1499,False,True,False,5,7,"[3, 2]",,left left down down down,left left down down down 
1500,True,True,True,2,2,"[0, 1]",,up left,up left 
1501,False,True,False,4,6,"[4, 4]",,up right right right,up right right right 
1502,True,True,True,1,1,"[2, 5]",,left,left 
1503,True,True,True,6,6,"[5, 2]",,down left down down right down,down left down down right down 
1504,False,True,False,6,4,"[6, 1]",,left left up left right down,left left up left right down 
1505,False,True,False,3,4,"[4, 5]",,left down down,left down down 
1506,True,True,True,2,2,"[3, 4]",,up left,up left 
1507,True,True,True,6,6,"[4, 5]",,right right right right down down,right right right right down down 
1508,True,True,True,5,5,"[1, 5]",,up up up right right,up up up right right 
1509,False,True,False,1,1,"[6, 1]",,left,left 
1510,True,True,True,8,8,"[0, 3]",,right up up up right up up right,right up up up right up upright 
1511,True,True,True,2,2,"[5, 0]",,down left,down left 
1512,False,True,False,4,8,"[4, 4]",,right right down down,right right down down 
1513,True,True,True,4,4,"[4, 3]",,right right down down,right right down down 
1514,True,True,True,2,2,"[2, 1]",,right down,right down 
1515,True,True,True,2,2,"[3, 4]",,left down,left down 
1516,False,False,False,3,6,"[5, 6]",obstacle,left left left,left left left 
1517,False,True,False,1,1,"[5, 6]",,up,up 
1518,False,True,False,2,3,"[4, 5]",,left down,left down 
1519,True,True,True,3,3,"[2, 6]",,up up up,up up up 
1520,True,True,True,4,4,"[2, 4]",,up up up right,up up up right 
1521,False,True,False,3,5,"[4, 4]",,left down down,left down down 
1522,False,False,False,6,8,"[1, 4]",obstacle,up up left left up left,up up left left up left 
1523,False,True,False,4,7,"[3, 4]",,up up up right,up up up right 
1524,True,True,True,4,4,"[2, 1]",,left left left down,left left left down 
1525,True,True,True,4,4,"[5, 3]",,left down down down,left down down down 
1526,False,False,False,5,6,"[1, 4]",obstacle,up left left up left,up left left up left 
1527,False,True,False,9,12,"[0, 3]",,up up up up left left up left up,up up up up left left up left up 
1528,True,True,True,2,2,"[5, 1]",,left down,left down 
1529,False,True,False,2,4,"[6, 4]",,left left,left left 
1530,True,True,True,3,3,"[1, 3]",,left up left,left up left 
1531,False,True,False,3,5,"[4, 4]",,right right down,right right down 
1532,True,True,True,4,4,"[3, 1]",,left left left down,left left left down 
1533,True,True,True,6,6,"[3, 0]",,left left left left down down,left left left left down down 
1534,True,True,True,5,5,"[2, 1]",,up up left left left,up up left left left 
1535,False,True,False,1,3,"[4, 6]",,down,down 
1536,True,True,True,1,1,"[2, 5]",,right,right 
1537,False,True,False,3,3,"[4, 1]",,up left left,up left left 
1538,True,True,True,4,4,"[0, 4]",,right up right right,right up right right 
1539,False,True,False,4,5,"[3, 2]",,up up up left,up up up left 
1540,True,True,True,6,6,"[3, 0]",,left down left left down down,left down left left down down 
1541,True,True,True,4,4,"[1, 0]",,up up up left,up up up left 
1542,True,True,True,3,3,"[5, 3]",,left down down,left down down 
1543,False,True,False,5,8,"[3, 4]",,up up up right right,up up up right right 
1544,False,False,False,8,9,"[1, 4]",obstacle,up up up up right right up right,up up up up right right up right 
1545,False,True,False,4,6,"[4, 1]",,left down down down,left down down down 
1546,True,True,True,3,3,"[5, 4]",,left down down,left down down 
1547,True,True,True,4,4,"[2, 4]",,right right right right,right right right right 
1548,False,True,False,4,6,"[3, 3]",,up up up right,up up up right 
1549,False,True,False,2,4,"[2, 4]",,up right,up right 
1550,True,True,True,4,4,"[4, 0]",,left down down down,left down down down 
1551,False,True,False,3,5,"[4, 3]",,left down down,left down down 
1552,True,True,True,3,3,"[2, 2]",,right right down,right right down 
1553,True,True,True,2,2,"[0, 0]",,up up,up up 
1554,True,True,True,2,2,"[0, 5]",,up right,up right 
1555,True,True,True,2,2,"[3, 3]",,left down,left down 
1556,True,True,True,2,2,"[2, 2]",,up right,up right 
1557,False,False,False,3,7,"[4, 6]",obstacle,left left left,left left left 
1558,False,True,False,7,9,"[4, 3]",,down right right right down down down,down right right right down down down 
1559,True,True,True,4,4,"[3, 4]",,right right right down,right right right down 
1560,True,True,False,4,2,"[6, 3]",,up left left down,up left left down 
1561,True,True,True,4,4,"[1, 1]",,up up left left,up up left left 
1562,False,True,False,2,3,"[1, 5]",,up left,up left 
1563,True,True,True,1,1,"[1, 5]",,up,up 
1564,True,True,True,4,4,"[0, 0]",,up up up left,up up up left 
1565,False,True,False,5,7,"[2, 4]",,right right right right down,right right right right down 
1566,True,True,True,4,4,"[2, 0]",,left left left down,left left left down 
1567,False,False,False,8,4,"[4, 4]",obstacle,left left up up up right right right,left left up up up right right right 
1568,True,True,True,5,5,"[0, 3]",,up up up left left,up up up left left 
1569,False,True,False,2,4,"[4, 4]",,down right,down right 
1570,True,True,True,3,3,"[5, 0]",,down left down,down left down 
1571,True,True,True,3,3,"[0, 1]",,up up left,up up left 
1572,True,True,True,9,9,"[0, 1]",,up up up up left left up left left,up up up up left left up leftleft 
1573,True,True,True,4,4,"[2, 3]",,up up right right,up up right right 
1574,True,True,True,7,7,"[0, 1]",,left up up up left up left,left up up up left up left 
1575,True,True,True,3,3,"[5, 2]",,down right down,down right down 
1576,False,False,False,9,11,"[2, 2]",obstacle,left left left down down down left down left,left left left down down down left down left 
1577,False,True,False,7,8,"[1, 1]",,up up up up left left up,up up up up left left up 
1578,False,True,False,6,8,"[0, 3]",,up up up left left left,up up up left left left 
1579,False,True,False,5,7,"[4, 0]",,left down down down left,left down down down left 
1580,False,True,False,9,9,"[0, 2]",,up up up up left left left right left,up up up up left left left right left 
1581,True,True,True,2,2,"[5, 3]",,right right,right right 
1582,False,True,False,3,5,"[4, 4]",,right right right,right right right 
1583,True,True,True,4,4,"[1, 3]",,up right right right,up right right right 
1584,True,True,True,3,3,"[0, 1]",,up up right,up up right 
1585,True,True,True,5,5,"[3, 3]",,up right right right up,up right right right up 
1586,False,False,False,7,9,"[3, 3]",obstacle,right down down down right down down,right down down down right down down 
1587,True,True,True,7,7,"[4, 4]",,right right right down down down right,right right right down down down right 
1588,False,True,False,5,7,"[0, 3]",,up up left left left,up up left left left 
1589,True,True,True,2,2,"[1, 4]",,left down,left down 
1590,True,True,True,3,3,"[4, 0]",,left left down,left left down 
1591,False,True,False,2,3,"[4, 3]",,up up,up up 
1592,True,True,True,5,5,"[2, 1]",,up up left left left,up up left left left 
1593,True,True,True,5,5,"[1, 0]",,left left left left down,left left left left down 
1594,False,True,False,2,3,"[1, 5]",,right down,right down 
1595,False,True,False,5,7,"[5, 4]",,right right right down right,right right right down right 
1596,False,True,False,3,5,"[3, 3]",,up up up,up up up 
1597,True,True,True,3,3,"[0, 3]",,up right right,up right right 
1598,False,True,False,7,9,"[4, 4]",,right right right right down down down,right right right right down down down 
1599,False,True,False,4,4,"[4, 4]",,left down down down,left down down down 
1600,False,True,False,4,6,"[1, 4]",,right right right down,right right right down 
1601,True,True,True,3,3,"[4, 0]",,left down down,left down down 
1602,False,False,False,0,7,"[5, 4]",invalid_action,,Goal not reachable
1603,False,False,False,7,8,"[6, 5]",obstacle,up up left left left right left,up up left left left right left 
1604,True,True,True,3,3,"[2, 1]",,up left left,up left left 
1605,False,True,False,2,7,"[6, 4]",,right right,right right 
1606,False,False,False,5,7,"[6, 0]",obstacle,up up up right right,up up up right right 
1607,False,True,False,5,4,"[4, 5]",,left down down right right,left down down right right 
1608,True,True,True,1,1,"[1, 5]",,left,left 
1609,False,True,False,4,6,"[4, 0]",,left left left left,left left left left 
1610,True,True,True,1,1,"[3, 6]",,down,down 
1611,True,True,True,4,4,"[3, 5]",,right down down down,right down down down 
1612,True,True,True,8,8,"[1, 0]",,up up up left left left left left,up up up left left leftleft left 
1613,False,True,False,7,9,"[4, 1]",,left left left left down down down,left left left left down down down 
1614,False,False,False,4,7,"[6, 1]",obstacle,up up up left,up up up left 
1615,False,True,False,2,3,"[3, 5]",,up left,up left 
1616,True,True,True,4,4,"[3, 0]",,left left down down,left left down down 
1617,False,True,False,4,5,"[5, 3]",,down down down left,down down down left 
1618,True,True,True,3,3,"[2, 0]",,up left left,up left left 
1619,False,True,False,4,6,"[2, 3]",,up right right right,up right right right 
1620,True,True,True,3,3,"[1, 4]",,right right right,right right right 
1621,True,True,True,3,3,"[2, 3]",,left down down,left down down 
1622,False,True,False,4,6,"[3, 2]",,up left left left,up left left left 
1623,True,True,True,5,5,"[2, 3]",,left up up up right,left up up up right 
1624,False,True,False,3,4,"[1, 4]",,left left down,left left down 
1625,True,True,True,2,2,"[0, 0]",,up up,up up 
1626,False,True,False,3,5,"[3, 6]",,up up up,up up up 
1627,False,True,False,5,7,"[5, 4]",,right right down down down,right right down down down 
1628,False,True,False,4,6,"[3, 4]",,up right right right,up right right right 
1629,True,True,True,4,4,"[3, 2]",,right right down down,right right down down 
1630,False,False,False,7,7,"[3, 0]",out_of_bounds,left left down down down left down,left left down down down left down 
1631,False,True,False,5,10,"[3, 4]",,right right down down down,right right down down down 
1632,False,False,False,4,5,"[4, 5]",obstacle,right down down down,right down down down 
1633,True,True,True,3,3,"[5, 4]",,down down down,down down down 
1634,True,True,True,4,4,"[1, 2]",,left left left down,left left left down 
1635,False,False,False,5,6,"[2, 5]",obstacle,up up left up left,up up left up left 
1636,False,True,False,3,4,"[3, 2]",,up right right,up right right 
1637,False,False,False,5,7,"[2, 6]",out_of_bounds,up up up up right,up up up up right 
1638,False,True,False,5,6,"[3, 2]",,up right right right left,up right right right left 
1639,True,True,True,5,5,"[3, 1]",,up up left left left,up up left left left 
1640,False,True,False,3,4,"[4, 4]",,right up up,right up up 
1641,False,False,False,8,9,"[2, 0]",obstacle,up up up up right right up right,up up up up right right up right 
1642,True,True,True,2,2,"[0, 4]",,up up,up up 
1643,False,True,False,8,9,"[4, 1]",,left left left down down down left down,left left left down down down left down 
1644,True,True,True,1,1,"[6, 4]",,right,right 
1645,False,True,False,5,6,"[2, 4]",,up up up left left,up up up left left 
1646,True,True,True,5,5,"[1, 3]",,up up up up right,up up up up right 
1647,True,True,True,7,7,"[4, 5]",,right right right down right down down,right right right down right down down 
1648,True,True,True,3,3,"[5, 4]",,right down down,right down down 
1649,False,True,False,3,3,"[4, 5]",,right up right,right up right 
1650,True,True,True,1,1,"[4, 4]",,down,down 
1651,True,True,True,3,3,"[3, 4]",,up up left,up up left 
1652,False,True,False,4,7,"[3, 0]",,left down down down,left down down down 
1653,True,True,True,2,2,"[4, 4]",,up left,up left 
1654,False,True,False,5,7,"[1, 4]",,up right right right up,up right right right up 
1655,True,True,True,4,4,"[6, 3]",,up right right down,up right right down 
1656,False,True,False,3,4,"[1, 5]",,up up left,up up left 
1657,True,True,True,5,5,"[2, 1]",,up up up left left,up up up left left 
1658,True,True,True,2,2,"[3, 6]",,down down,down down 
1659,True,True,True,4,4,"[4, 6]",,down down down down,down down down down 
1660,True,True,True,2,2,"[3, 2]",,right right,right right 
1661,False,True,False,3,5,"[4, 3]",,left left left,left left left 
1662,True,True,True,5,5,"[3, 3]",,left down down left down,left down down left down 
1663,True,True,True,2,2,"[2, 2]",,right down,right down 
1664,True,True,True,4,4,"[4, 5]",,right down down down,right down down down 
1665,True,True,True,2,2,"[0, 3]",,left left,left left 
1666,True,True,True,5,5,"[0, 5]",,up up up up up,up up up upup 
1667,False,True,False,9,10,"[4, 0]",,left left left left down down down left down,left left left left down down down left down 
1668,False,False,False,7,8,"[6, 0]",obstacle,up up up up right right up,up up up up right right up 
1669,False,False,False,4,5,"[0, 3]",obstacle,left left left down,left left left down 
1670,True,True,True,5,5,"[1, 1]",,up left left up left,up left left up left 
1671,True,True,True,4,4,"[3, 3]",,right right right down,right right right down 
1672,True,True,True,2,2,"[0, 4]",,up left,up left 
1673,True,True,True,5,5,"[2, 1]",,up up left left left,up up left left left 
1674,True,True,True,5,5,"[3, 5]",,right right right right down,right right right right down 
1675,False,True,False,4,6,"[3, 5]",,up up up left,up up up left 
1676,True,True,True,1,1,"[1, 2]",,right,right 
1677,True,True,True,1,1,"[1, 2]",,right,right 
1678,False,True,False,8,9,"[2, 3]",,up up up up down left left left,up up up up down left left left 
1679,False,True,False,4,6,"[2, 4]",,right right right right,right right right right 
1680,False,True,False,3,5,"[3, 6]",,up up up,up up up 
1681,True,True,True,3,3,"[1, 4]",,right right down,right right down 
1682,True,True,True,3,3,"[0, 2]",,up right right,up right right 
1683,True,True,True,2,2,"[0, 1]",,up right,up right 
1684,True,True,True,2,2,"[1, 2]",,right right,right right 
1685,False,False,False,5,7,"[2, 5]",obstacle,up up up up left,up up up up left 
1686,False,True,False,6,7,"[4, 5]",,up right right up right right,up right right up right right 
1687,False,True,False,1,2,"[1, 6]",,up,up 
1688,False,True,False,5,7,"[4, 1]",,left left down down down,left left down down down 
1689,True,True,True,1,1,"[3, 5]",,up,up 
1690,False,True,False,1,2,"[1, 5]",,left,left 
1691,True,True,True,6,6,"[5, 2]",,down left left down left down,down left left down left down 
1692,True,True,True,3,3,"[5, 6]",,down down down,down down down 
1693,False,True,False,1,1,"[5, 4]",,left,left 
1694,False,True,False,1,2,"[1, 6]",,down,down 
1695,False,True,False,4,6,"[3, 4]",,down down down right,down down down right 
1696,False,True,False,6,6,"[5, 4]",,up right right right down right,up right right right down right 
1697,False,True,False,2,2,"[4, 4]",,left down,left down 
1698,True,True,True,3,3,"[2, 3]",,up left up,up left up 
1699,True,True,True,3,3,"[0, 3]",,up right right,up right right 
1700,False,True,False,3,4,"[5, 1]",,right down down,right down down 
1701,False,True,False,3,5,"[4, 2]",,down down left,down down left 
1702,False,True,False,2,4,"[4, 2]",,down left,down left 
1703,True,True,True,1,1,"[1, 2]",,up,up 
1704,False,True,False,1,1,"[6, 4]",,left,left 
1705,False,True,False,5,8,"[4, 4]",,up right right up right,up right right up right 
1706,False,True,False,8,9,"[5, 2]",,left left left down down down left down,left left left down down down left down 
1707,True,True,True,2,2,"[2, 1]",,right down,right down 
1708,False,True,False,6,8,"[4, 1]",,left left left down down down,left left left down down down 
1709,False,True,False,5,7,"[2, 5]",,up right up up up,up right up up up 
1710,True,True,True,2,2,"[4, 0]",,left down,left down 
1711,False,False,False,4,3,"[4, 5]",obstacle,left up up right,left up up right 
1712,True,True,True,10,10,"[0, 0]",,up left up up up left up left left left,up left up up up left up left left left 
1713,False,True,False,1,2,"[5, 0]",,up,up 
1714,False,True,False,6,4,"[4, 0]",,up up left left down down,up up left left down down 
1715,True,True,True,7,7,"[1, 1]",,left up up up left up left,left up up up left up left 
1716,True,True,True,1,1,"[2, 0]",,down,down 
1717,True,True,True,4,4,"[3, 3]",,right right right down,right right right down 
1718,False,True,False,8,9,"[4, 1]",,left left down down down left down left,left left down down down left down left 
1719,True,True,True,1,1,"[0, 5]",,left,left 
1720,True,True,False,5,3,"[5, 1]",,down left down down right,down left down down right 
1721,False,True,False,6,8,"[0, 4]",,right up up up right up,right up up up right up 
1722,True,True,True,2,2,"[3, 2]",,up left,up left 
1723,True,True,True,5,5,"[1, 4]",,up up right right right,up up right right right 
1724,True,True,True,5,5,"[2, 5]",,right right right down down,right right right down down 
1725,True,True,True,1,1,"[3, 4]",,right,right 
1726,True,True,True,5,5,"[0, 1]",,up up up left left,up up up left left 
1727,False,True,False,6,6,"[4, 3]",,right down down down left down,right down down down left down 
1728,False,True,False,4,6,"[3, 4]",,right right right down,right right right down 
1729,True,True,True,2,2,"[3, 2]",,left down,left down 
1730,False,True,False,2,4,"[3, 4]",,up right,up right 
1731,False,True,False,3,5,"[4, 3]",,right down down,right down down 
1732,False,False,False,5,6,"[4, 5]",obstacle,left up up left left,left up up left left 
1733,True,True,True,4,4,"[4, 1]",,left up left left,left up left left 
1734,False,False,False,7,7,"[4, 5]",obstacle,left up up up right up up,left up up up right up up 
1735,True,True,True,6,6,"[0, 5]",,left up up up right up,left up up up right up 
1736,False,True,False,4,6,"[4, 4]",,right right right right,right right right right 
1737,False,False,False,6,3,"[6, 6]",out_of_bounds,down right right up up left,down right right up up left 
1738,True,True,True,3,3,"[5, 2]",,right right down,right right down 
1739,True,True,True,4,4,"[4, 4]",,right right right down,right right right down 
1740,False,True,False,9,9,"[4, 0]",,left left left left down down down left down,left left left left down down down left down 
1741,True,True,True,5,5,"[2, 3]",,up up right right right,up up right right right 
1742,True,True,True,7,7,"[1, 2]",,up left left up up up left,up left left up up up left 
1743,False,True,False,7,8,"[5, 5]",,right down down down right right down,right down down down right right down 
1744,True,True,True,1,1,"[4, 5]",,left,left 
1745,True,True,True,1,1,"[5, 5]",,right,right 
1746,True,True,True,2,2,"[3, 2]",,up up,up up 
1747,False,True,False,2,4,"[4, 0]",,down down,down down 
1748,False,True,False,9,10,"[0, 1]",,left up up up left up left left left,left up up up left up left left left 
1749,True,True,True,6,6,"[0, 3]",,up up up up right right,up up up up right right 
1750,True,True,True,3,3,"[3, 1]",,up up right,up up right 
1751,False,True,False,5,8,"[3, 1]",,left left down down down,left left down down down 
1752,True,True,True,3,3,"[4, 3]",,right right down,right right down 
1753,True,True,True,7,7,"[5, 5]",,down down down down right right down,down down down down right right down 
1754,True,True,True,5,5,"[5, 4]",,right down right down down,right down right down down 
1755,True,True,True,2,2,"[1, 1]",,up up,up up 
1756,True,True,True,3,3,"[4, 4]",,down right down,down right down 
1757,False,True,False,7,10,"[3, 4]",,right right down down right down right,right right down down right down right 
1758,True,True,True,3,3,"[3, 0]",,down down down,down down down 
1759,True,True,True,6,6,"[2, 1]",,left up left up left left,left up left up left left 
1760,True,True,True,6,6,"[3, 0]",,left left left down down down,left left left down down down 
1761,False,True,False,6,5,"[5, 4]",,up right up right right down,up right up right right down 
1762,True,True,True,7,7,"[2, 0]",,up up left up left left left,up up left up left left left 
1763,False,False,False,5,6,"[2, 5]",obstacle,left up up left left,left up up left left 
1764,True,True,True,5,5,"[5, 5]",,up right right right down,up right right right down 
1765,False,False,False,4,2,"[2, 5]",obstacle,left down down right,left down down right 
1766,True,True,True,5,5,"[3, 5]",,right right down down down,right right down down down 
1767,False,True,False,5,7,"[4, 0]",,left left left down down,left left left down down 
1768,False,True,False,5,7,"[2, 3]",,left left left down down,left left left down down 
1769,True,True,True,1,1,"[1, 3]",,left,left 
1770,False,True,False,3,5,"[1, 3]",,left left left,left left left 
1771,False,True,False,3,4,"[0, 3]",,left left left,left left left 
1772,True,True,True,6,6,"[5, 5]",,right right right down right right,right right right down right right 
1773,True,True,True,2,2,"[3, 1]",,down down,down down 
1774,False,True,False,6,8,"[5, 4]",,down down down down right down,down down down down right down 
1775,True,True,True,6,6,"[0, 2]",,up up up left left left,up up up left left left 
1776,True,True,True,6,6,"[0, 4]",,up up up right right right,up up up right right right 
1777,False,True,False,9,8,"[0, 1]",,up up up up left left left up left,up up up up left left left up left 
1778,False,True,False,3,4,"[1, 5]",,up up left,up up left 
1779,False,False,False,6,8,"[3, 3]",obstacle,left up up up right up,left up up up right up 
1780,False,True,False,9,11,"[1, 3]",,up up up up right right up right down,up up up up right right up right down 
1781,False,True,False,6,8,"[4, 4]",,down down left down down right,down down left down down right 
1782,True,True,True,2,2,"[0, 1]",,up right,up right 
1783,True,True,True,7,7,"[0, 4]",,up up right up up up right,up up right up up up right 
1784,True,True,True,3,3,"[2, 5]",,up up up,up up up 
1785,True,True,True,3,3,"[0, 2]",,up left left,up left left 
1786,False,True,False,2,3,"[5, 4]",,right right,right right 
1787,True,True,False,7,5,"[4, 5]",,right right up right right down down,right right up right right down down 
1788,True,True,True,2,2,"[0, 4]",,right right,right right 
1789,False,True,False,5,7,"[4, 4]",,down left down down right,down left down down right 
1790,True,True,True,2,2,"[2, 0]",,down down,down down 
1791,True,True,True,4,4,"[2, 0]",,left left left down,left left left down 
1792,False,False,False,5,6,"[3, 3]",obstacle,up up up right right,up up up right right 
1793,False,False,False,2,2,"[5, 6]",out_of_bounds,right up,right up 
1794,False,True,False,5,5,"[0, 2]",,up right right right left,up right right right left 
1795,False,True,False,3,5,"[4, 3]",,left down down,left down down 
1796,False,True,False,2,4,"[4, 5]",,left up,left up 
1797,True,True,True,6,6,"[1, 0]",,up up up left left left,up up up left left left 
1798,True,True,True,8,8,"[0, 3]",,up up up up right right up right,up up up up right right up right 
1799,True,True,False,7,5,"[5, 0]",,left left left up left down down,left left left up left down down 
1800,False,True,False,3,4,"[0, 3]",,left left left,left left left 
1801,True,True,True,3,3,"[4, 5]",,up right right,up right right 
1802,False,True,False,3,5,"[0, 4]",,right right right,right right right 
1803,False,False,False,9,10,"[2, 4]",obstacle,up up up up right right right up right,up up up up right right right up right 
1804,True,True,True,7,7,"[4, 5]",,down right right right down right down,down right right right down right down 
1805,True,True,True,1,1,"[1, 1]",,up,up 
1806,False,False,False,9,9,"[1, 5]",obstacle,up up up up left left up left left,up up up up left left up leftleft 
1807,True,True,True,6,6,"[5, 0]",,left left left down down down,left left left down down down 
1808,False,True,False,2,3,"[5, 4]",,up right,up right 
1809,False,False,False,8,5,"[1, 1]",obstacle,right up up right right down down down,right up up right right down down down 
1810,False,True,False,3,4,"[5, 4]",,left left down,left left down 
1811,False,True,False,1,2,"[4, 6]",,down,down 
1812,False,False,False,4,5,"[2, 4]",obstacle,up left left up,up left left up 
1813,True,True,True,3,3,"[1, 3]",,left left down,left left down 
1814,False,True,False,6,10,"[4, 4]",,right down down right down down,right down down right down down 
1815,False,True,False,2,4,"[3, 5]",,up right,up right 
1816,False,True,False,5,6,"[3, 3]",,right right down down down,right right down down down 
1817,False,True,False,7,8,"[5, 4]",,left down down down left down down,left down down down left down down 
1818,True,True,True,5,5,"[5, 3]",,left left down down down,left left down down down 
1819,True,True,True,4,4,"[1, 5]",,right right right up,right right right up 
1820,True,True,True,1,1,"[3, 3]",,down,down 
1821,False,True,False,9,9,"[0, 2]",,up up up up left left left right left,up up up up left left left right left 
1822,True,True,True,5,5,"[0, 1]",,up up up left left,up up up left left 
1823,True,True,True,6,6,"[0, 1]",,up left up up left left,up left up up left left 
1824,True,True,True,5,5,"[4, 0]",,left down left left left,left down left left left 
1825,False,True,False,3,4,"[0, 5]",,up up up,up up up 
1826,False,False,False,4,6,"[6, 3]",obstacle,left left left left,left left left left 
1827,True,True,True,3,3,"[3, 3]",,right right down,right right down 
1828,False,True,False,7,7,"[4, 0]",,left up left left left down down,left up left left left down down 
1829,False,True,False,3,4,"[5, 3]",,up right right,up right right 
1830,True,True,True,4,4,"[0, 3]",,up up left left,up up left left 
1831,False,False,False,7,7,"[2, 4]",obstacle,right right right right down down right,right right right right down down right 
1832,False,False,False,8,6,"[3, 3]",obstacle,up right right right up right right down,up right right right up right right down 
1833,True,True,True,4,4,"[0, 4]",,up up up right,up up up right 
1834,False,False,False,8,10,"[3, 5]",obstacle,up up up left left left right left,up up up left left left right left 
1835,True,True,True,1,1,"[5, 1]",,right,right 
1836,True,True,True,6,6,"[3, 5]",,right right up right right up,right right up right right up 
1837,False,True,False,6,6,"[0, 2]",,up left left left right left,up left left left right left 
1838,False,True,False,3,4,"[3, 0]",,up up up,up up up 
1839,False,True,False,8,10,"[0, 4]",,up up up up right right up right,up up up up right right up right 
1840,True,True,True,7,7,"[0, 1]",,left up up up left up left,left up up up left up left 
1841,False,True,False,5,6,"[3, 2]",,up up up right right,up up up right right 
1842,True,True,True,3,3,"[1, 3]",,left left down,left left down 
1843,True,True,True,2,2,"[0, 3]",,up left,up left 
1844,True,True,True,3,3,"[1, 2]",,up up up,up up up 
1845,True,True,True,6,6,"[3, 5]",,right right up right right down,right right up right right down 
1846,False,True,False,5,7,"[4, 4]",,down down down down right,down down down down right 
1847,False,True,False,4,6,"[5, 3]",,left up left left,left up left left 
1848,True,True,True,4,4,"[2, 4]",,right right right right,right right right right 
1849,False,True,False,7,9,"[3, 0]",,left up up up left left left,left up up up left left left 
1850,True,True,True,8,8,"[1, 0]",,up left up up up left left left,up left up up up left left left 
1851,False,True,False,1,1,"[5, 4]",,left,left 
1852,True,True,True,6,6,"[4, 0]",,left left left down down down,left left left down down down 
1853,False,True,False,4,5,"[3, 1]",,right down down down,right down down down 
1854,False,True,False,6,7,"[3, 1]",,left left left down down down,left left left down down down 
1855,True,True,True,4,4,"[5, 4]",,right right right down,right right right down 
1856,True,True,True,3,3,"[1, 2]",,up up up,up up up 
1857,True,True,True,5,5,"[1, 0]",,left left left left down,left left left left down 
1858,True,True,True,3,3,"[4, 3]",,right down down,right down down 
1859,True,True,True,4,4,"[3, 2]",,right down down down,right down down down 
1860,True,True,True,2,2,"[4, 1]",,up left,up left 
1861,False,True,False,4,5,"[5, 4]",,left down down down,left down down down 
1862,True,True,True,3,3,"[2, 2]",,up up up,up up up 
1863,True,True,True,6,6,"[1, 0]",,down left left up left left,down left left up left left 
1864,False,True,False,3,5,"[4, 5]",,up up right,up up right 
1865,True,True,True,3,3,"[3, 2]",,up up right,up up right 
1866,False,False,False,9,8,"[0, 3]",obstacle,up up up up right right right down right,up up up up right right right down right 
1867,False,False,False,6,8,"[6, 5]",obstacle,up up left left left up,up up left left left up 
1868,False,True,False,1,2,"[2, 6]",,up,up 
1869,False,True,False,3,4,"[5, 4]",,right down down,right down down 
1870,True,True,True,7,7,"[3, 5]",,right right right right down down down,right right right right down down down 
1871,True,True,True,1,1,"[4, 4]",,right,right 
1872,True,True,True,9,9,"[4, 0]",,left left left left down down down left down,left left left left down down down left down 
1873,False,True,False,5,6,"[4, 0]",,left left down down down,left left down down down 
1874,True,True,True,5,5,"[0, 2]",,up up left left left,up up left left left 
1875,True,True,True,2,2,"[3, 3]",,left down,left down 
1876,True,True,True,1,1,"[4, 1]",,left,left 
1877,True,True,True,1,1,"[6, 1]",,right,right 
1878,True,True,True,5,5,"[0, 2]",,up up left left left,up up left left left 
1879,False,False,False,7,8,"[6, 3]",obstacle,up up left up up up right,up up left up up up right 
1880,False,False,False,3,9,"[3, 6]",obstacle,down down down,down down down 
1881,True,True,True,7,7,"[1, 5]",,right right up right right right down,right right up right right right down 
1882,True,True,True,1,1,"[6, 1]",,left,left 
1883,True,True,True,4,4,"[3, 4]",,up right right right,up right right right 
1884,False,False,False,3,4,"[3, 6]",obstacle,down down down,down down down 
1885,True,True,True,6,6,"[0, 2]",,up up up up left left,up up up up left left 
1886,False,False,False,4,1,"[3, 6]",obstacle,up right right down,up right right down 
1887,False,False,False,0,5,"[4, 5]",invalid_action,,Goal not reachable
1888,False,False,False,5,6,"[4, 3]",obstacle,left left left down down,left left left down down 
1889,False,True,False,5,8,"[2, 5]",,up up up up right,up up up up right 
1890,False,True,False,3,5,"[1, 6]",,up up up,up up up 
1891,True,True,True,2,2,"[5, 2]",,left down,left down 
1892,True,True,True,3,3,"[1, 4]",,up up left,up up left 
1893,False,True,False,6,5,"[5, 6]",,down down left down down right,down down left down down right 
1894,True,True,True,4,4,"[0, 2]",,left left left up,left left left up 
1895,False,False,False,6,6,"[4, 1]",obstacle,left left left left up left,left left left left up left 
1896,True,True,True,6,6,"[4, 1]",,left left down down down left,left left down down down left 
1897,True,True,True,6,6,"[2, 2]",,left up up up left left,left up up up left left 
1898,False,True,False,4,6,"[5, 4]",,left left down down,left left down down 
1899,False,True,False,3,6,"[5, 4]",,up right right,up right right 
1900,True,True,True,3,3,"[2, 4]",,left up up,left up up 
1901,True,True,True,2,2,"[3, 3]",,up up,up up 
1902,False,True,False,6,8,"[3, 0]",,up up left left left up,up up left left left up 
1903,False,True,False,3,4,"[1, 6]",,up up up,up up up 
1904,False,True,False,2,5,"[4, 4]",,left left,left left 
1905,True,True,True,3,3,"[1, 5]",,up right right,up right right 
1906,False,True,False,4,8,"[4, 4]",,right right down down,right right down down 
1907,False,True,False,3,3,"[5, 4]",,left down down,left down down 
1908,True,True,True,1,1,"[2, 3]",,up,up 
1909,False,True,False,6,8,"[4, 3]",,right down right down down down,right down right down down down 
1910,True,True,True,3,3,"[4, 2]",,up right right,up right right 
1911,False,True,False,4,5,"[5, 0]",,left left left left,left left left left 
1912,True,True,True,4,4,"[5, 4]",,left down down down,left down down down 
1913,False,False,False,6,7,"[3, 2]",obstacle,left left up left left left,left left up left left left 
1914,True,True,True,6,6,"[1, 2]",,up up up right right up,up up up right right up 
1915,False,True,False,5,7,"[4, 1]",,left left down down left,left left down down left 
1916,True,True,True,3,3,"[2, 0]",,left down down,left down down 
1917,True,True,True,6,6,"[1, 2]",,up up up up left left,up up up up left left 
1918,False,True,False,6,7,"[5, 3]",,right down down down left down,right down down down left down 
1919,False,True,False,3,4,"[5, 1]",,up left left,up left left 
1920,True,True,True,2,2,"[3, 2]",,left left,left left 
1921,False,True,False,2,4,"[3, 5]",,left down,left down 
1922,False,True,False,5,6,"[1, 2]",,up up left left left,up up left left left 
1923,False,False,False,7,9,"[6, 6]",obstacle,up left up left left left down,up left up left left left down 
1924,False,True,False,7,7,"[4, 4]",,up right up right right right down,up right up right right right down 
1925,False,True,False,2,3,"[6, 3]",,left left,left left 
1926,False,True,False,5,9,"[4, 4]",,down down down down right,down down down down right 
1927,True,True,True,4,4,"[4, 3]",,left down down down,left down down down 
1928,False,True,False,4,6,"[4, 4]",,left down down down,left down down down 
1929,True,True,True,2,2,"[5, 5]",,right down,right down 
1930,True,True,True,4,4,"[1, 4]",,up up up right,up up up right 
1931,True,True,True,7,7,"[1, 5]",,right up up up right up right,right up up up right up right 
1932,True,True,True,5,5,"[4, 6]",,down left down down right,down left down down right 
1933,False,False,False,4,5,"[6, 3]",out_of_bounds,left left left down,left left left down 
1934,False,True,False,4,8,"[3, 5]",,left up up up,left up up up 
1935,True,True,True,5,5,"[5, 2]",,down down down down right,down down down down right 
1936,False,True,False,2,3,"[6, 2]",,right right,right right 
1937,True,True,True,4,4,"[0, 5]",,up up right up,up up right up 
1938,False,True,False,4,6,"[4, 0]",,left left down down,left left down down 
1939,True,True,True,6,6,"[0, 2]",,up up up left up left,up up up left up left 
1940,False,True,False,5,6,"[3, 5]",,up up up right right,up up up right right 
1941,False,True,False,1,2,"[4, 5]",,left,left 
1942,False,True,False,1,2,"[4, 5]",,left,left 
1943,True,True,True,2,2,"[4, 1]",,up right,up right 
1944,False,True,False,1,2,"[6, 4]",,right,right 
1945,False,True,False,4,6,"[1, 5]",,left up up up,left up up up 
1946,True,True,True,2,2,"[0, 3]",,right right,right right 
1947,False,True,False,4,5,"[4, 3]",,down down down down,down down down down 
1948,False,True,False,3,5,"[4, 3]",,left down down,left down down 
1949,True,True,True,5,5,"[1, 5]",,right right right right right,right right right rightright 
1951,True,True,True,2,2,"[0, 1]",,left left,left left 
1952,True,True,True,4,4,"[2, 1]",,up up up left,up up up left 
1953,False,True,False,5,7,"[2, 3]",,up up up up right,up up up up right 
1954,False,False,False,0,1,"[0, 6]",invalid_action,,Goal not reachable
1955,False,True,False,1,3,"[4, 2]",,left,left 
1956,True,True,True,3,3,"[1, 0]",,up up up,up up up 
1957,False,True,False,2,3,"[5, 3]",,up right,up right 
1958,True,True,True,5,5,"[1, 2]",,up up up right up,up up up right up 
1959,True,True,True,3,3,"[4, 3]",,right right right,right right right 
1961,False,True,False,1,3,"[3, 5]",,left,left 
1962,True,True,True,2,2,"[3, 4]",,up left,up left 
1963,True,True,True,1,1,"[1, 3]",,down,down 
1964,True,True,True,1,1,"[6, 3]",,right,right 
1965,True,True,True,3,3,"[3, 1]",,up left left,up left left 
1966,False,True,False,2,3,"[5, 5]",,right down,right down 
1967,True,True,True,1,1,"[5, 1]",,left,left 
1969,True,True,True,4,4,"[3, 0]",,left down down down,left down down down 
1970,True,True,True,5,5,"[1, 0]",,left up left left down,left up left left down 
1972,True,True,True,4,4,"[4, 0]",,left left down down,left left down down 
1973,True,True,True,2,2,"[0, 0]",,up up,up up 
1974,False,True,False,5,7,"[4, 4]",,right down down right down,right down down right down 
1975,True,True,True,1,1,"[2, 1]",,right,right 
1976,True,True,True,2,2,"[1, 3]",,up left,up left 
1977,True,True,True,3,3,"[4, 1]",,up left left,up left left 
1978,False,True,False,7,6,"[4, 5]",,up up right right right down right,up up right right right down right 
1980,True,True,True,6,6,"[0, 1]",,up up left up up up,up up left up up up 
1981,True,True,True,2,2,"[2, 5]",,right up,right up 
1982,False,True,False,1,2,"[5, 2]",,right,right 
1983,True,True,True,3,3,"[1, 3]",,up left left,up left left 
1984,True,True,True,6,6,"[3, 2]",,left left down down down left,left left down down down left 
1985,True,True,True,3,3,"[2, 1]",,left down down,left down down 
1986,True,True,True,3,3,"[3, 5]",,right right right,right right right 
1987,True,True,True,4,4,"[4, 2]",,right down right down,right down right down 
1988,False,True,False,3,4,"[3, 3]",,left left left,left left left 
1989,False,True,False,1,2,"[3, 2]",,up,up 
1990,False,True,False,4,6,"[4, 2]",,right down right down,right down right down 
1991,True,True,True,2,2,"[3, 2]",,up right,up right 
1992,True,True,True,3,3,"[0, 0]",,up left left,up left left 
1993,True,True,True,5,5,"[3, 1]",,left left left down down,left left left down down 
1994,False,True,False,1,2,"[0, 3]",,left,left 
1995,False,False,False,4,5,"[5, 5]",obstacle,left up up left,left up up left 
1996,True,True,True,4,4,"[3, 2]",,left left down left,left left down left 
1997,True,True,True,6,6,"[5, 2]",,down down down right down down,down down down right down down 
1998,True,True,True,4,4,"[5, 4]",,down down down down,down down down down 
1999,True,True,True,2,2,"[3, 2]",,up right,up right 
2000,True,True,True,3,3,"[3, 2]",,up left left,up left left 
2001,True,True,True,4,4,"[0, 5]",,up up right right,up up right right 
2002,False,True,False,6,7,"[5, 4]",,right right right right down down,right right right right down down 
2003,True,True,True,1,1,"[3, 4]",,left,left 
2004,False,False,False,4,3,"[5, 3]",obstacle,right up right down,right up right down 
2005,True,True,True,5,5,"[0, 0]",,up up left left left,up up left left left 
2006,True,True,False,4,2,"[5, 1]",,left up left down,left up left down 
2007,False,False,False,8,9,"[3, 0]",out_of_bounds,left left left down down down left down,left left left down down down left down 
2008,True,True,True,3,3,"[1, 2]",,left left down,left left down 
2009,True,True,True,3,3,"[4, 2]",,right right down,right right down 
2010,False,True,False,4,5,"[5, 5]",,right right down down,right right down down 
2011,True,True,True,3,3,"[2, 3]",,up up left,up up left 
2012,True,True,True,3,3,"[5, 3]",,right down down,right down down 
2013,False,True,False,8,8,"[2, 2]",,up up up left left left right left,up up up left left left right left 
2014,False,True,False,3,4,"[4, 5]",,up up right,up up right 
2015,False,False,False,0,11,"[5, 0]",invalid_action,,Goal not reachable
2016,False,True,False,5,6,"[4, 2]",,up up left left left,up up left left left 
2017,True,True,True,5,5,"[3, 2]",,right right down down down,right right down down down 
2018,False,False,False,6,4,"[4, 2]",obstacle,right down right down down left,right down right down down left 
2019,True,True,True,1,1,"[4, 5]",,up,up 
2020,False,True,False,6,6,"[5, 6]",,left down down down right down,left down down down right down 
2021,False,True,False,1,3,"[4, 3]",,left,left 
2022,True,True,True,3,3,"[5, 1]",,left left down,left left down 
2023,False,True,False,2,4,"[2, 4]",,right right,right right 
2024,False,False,False,6,7,"[4, 2]",obstacle,left up left left left down,left up left left left down 
2025,False,False,False,0,7,"[0, 2]",invalid_action,,Goal not reachable
2026,False,True,False,2,4,"[0, 4]",,right right,right right 
2027,True,True,True,1,1,"[2, 1]",,up,up 
2028,False,False,False,4,5,"[4, 2]",obstacle,left left down down,left left down down 
2029,True,True,True,3,3,"[3, 2]",,left down down,left down down 
2030,False,True,False,5,10,"[3, 4]",,right right down down down,right right down down down 
2031,False,False,False,4,7,"[4, 2]",obstacle,right right down down,right right down down 
2032,True,True,True,5,5,"[3, 0]",,left left left left left,left left left leftleft 
2033,True,True,True,3,3,"[5, 3]",,right down down,right down down 
2034,True,True,True,4,4,"[0, 4]",,right right right right,right right right right 
2035,True,True,True,5,5,"[1, 0]",,left left left left left,left left left leftleft 
2036,False,True,False,1,2,"[1, 6]",,up,up 
2037,False,True,False,4,6,"[4, 4]",,right right down down,right right down down 
2038,True,True,True,4,4,"[0, 4]",,up up right right,up up right right 
2039,True,True,True,5,5,"[0, 0]",,up up up up left,up up up up left 
2040,True,True,True,4,4,"[1, 0]",,left left left down,left left left down 
2041,True,True,True,5,5,"[1, 3]",,up up up right right,up up up right right 
2042,True,True,True,4,4,"[3, 2]",,up up right right,up up right right 
2043,True,True,True,4,4,"[6, 5]",,right right right right,right right right right 
2044,False,True,False,4,6,"[4, 0]",,down down down down,down down down down 
2045,True,True,True,7,7,"[3, 0]",,left up left left left down left,left up left left left down left 
2046,True,True,True,4,4,"[2, 3]",,up up right right,up up right right 
2047,True,True,True,4,4,"[3, 5]",,right down right down,right down right down 
2048,False,True,False,4,5,"[3, 0]",,up up up left,up up up left 
2049,False,True,False,6,7,"[2, 3]",,up left left left right left,up left left left right left 
2050,True,True,True,4,4,"[3, 4]",,up right right down,up right right down 
2051,False,True,False,7,8,"[4, 0]",,left left left left down down down,left left left left down down down 
2052,True,True,True,1,1,"[3, 6]",,up,up 
2053,False,True,False,5,7,"[4, 4]",,right right down down down,right right down down down 
2054,True,True,True,5,5,"[3, 5]",,up right right right down,up right right right down 
2055,False,False,False,0,5,"[0, 5]",invalid_action,,Goal not reachable
2056,True,True,True,6,6,"[5, 5]",,right right down right right right,right right down right right right 
2057,False,False,False,4,5,"[4, 4]",obstacle,down left down left,down left down left 
2058,True,True,True,2,2,"[3, 6]",,up up,up up 
2059,False,False,False,5,5,"[3, 2]",obstacle,right up right right down,right up right right down 
2060,False,True,False,4,7,"[5, 2]",,left left left left,left left left left 
2061,True,True,True,1,1,"[2, 4]",,down,down 
2062,False,True,False,3,5,"[5, 5]",,left down down,left down down 
2063,True,True,True,4,4,"[5, 5]",,down right right right,down right right right 
2064,False,True,False,7,9,"[1, 4]",,up up up up right right right,up up up up right right right 
2065,True,True,True,2,2,"[3, 5]",,up right,up right 
2066,True,True,True,4,4,"[5, 1]",,right down down down,right down down down 
2067,False,False,False,5,7,"[4, 2]",obstacle,right right down down right,right right down down right 
2068,False,True,False,3,4,"[6, 4]",,right right right,right right right 
2069,False,True,False,6,8,"[3, 4]",,right right up right right down,right right up right right down 
2070,False,False,False,5,4,"[5, 6]",out_of_bounds,left down down right right,left down down right right 
2071,False,True,False,4,6,"[0, 4]",,up right right right,up right right right 
2072,False,True,False,2,3,"[3, 6]",,down down,down down 
2073,True,True,True,4,4,"[0, 2]",,up up up up,up up up up 
2074,False,True,False,3,4,"[3, 5]",,left down down,left down down 
2075,False,True,False,2,2,"[3, 4]",,left down,left down 
2076,False,True,False,5,7,"[2, 2]",,up right right right left,up right right right left 
2077,True,True,True,1,1,"[0, 2]",,right,right 
2078,True,True,True,3,3,"[1, 4]",,right right right,right right right 
2079,False,False,False,8,3,"[5, 2]",obstacle,down left down left left up up right,down left down left left up up right 
2080,True,True,True,7,7,"[0, 3]",,up up up up right right right,up up up up right right right 
2081,True,True,True,7,7,"[3, 0]",,left up left left left down left,left up left left left down left 
2082,True,True,True,1,1,"[0, 2]",,right,right 
2083,True,True,True,6,6,"[2, 4]",,right up up up right right,right up up up right right 
2084,True,True,True,5,5,"[1, 4]",,right right right right down,right right right right down 
2085,False,True,False,4,5,"[5, 1]",,left down left left,left down left left 
2086,True,True,True,6,6,"[5, 2]",,left down down down left left,left down down down left left 
2087,False,True,False,3,5,"[5, 5]",,down down right,down down right 
2088,True,True,False,8,6,"[3, 0]",,up left up left left left down left,up left up left left left down left 
2089,False,True,False,6,9,"[0, 3]",,up up up right right right,up up up right right right 
2090,True,True,True,5,5,"[0, 3]",,up up up up left,up up up up left 
2091,True,True,True,3,3,"[1, 1]",,up up left,up up left 
2092,False,True,False,3,5,"[4, 3]",,up up left,up up left 
2093,True,True,False,7,5,"[4, 4]",,right right up right right down down,right right up right right down down 
2094,False,True,False,6,6,"[0, 2]",,up up left left left right,up up left left left right 
2095,True,True,True,7,7,"[3, 4]",,up right up right right right down,up right up right right right down 
2096,False,True,False,4,6,"[0, 4]",,up right right right,up right right right 
2097,True,True,True,7,7,"[2, 5]",,right up up up right right right,right up up up right right right 
2098,True,True,True,1,1,"[4, 0]",,up,up 
2099,False,False,False,5,6,"[4, 3]",obstacle,left up left left up,left up left left up 
2100,True,True,True,4,4,"[4, 2]",,right right down down,right right down down 
2101,False,False,False,0,7,"[3, 1]",invalid_action,,Goal not reachable
2102,False,True,False,3,6,"[5, 3]",,left left left,left left left 
2103,False,True,False,3,5,"[6, 3]",,left left left,left left left 
2104,False,True,False,7,8,"[4, 4]",,right right down down down right down,right right down down down right down 
2105,False,False,False,9,8,"[2, 3]",obstacle,up up up up right right right down right,up up up up right right right down right 
2106,True,True,True,3,3,"[2, 1]",,right down down,right down down 
2107,True,True,True,2,2,"[3, 0]",,up left,up left 
2108,True,True,True,4,4,"[1, 5]",,up right up up,up right up up 
2109,False,True,False,4,6,"[3, 2]",,left down down down,left down down down 
2110,False,True,False,5,7,"[5, 4]",,right down right down down,right down right down down 
2111,False,True,False,1,2,"[6, 1]",,right,right 
2112,False,True,False,5,8,"[3, 3]",,up up left left left,up up left left left 
2113,False,True,False,4,5,"[3, 0]",,left down down down,left down down down 
2114,True,True,True,6,6,"[4, 0]",,left left left down down down,left left left down down down 
2115,True,True,True,6,6,"[1, 2]",,up up up up right right,up up up up right right 
2116,False,True,False,4,6,"[4, 4]",,right down right down,right down right down 
2117,False,False,False,0,8,"[0, 5]",invalid_action,,Goal not reachable
2118,True,True,True,1,1,"[4, 0]",,left,left 
2119,True,True,True,5,5,"[6, 0]",,left left left left left,left left left leftleft 
2120,False,True,False,6,7,"[3, 3]",,up left left left right left,up left left left right left 
2121,False,True,False,2,4,"[4, 5]",,right right,right right 
2122,False,True,False,3,5,"[4, 4]",,down right down,down right down 
2123,True,True,True,6,6,"[3, 5]",,right right right down right right,right right right down right right 
2124,False,True,False,4,5,"[4, 2]",,left down down down,left down down down 
2125,False,True,False,5,8,"[3, 3]",,right right down down down,right right down down down 
2126,True,True,True,3,3,"[2, 1]",,up up left,up up left 
2127,False,True,False,1,2,"[6, 1]",,left,left 
2128,False,True,False,2,3,"[6, 3]",,left left,left left 
2129,False,True,False,5,7,"[3, 2]",,up up up right right,up up up right right 
2130,False,True,False,4,7,"[3, 2]",,right down down down,right down down down 
2131,True,True,True,7,7,"[4, 5]",,right right right down right down down,right right right down right down down 
2132,False,True,False,3,5,"[4, 4]",,right right right,right right right 
2133,False,True,False,4,5,"[5, 4]",,left left down down,left left down down 
2134,True,True,True,5,5,"[0, 3]",,up up up up right,up up up up right 
2135,True,True,True,4,4,"[2, 2]",,up up right up,up up right up 
2136,False,True,False,2,3,"[4, 5]",,up right,up right 
2137,False,True,False,5,7,"[4, 2]",,left left down down down,left left down down down 
2138,False,False,False,6,7,"[2, 5]",obstacle,up up left up left left,up up left up left left 
2139,True,True,True,2,2,"[0, 4]",,right right,right right 
2140,False,True,False,3,4,"[5, 4]",,right down down,right down down 
2141,True,True,True,1,1,"[1, 2]",,up,up 
2142,False,True,False,3,4,"[3, 3]",,left left left,left left left 
2143,True,True,True,5,5,"[0, 3]",,up left up left up,up left up left up 
2144,True,True,True,6,6,"[1, 2]",,up up left up left left,up up left up left left 
2145,True,True,True,6,6,"[4, 3]",,right right right down down down,right right right down down down 
2146,True,True,True,4,4,"[2, 0]",,up left left up,up left left up 
2147,False,True,False,2,2,"[4, 2]",,up left,up left 
2148,False,True,False,10,10,"[1, 1]",,up up up left up up down left left left,up up up left up up down left left left 
2149,True,True,True,1,1,"[0, 2]",,right,right 
2150,False,True,False,3,6,"[5, 4]",,up right right,up right right 
2151,True,True,True,1,1,"[1, 1]",,right,right 
2152,True,True,True,6,6,"[3, 5]",,right down right down right down,right down right down rightdown 
2153,False,True,False,5,7,"[3, 2]",,up right right right left,up right right right left 
2154,False,False,False,6,9,"[1, 6]",obstacle,left left left down down down,left left left down down down 
2155,True,True,True,5,5,"[1, 2]",,up left up left left,up left up left left 
2156,True,True,True,5,5,"[4, 5]",,down down right down down,down down right down down 
2157,False,True,False,6,7,"[5, 4]",,right right right right down down,right right right right down down 
2158,False,True,False,3,7,"[4, 4]",,right right down,right right down 
2159,True,True,True,3,3,"[2, 2]",,left left down,left left down 
2160,False,True,False,5,7,"[4, 1]",,left left down down down,left left down down down 
2161,True,True,True,3,3,"[5, 2]",,left left left,left left left 
2162,True,True,True,5,5,"[2, 1]",,up up up left left,up up up left left 
2163,True,True,True,2,2,"[3, 5]",,down down,down down 
2164,True,True,True,1,1,"[1, 4]",,up,up 
2165,True,True,True,1,1,"[0, 4]",,right,right 
2166,True,True,True,4,4,"[5, 4]",,left down down right,left down down right 
2167,True,True,True,4,4,"[1, 0]",,up left left left,up left left left 
2168,True,True,True,2,2,"[2, 0]",,left down,left down 
2169,True,True,True,5,5,"[1, 4]",,up up up up left,up up up up left 
2170,False,True,False,1,3,"[5, 5]",,left,left 
2171,False,True,False,8,8,"[2, 2]",,up up up up down left left left,up up up up down left left left 
2172,False,True,False,7,9,"[4, 1]",,up left left left up left left,up left left left up left left 
2173,False,True,False,5,6,"[4, 1]",,down right down down down,down right down down down 
2174,True,True,True,4,4,"[6, 5]",,right right right right,right right right right 
2175,False,True,False,2,3,"[4, 5]",,right down,right down 
2176,True,True,True,2,2,"[0, 5]",,up up,up up 
2177,True,True,True,4,4,"[2, 0]",,left left left left,left left left left 
2178,False,True,False,2,4,"[0, 4]",,up right,up right 
2179,False,True,False,1,5,"[4, 6]",,down,down 
2180,True,True,True,5,5,"[2, 0]",,left left left left down,left left left left down 
2181,False,False,False,2,3,"[4, 2]",obstacle,up right,up right 
2182,True,True,True,2,2,"[1, 1]",,up right,up right 
2183,False,False,False,5,7,"[4, 3]",obstacle,right down right right right,right down right right right 
2184,True,True,True,4,4,"[0, 6]",,up up up up,up up up up 
2185,True,True,True,7,7,"[1, 1]",,left up up up left up left,left up up up left up left 
2186,True,True,True,2,2,"[4, 1]",,right up,right up 
2187,True,True,True,4,4,"[3, 5]",,right right down down,right right down down 
2188,False,True,False,2,4,"[3, 5]",,left down,left down 
2189,False,True,False,6,10,"[2, 4]",,right up up up right up,right up up up right up 
2190,True,True,True,2,2,"[2, 2]",,left left,left left 
2191,False,False,False,4,6,"[0, 4]",obstacle,right right right down,right right right down 
2192,True,True,True,1,1,"[4, 0]",,down,down 
2193,False,False,False,7,9,"[0, 3]",obstacle,right down down down right down down,right down down down right down down 
2194,False,True,False,8,7,"[4, 0]",,left left left down down down left down,left left left down down down left down 
2195,True,True,True,2,2,"[1, 2]",,up right,up right 
2196,False,True,False,2,3,"[3, 5]",,down right,down right 
2197,True,True,False,7,5,"[0, 3]",,left left left up up up right,left left left up up up right 
2198,False,True,False,4,6,"[4, 1]",,left left left left,left left left left 
2199,True,True,True,2,2,"[0, 2]",,up right,up right 
2200,False,True,False,4,5,"[5, 1]",,left down down down,left down down down 
2201,False,False,False,1,2,"[6, 6]",out_of_bounds,down,down 
2202,False,True,False,7,8,"[5, 1]",,left left up left left left down,left left up left left left down 
2203,False,False,False,0,8,"[1, 6]",invalid_action,,Goal not reachable
2204,False,True,False,1,4,"[4, 5]",,right,right 
2205,False,True,False,4,5,"[5, 4]",,down left down down,down left down down 
2206,False,False,False,6,6,"[1, 5]",obstacle,down left down down right down,down left down down right down 
2207,True,True,True,2,2,"[0, 4]",,right right,right right 
2208,False,True,False,5,8,"[5, 4]",,right right right down down,right right right down down 
2209,True,True,True,2,2,"[5, 3]",,left left,left left 
2210,False,True,False,7,4,"[6, 3]",,up right up right right down down,up right up right right down down 
2211,False,False,False,9,7,"[0, 2]",out_of_bounds,up up up left up up up down left,up up up left up up up down left 
2212,True,True,True,5,5,"[5, 5]",,down right right down down,down right right down down 
2213,True,True,True,6,6,"[5, 1]",,left left up left left down,left left up left left down 
2214,False,False,False,9,11,"[2, 3]",obstacle,up up up up right right right up right,up up up up right right right up right 
2215,False,False,False,6,4,"[2, 3]",obstacle,left left up up up right,left left up up up right 
2216,True,True,True,6,6,"[2, 0]",,left left up left left left,left left up left left left 
2217,False,True,False,4,6,"[3, 3]",,up right right right,up right right right 
2218,True,True,True,2,2,"[1, 1]",,up left,up left 
2219,False,False,False,0,6,"[1, 5]",invalid_action,,Goal not reachable
2220,True,True,True,4,4,"[3, 1]",,left left left down,left left left down 
2221,False,True,False,4,5,"[3, 4]",,left down down down,left down down down 
2222,False,True,False,1,2,"[0, 6]",,up,up 
2223,True,True,True,1,1,"[4, 5]",,up,up 
2224,False,True,False,7,6,"[1, 0]",,up up left left left down left,up up left left left down left 
2225,False,True,False,6,7,"[3, 1]",,left left left left down left,left left left left down left 
2226,False,True,False,4,8,"[3, 5]",,right down down down,right down down down 
2227,False,True,False,5,7,"[3, 5]",,up up right up right,up up right up right 
2228,False,True,False,1,2,"[3, 4]",,up,up 
2229,True,True,True,1,1,"[3, 4]",,left,left 
2230,False,True,False,7,6,"[3, 5]",,up up right right right down right,up up right right right down right 
2231,True,True,True,5,5,"[4, 5]",,right right right right right,right right right rightright 
2232,False,False,False,2,5,"[4, 1]",obstacle,down down,down down 
2233,False,True,False,1,2,"[6, 3]",,left,left 
2234,False,False,False,5,7,"[6, 6]",obstacle,up up up left left,up up up left left 
2235,True,True,True,3,3,"[3, 5]",,right right down,right right down 
2236,False,True,False,6,7,"[0, 3]",,up left left left right left,up left left left right left 
2237,True,True,True,5,5,"[1, 4]",,up right right right up,up right right right up 
2238,False,True,False,6,7,"[3, 5]",,up up up right right right,up up up right right right 
2239,True,True,True,2,2,"[1, 2]",,up up,up up 
2240,False,False,False,8,6,"[5, 2]",obstacle,up left left left down left left up,up left left left down left left up 
2241,True,True,True,4,4,"[3, 5]",,up right right right,up right right right 
2242,True,True,True,2,2,"[4, 3]",,left left,left left 
2243,True,True,True,1,1,"[3, 1]",,right,right 
2244,True,True,True,6,6,"[0, 4]",,up up up right right right,up up up right right right 
2245,False,False,False,8,9,"[2, 3]",obstacle,up up up up left left up left,up up up up left left up left 
2246,False,True,False,4,5,"[3, 3]",,up left left left,up left left left 
2247,False,True,False,4,6,"[4, 2]",,down down down down,down down down down 
2248,True,True,True,3,3,"[0, 0]",,up left left,up left left 
2249,True,True,True,2,2,"[3, 3]",,up right,up right 
2250,True,True,True,4,4,"[2, 5]",,right up up up,right up up up 
2251,False,True,False,9,10,"[4, 1]",,left left left left down down down left down,left left left left down down down left down 
2252,False,True,False,2,4,"[4, 6]",,up up,up up 
2253,True,True,True,7,7,"[5, 0]",,left left left left down down down,left left left left down down down 
2254,True,True,True,7,7,"[5, 0]",,up left left left down left left,up left left left down left left 
2255,False,True,False,8,10,"[0, 2]",,up up left up up left left left,up up left up up left left left 
2256,True,True,True,6,6,"[1, 5]",,right right right right up right,right right right right up right 
2257,False,True,False,5,6,"[4, 5]",,up up right right right,up up right right right 
2258,False,True,False,6,8,"[3, 4]",,up up up right right right,up up up right right right 
2259,False,True,False,6,8,"[0, 5]",,up up up left up up,up up up left up up 
2260,False,True,False,4,5,"[5, 2]",,right right down down,right right down down 
2261,True,True,True,5,5,"[0, 0]",,up up up left left,up up up left left 
2262,True,True,True,5,5,"[5, 5]",,right right down down down,right right down down down 
2263,False,False,False,6,6,"[5, 2]",obstacle,right up right right down down,right up right right down down 
2264,False,True,False,7,10,"[3, 4]",,up up right right right up right,up up right right right up right 
2265,False,True,False,4,4,"[2, 4]",,up up up left,up up up left 
2266,False,True,False,3,5,"[3, 4]",,right right down,right right down 
2267,False,True,False,3,6,"[4, 5]",,right down down,right down down 
2268,True,True,True,5,5,"[2, 4]",,right right right right down,right right right right down 
2269,True,True,True,3,3,"[5, 0]",,left down down,left down down 
2270,True,True,True,5,5,"[0, 1]",,up up left left left,up up left left left 
2271,False,True,False,4,6,"[2, 2]",,left left left left,left left left left 
2272,True,True,True,4,4,"[1, 0]",,up up up up,up up up up 
2273,True,True,True,5,5,"[1, 2]",,up up up right right,up up up right right 
2274,True,True,True,4,4,"[3, 1]",,right down down down,right down down down 
2275,True,True,True,1,1,"[4, 6]",,down,down 
2276,True,True,True,3,3,"[0, 2]",,up up right,up up right 
2277,False,True,False,5,7,"[3, 0]",,up up up left left,up up up left left 
2278,True,True,True,3,3,"[5, 2]",,down down down,down down down 
2279,True,True,True,2,2,"[1, 2]",,left left,left left 
2280,True,True,True,1,1,"[5, 2]",,right,right 
2281,False,False,False,4,7,"[1, 4]",obstacle,right right right right,right right right right 
2282,False,True,False,3,4,"[5, 5]",,right down down,right down down 
2283,True,True,True,3,3,"[0, 4]",,up right right,up right right 
2284,False,True,False,6,6,"[3, 2]",,up left left left right left,up left left left right left 
2285,True,True,True,3,3,"[1, 0]",,left down left,left down left 
2286,False,True,False,3,5,"[4, 1]",,down down down,down down down 
2287,False,True,False,4,4,"[2, 4]",,up up up left,up up up left 
2288,True,True,True,4,4,"[1, 0]",,left left left left,left left left left 
2289,False,True,False,3,3,"[5, 4]",,left down down,left down down 
2290,False,True,False,4,7,"[4, 4]",,left left down down,left left down down 
2291,True,True,True,4,4,"[4, 3]",,up right right right,up right right right 
2292,True,True,True,3,3,"[1, 4]",,up up up,up up up 
2293,False,False,False,5,7,"[4, 3]",obstacle,left left left down down,left left left down down 
2294,True,True,True,4,4,"[4, 2]",,left left down down,left left down down 
2295,False,False,False,9,11,"[1, 4]",obstacle,up up up up right right right up right,up up up up right right right up right 
2296,True,True,True,3,3,"[0, 1]",,up up up,up up up 
2297,False,True,False,7,9,"[4, 4]",,right right right right down down down,right right right right down down down 
2298,True,True,True,5,5,"[0, 4]",,up up right right right,up up right right right 
2299,False,True,False,8,5,"[5, 0]",,up left up left left left down down,up left up left left left down down 
2300,False,True,False,4,5,"[3, 4]",,up up left left,up up left left 
2301,False,True,False,5,6,"[4, 1]",,left left down down down,left left down down down 
2302,False,True,False,7,6,"[4, 5]",,up up right right right down right,up up right right right down right 
2303,True,True,True,2,2,"[0, 2]",,up left,up left 
2304,True,True,True,3,3,"[2, 2]",,up up right,up up right 
2305,True,True,True,6,6,"[5, 0]",,left left left left left down,left left left leftleft down 
2306,True,True,True,7,7,"[1, 1]",,up up up up left left left,up up up up left left left 
2307,True,True,True,3,3,"[3, 2]",,right down down,right down down 
2308,False,True,False,3,4,"[5, 4]",,left down down,left down down 
2309,True,True,True,4,4,"[5, 0]",,left down down down,left down down down 
2310,False,False,False,6,8,"[4, 5]",obstacle,up left up up up right,up left up up up right 
2311,True,True,True,1,1,"[2, 0]",,up,up 
2312,False,False,False,1,2,"[5, 6]",out_of_bounds,right,right 
2313,True,True,True,5,5,"[0, 2]",,up up up right right,up up up right right 
2314,False,True,False,5,7,"[0, 4]",,up up up right right,up up up right right 
2315,False,True,False,3,5,"[4, 3]",,up up right,up up right 
2316,True,True,True,4,4,"[2, 1]",,up up left left,up up left left 
2317,False,True,False,7,8,"[1, 5]",,up up up up right right up,up up up up right right up 
2318,False,True,False,3,4,"[4, 0]",,left up up,left up up 
2319,False,True,False,7,9,"[3, 0]",,up up up left left left left,up up up left left leftleft 
2320,True,True,True,1,1,"[2, 0]",,down,down 
2321,False,True,False,2,3,"[6, 3]",,right right,right right 
2322,True,True,True,2,2,"[2, 3]",,up right,up right 
2323,False,True,False,2,3,"[5, 3]",,up right,up right 
2324,True,True,True,3,3,"[5, 0]",,left down down,left down down 
2325,True,True,True,2,2,"[3, 2]",,down down,down down 
2326,False,True,False,5,6,"[3, 2]",,left left down down down,left left down down down 
2327,False,True,False,4,5,"[4, 3]",,up left up left,up left up left 
2328,False,True,False,3,4,"[3, 1]",,up left left,up left left 
2329,False,True,False,2,3,"[4, 4]",,left left,left left 
2330,False,True,False,4,6,"[3, 1]",,up up up right,up up up right 
2331,False,False,False,3,3,"[0, 6]",out_of_bounds,up up right,up up right 
2332,True,True,True,4,4,"[4, 4]",,right right down down,right right down down 
2333,False,True,False,4,5,"[0, 3]",,up right right right,up right right right 
2334,False,False,False,4,5,"[4, 5]",obstacle,left up up left,left up up left 
2335,False,True,False,5,6,"[0, 3]",,up up left left left,up up left left left 
2336,True,True,True,4,4,"[4, 0]",,left left left up,left left left up 
2337,False,False,False,6,5,"[4, 0]",obstacle,up right right right down right,up right right right down right 
2338,True,True,True,4,4,"[3, 0]",,up up left left,up up left left 
2339,True,True,True,8,8,"[0, 4]",,right up up up right up up right,right up up up right up upright 
2340,False,True,False,2,3,"[2, 5]",,up left,up left 
2341,True,True,True,5,5,"[1, 0]",,left left left left down,left left left left down 
2342,True,True,True,4,4,"[4, 2]",,left down down down,left down down down 
2343,False,True,False,3,5,"[3, 4]",,right right down,right right down 
2344,True,True,True,1,1,"[4, 3]",,right,right 
2345,False,False,False,8,10,"[3, 5]",obstacle,right right right down down down right down,right right right down down down right down 
2346,True,True,True,2,2,"[4, 0]",,left left,left left 
2347,True,True,True,2,2,"[0, 6]",,up up,up up 
2348,True,True,True,6,6,"[5, 1]",,left left left left down down,left left left left down down 
2349,True,True,True,3,3,"[1, 0]",,left left down,left left down 
2350,False,True,False,4,5,"[3, 4]",,right down down down,right down down down 
2351,False,True,False,4,5,"[4, 3]",,right down down down,right down down down 
2352,True,True,True,2,2,"[2, 1]",,up right,up right 
2353,False,True,False,5,7,"[5, 3]",,left left left down down,left left left down down 
2354,False,True,False,6,8,"[1, 4]",,up up left left left right,up up left left left right 
2355,False,True,False,5,7,"[5, 3]",,left left left down down,left left left down down 
2356,False,True,False,5,7,"[2, 4]",,up left left left right,up left left left right 
2357,True,True,True,4,4,"[3, 5]",,up up right right,up up right right 
2358,True,True,True,4,4,"[3, 3]",,right right right down,right right right down 
2359,True,True,True,1,1,"[3, 0]",,down,down 
2360,False,True,False,7,9,"[3, 2]",,left left left left down down down,left left left left down down down 
2361,True,True,True,2,2,"[4, 2]",,left left,left left 
2362,True,True,True,5,5,"[0, 3]",,up up up left left,up up up left left 
2363,False,False,False,5,6,"[4, 2]",obstacle,left left down down down,left left down down down 
2364,False,True,False,6,7,"[3, 4]",,up right right right up right,up right right right up right 
2365,False,False,False,0,5,"[6, 5]",invalid_action,,Goal not reachable
2366,True,True,True,6,6,"[3, 5]",,right right right right right down,right right right rightright down 
2367,False,True,False,4,5,"[4, 2]",,up up right right,up up right right 
2368,False,False,False,7,7,"[5, 3]",obstacle,left left up left left down down,left left up left left down down 
2369,True,True,True,5,5,"[5, 0]",,left left down down down,left left down down down 
2370,False,True,False,4,6,"[4, 6]",,down down down down,down down down down 
2371,False,True,False,5,6,"[3, 3]",,left left left down down,left left left down down 
2372,True,True,True,3,3,"[4, 2]",,left left left,left left left 
2373,True,True,True,4,4,"[0, 3]",,up up up left,up up up left 
2374,False,True,False,5,6,"[4, 1]",,up up left left left,up up left left left 
2375,True,True,True,4,4,"[5, 1]",,down left down down,down left down down 
2376,True,True,True,5,5,"[2, 4]",,right right right right down,right right right right down 
2377,False,True,False,5,6,"[5, 3]",,left left left down down,left left left down down 
2378,False,True,False,4,6,"[4, 1]",,left down left down,left down left down 
2379,False,True,False,6,6,"[1, 3]",,up right right right left right,up right right right left right 
2380,False,True,False,2,3,"[1, 4]",,left left,left left 
2381,False,True,False,6,8,"[1, 3]",,up up up left left left,up up up left left left 
2382,True,True,True,5,5,"[4, 4]",,right right right right down,right right right right down 
2383,False,True,False,4,6,"[4, 4]",,up up right right,up up right right 
2384,True,True,True,2,2,"[0, 3]",,up up,up up 
2385,True,True,True,3,3,"[2, 5]",,right right down,right right down 
2386,True,True,True,3,3,"[1, 3]",,up up right,up up right 
2387,False,True,False,4,6,"[0, 3]",,up right right right,up right right right 
2388,True,True,True,2,2,"[2, 3]",,up left,up left 
2389,False,True,False,5,7,"[4, 2]",,left left down down down,left left down down down 
2390,True,True,True,7,7,"[2, 0]",,left left up left left left down,left left up left left left down 
2391,False,True,False,1,1,"[6, 2]",,right,right 
2392,False,True,False,5,7,"[4, 4]",,right up right right right,right up right right right 
2393,True,True,True,4,4,"[3, 4]",,right right down down,right right down down 
2394,True,True,True,4,4,"[2, 3]",,left up up left,left up up left 
2395,True,True,True,2,2,"[6, 2]",,left left,left left 
2396,True,True,True,4,4,"[5, 4]",,left down down down,left down down down 
2397,True,True,True,4,4,"[1, 1]",,up left left left,up left left left 
2398,True,True,True,2,2,"[5, 3]",,left down,left down 
2399,False,False,False,9,9,"[2, 2]",obstacle,up up up up down left left left up,up up up up down left left left up 
2400,False,True,False,1,2,"[1, 5]",,right,right 
2401,True,True,True,3,3,"[2, 5]",,right right down,right right down 
2402,True,True,True,2,2,"[1, 1]",,up right,up right 
2403,False,True,False,4,7,"[4, 5]",,right down down down,right down down down 
2404,False,True,False,8,10,"[3, 2]",,up up left left left right up left,up up left left left right up left 
2405,True,True,True,4,4,"[1, 1]",,right up up up,right up up up 
2406,True,True,True,6,6,"[5, 4]",,right right up right right down,right right up right right down 
2407,False,True,False,2,4,"[5, 6]",,down down,down down 
2408,True,True,True,5,5,"[1, 5]",,up up up up right,up up up up right 
2409,True,True,True,4,4,"[4, 4]",,right down down down,right down down down 
2410,True,True,True,1,1,"[2, 3]",,up,up 
2411,False,True,False,5,5,"[0, 4]",,up up up up left,up up up up left 
2412,True,True,True,3,3,"[2, 1]",,up left left,up left left 
2413,True,True,True,3,3,"[1, 1]",,left left up,left left up 
2414,True,True,True,1,1,"[6, 4]",,right,right 
2415,False,True,False,8,9,"[5, 5]",,right right right right down down right down,right right right right down down right down 
2416,True,True,True,5,5,"[0, 2]",,up up up up left,up up up up left 
2417,True,True,True,4,4,"[0, 1]",,left left left left,left left left left 
2418,False,True,False,5,9,"[4, 4]",,up up right right right,up up right right right 
2419,False,True,False,5,5,"[0, 2]",,left left left left right,left left left left right 
2420,True,True,True,2,2,"[2, 4]",,up right,up right 
2421,False,True,False,4,5,"[5, 5]",,left down down down,left down down down 
2422,False,False,False,4,6,"[5, 4]",obstacle,up left left left,up left left left 
2423,False,True,False,6,8,"[0, 3]",,up up up left left left,up up up left left left 
2424,False,True,False,4,6,"[5, 4]",,up right right down,up right right down 
2425,False,True,False,8,9,"[1, 4]",,up up up up right right up right,up up up up right right up right 
2426,True,True,True,5,5,"[0, 4]",,up up up up up,up up up upup 
2427,True,True,True,3,3,"[2, 5]",,right right down,right right down 
2428,False,True,False,6,7,"[5, 5]",,right up right right right down,right up right right right down 
2429,False,True,False,6,8,"[4, 3]",,left down left left down down,left down left left down down 
2430,True,True,True,4,4,"[0, 1]",,up up left left,up up left left 
2431,False,False,False,7,7,"[3, 1]",obstacle,left left left left down down left,left left left left down down left 
2432,False,False,False,0,6,"[5, 1]",invalid_action,,Goal not reachable
2433,False,False,False,9,9,"[3, 4]",obstacle,right right right right down down down right down,right right right right down down down right down 
2434,False,False,False,4,5,"[4, 5]",obstacle,up left left left,up left left left 
2435,True,True,True,5,5,"[3, 0]",,left left left down down,left left left down down 
2436,False,True,False,1,2,"[6, 4]",,left,left 
2437,False,False,False,3,4,"[4, 5]",obstacle,up left left,up left left 
2438,True,True,True,5,5,"[1, 5]",,left up up up right,left up up up right 
2439,True,True,True,7,7,"[1, 0]",,up up up up left left left,up up up up left left left 
2440,False,True,False,2,3,"[0, 4]",,left left,left left 
2441,False,False,False,8,10,"[4, 5]",obstacle,up left up up up left left left,up left up up up left left left 
2442,True,True,True,2,2,"[5, 4]",,right right,right right 
2443,True,True,True,8,8,"[0, 1]",,left up up up left up left left,left up up up left up left left 
2444,True,True,True,3,3,"[1, 1]",,up up left,up up left 
2445,False,False,False,4,4,"[4, 0]",obstacle,left down down right,left down down right 
2446,False,True,False,7,9,"[3, 4]",,right right right right down down down,right right right right down down down 
2447,False,True,False,6,8,"[4, 0]",,left left left left down down,left left left left down down 
2448,True,True,True,2,2,"[6, 1]",,left left,left left 
2449,False,True,False,6,7,"[3, 4]",,right right right down down down,right right right down down down 
2450,False,False,False,3,4,"[3, 6]",obstacle,up left left,up left left 
2451,False,True,False,5,6,"[4, 3]",,left left left down down,left left left down down 
2452,False,True,False,3,5,"[5, 5]",,up right right,up right right 
2453,True,True,True,5,5,"[3, 1]",,left left down down down,left left down down down 
2454,True,True,True,5,5,"[0, 5]",,up up right right right,up up right right right 
2455,False,True,False,2,4,"[4, 2]",,up up,up up 
2456,True,True,True,4,4,"[3, 3]",,left down down down,left down down down 
2457,False,True,False,4,6,"[4, 2]",,up up left left,up up left left 
2458,False,True,False,4,5,"[5, 1]",,left down down left,left down down left 
2459,True,True,True,1,1,"[1, 2]",,down,down 
2460,False,True,False,7,6,"[1, 5]",,up up right right right down right,up up right right right down right 
2461,True,True,True,6,6,"[0, 1]",,up up up left left left,up up up left left left 
2462,True,True,True,7,7,"[5, 1]",,left down down down down down left,left down down downdown down left 
2463,True,True,True,6,6,"[0, 5]",,up up up right right right,up up up right right right 
2464,False,True,False,3,5,"[3, 4]",,up right right,up right right 
2465,False,False,False,7,7,"[3, 3]",obstacle,up right right right down right right,up right right right down right right 
2466,False,True,False,4,6,"[4, 0]",,left left down down,left left down down 
2467,False,True,False,3,6,"[5, 4]",,up right right,up right right 
2468,False,True,False,4,5,"[0, 3]",,up left left left,up left left left 
2469,False,True,False,3,5,"[6, 3]",,left left left,left left left 
2470,False,True,False,4,6,"[2, 4]",,right right down down,right right down down 
2471,False,False,False,4,1,"[4, 2]",obstacle,up left left down,up left left down 
2472,False,True,False,2,2,"[4, 4]",,up left,up left 
2473,True,True,True,4,4,"[0, 1]",,left left left left,left left left left 
2474,False,True,False,5,6,"[5, 4]",,right right right down down,right right right down down 
2475,True,True,True,4,4,"[2, 5]",,right right right right,right right right right 
2476,True,True,True,5,5,"[1, 1]",,up up up up right,up up up up right 
2477,False,False,False,3,4,"[4, 2]",obstacle,up up right,up up right 
2478,True,True,True,1,1,"[5, 3]",,right,right 
2479,True,True,True,3,3,"[5, 2]",,down left left,down left left 
2480,False,True,False,8,9,"[5, 5]",,right right right right right down down down,right right right rightright down down down 
2481,True,True,True,1,1,"[4, 0]",,up,up 
2482,False,True,False,6,6,"[0, 2]",,up left left left right left,up left left left right left 
2483,True,True,True,5,5,"[0, 2]",,up up up right right,up up up right right 
2484,True,True,True,4,4,"[0, 4]",,up up up up,up up up up 
2485,False,True,False,2,3,"[3, 3]",,up left,up left 
2486,True,True,True,2,2,"[0, 0]",,up up,up up 
2487,False,True,False,4,5,"[4, 5]",,down down down down,down down down down 
2488,False,False,False,7,10,"[4, 0]",obstacle,up up right right right up right,up up right right right up right 
2489,False,True,False,7,9,"[1, 4]",,up up up left left left right,up up up left left left right 
2490,False,True,False,3,4,"[4, 4]",,left left down,left left down 
2491,False,True,False,10,11,"[1, 0]",,up left up up up left up left left left,up left up up up left up left left left 
2492,True,True,True,1,1,"[0, 3]",,right,right 
2493,True,True,True,2,2,"[4, 2]",,left down,left down 
2494,False,True,False,2,4,"[4, 3]",,down down,down down 
2495,False,True,False,4,5,"[4, 1]",,right down down down,right down down down 
2496,False,False,False,7,9,"[2, 6]",obstacle,left up left left left down left,left up left left left down left 
2497,True,True,True,3,3,"[1, 2]",,up up left,up up left 
2498,True,True,True,1,1,"[5, 1]",,down,down 
2499,True,True,True,5,5,"[3, 3]",,left left down down down,left left down down down 
2500,False,True,False,4,6,"[4, 1]",,down down down down,down down down down 
2501,False,True,False,4,6,"[3, 3]",,up left left left,up left left left 
2502,False,True,False,4,5,"[6, 5]",,right right right right,right right right right 
2503,False,True,False,4,5,"[6, 5]",,right right right right,right right right right 
2504,False,True,False,9,12,"[4, 1]",,left left left left down down down left down,left left left left down down down left down 
2505,False,False,False,0,7,"[5, 6]",invalid_action,,Goal not reachable
2506,True,True,True,2,2,"[2, 4]",,right down,right down 
2507,True,True,True,6,6,"[1, 5]",,right right right right right down,right right right rightright down 
2508,True,True,True,4,4,"[3, 3]",,up right right right,up right right right 
2509,False,True,False,4,5,"[4, 3]",,left down down down,left down down down 
2510,False,True,False,1,2,"[3, 3]",,up,up 
2511,False,True,False,5,6,"[3, 3]",,right right down down down,right right down down down 
2512,False,True,False,3,4,"[3, 5]",,right down right,right down right 
2513,False,True,False,5,6,"[0, 3]",,left left left left right,left left left left right 
2514,True,True,True,3,3,"[0, 2]",,up up right,up up right 
2515,True,True,True,6,6,"[0, 3]",,up up up up right right,up up up up right right 
2516,False,True,False,2,4,"[5, 5]",,up left,up left 
2517,False,True,False,3,4,"[4, 3]",,up up right,up up right 
2518,False,True,False,4,6,"[2, 4]",,up up right right,up up right right 
2519,True,True,True,5,5,"[4, 0]",,left left left left left,left left left leftleft 
2520,False,True,False,7,8,"[4, 4]",,right right right right down down down,right right right right down down down 
2521,True,True,True,1,1,"[2, 3]",,right,right 
2522,True,True,True,3,3,"[3, 2]",,left left left,left left left 
2523,False,True,False,7,8,"[3, 4]",,right right right right down down down,right right right right down down down 
2524,True,True,True,4,4,"[3, 1]",,up left left left,up left left left 
2525,True,True,True,4,4,"[3, 0]",,left left down down,left left down down 
2526,False,True,False,1,3,"[6, 5]",,left,left 
2527,False,False,False,4,4,"[3, 6]",out_of_bounds,up right up up,up right up up 
2528,False,True,False,1,2,"[3, 2]",,up,up 
2529,True,True,True,2,2,"[5, 0]",,left down,left down 
2530,True,True,True,5,5,"[2, 5]",,right right right right down,right right right right down 
2531,False,True,False,5,7,"[4, 6]",,left down down right down,left down down right down 
2532,True,True,True,4,4,"[0, 1]",,up up up up,up up up up 
2533,True,True,False,6,4,"[2, 5]",,right right up right right down,right right up right right down 
2534,True,True,True,5,5,"[2, 1]",,left left left left down,left left left left down 
2535,False,True,False,2,4,"[4, 2]",,up up,up up 
2536,True,True,True,4,4,"[3, 3]",,right right down down,right right down down 
2537,True,True,True,7,7,"[3, 0]",,left left left left down down down,left left left left down down down 
2538,True,True,True,4,4,"[2, 2]",,up up up right,up up up right 
2539,True,True,True,1,1,"[4, 0]",,up,up 
2540,True,True,True,9,9,"[5, 0]",,left left left left down down down left down,left left left left down down down left down 
2541,True,True,True,4,4,"[3, 3]",,left left down down,left left down down 
2542,False,False,False,7,7,"[5, 5]",obstacle,left up up right up up up,left up up right up up up 
2543,True,True,True,6,6,"[5, 1]",,left left left left down down,left left left left down down 
2544,False,True,False,2,3,"[4, 6]",,up up,up up 
2545,True,True,True,6,6,"[2, 5]",,up up right right right up,up up right right right up 
2546,True,True,True,2,2,"[3, 5]",,right right,right right 
2547,True,True,True,5,5,"[5, 4]",,right right down right right,right right down right right 
2548,True,True,True,3,3,"[4, 4]",,right right down,right right down 
2549,False,True,False,1,1,"[1, 4]",,left,left 
2550,True,True,True,3,3,"[4, 4]",,down left down,down left down 
2551,False,False,False,7,8,"[2, 5]",obstacle,up left up up up right up,up left up up up right up 
2552,True,True,True,2,2,"[4, 1]",,left left,left left 
2553,False,True,False,4,5,"[4, 3]",,up left left left,up left left left 
2554,False,True,False,4,6,"[5, 4]",,down right down down,down right down down 
2555,False,False,False,9,10,"[0, 2]",out_of_bounds,up left up up up left left left up,up left up up up left left left up 
2556,False,True,False,10,12,"[1, 1]",,up left up up up left up left left left,up left up up up left up left left left 
2557,False,True,False,3,5,"[4, 5]",,down down down,down down down 
2558,True,True,True,6,6,"[0, 4]",,up up up right right right,up up up right right right 
2559,True,True,False,5,3,"[1, 2]",,up left left left down,up left left left down 
2560,True,True,True,2,2,"[5, 6]",,down down,down down 
2561,False,True,False,6,8,"[0, 4]",,up up up up right right,up up up up right right 
2562,True,True,True,5,5,"[3, 4]",,right right right right down,right right right right down 
2563,False,True,False,3,4,"[3, 5]",,up right right,up right right 
2564,True,True,True,2,2,"[2, 4]",,up up,up up 
2565,False,True,False,7,9,"[5, 5]",,right right right down right down down,right right right down right down down 
2566,True,True,True,2,2,"[6, 3]",,right right,right right 
2567,True,True,True,1,1,"[3, 6]",,up,up 
2568,True,True,True,2,2,"[2, 4]",,left up,left up 
2569,True,True,True,3,3,"[4, 5]",,up right right,up right right 
2570,False,True,False,6,7,"[1, 3]",,left left left left right down,left left left left right down 
2571,False,False,False,9,10,"[3, 1]",obstacle,left left left left down down down left down,left left left left down down down left down 
2572,True,True,True,4,4,"[5, 4]",,down left down down,down left down down 
2573,True,True,True,4,4,"[2, 0]",,left left down down,left left down down 
2574,False,True,False,5,6,"[2, 2]",,left up left left left,left up left left left 
2575,False,True,False,4,5,"[3, 2]",,up left left left,up left left left 
2576,True,True,True,4,4,"[1, 4]",,up up right right,up up right right 
2577,False,True,False,4,5,"[3, 4]",,up right right right,up right right right 
2578,False,True,False,5,9,"[4, 4]",,right down down right down,right down down right down 
2579,False,True,False,5,7,"[4, 1]",,left left left down down,left left left down down 
2580,True,True,True,5,5,"[0, 3]",,up up right right right,up up right right right 
2581,False,True,False,4,7,"[5, 4]",,right right down down,right right down down 
2582,False,False,False,9,8,"[0, 1]",out_of_bounds,up up up up left left left up left,up up up up left left left up left 
2583,True,True,True,1,1,"[0, 5]",,right,right 
2584,True,True,True,1,1,"[1, 3]",,down,down 
2585,True,True,True,7,7,"[5, 1]",,left down down down left down down,left down down down left down down 
2586,True,True,True,3,3,"[2, 2]",,down right right,down right right 
2587,True,True,True,2,2,"[0, 4]",,up right,up right 
2588,True,True,True,2,2,"[4, 4]",,down down,down down 
2589,False,True,False,2,3,"[4, 2]",,up up,up up 
2590,True,True,True,4,4,"[3, 1]",,down left left left,down left left left 
2591,True,True,True,3,3,"[4, 3]",,right right down,right right down 
2592,True,True,True,4,4,"[3, 2]",,right down down down,right down down down 
2593,True,True,True,4,4,"[5, 4]",,left down down down,left down down down 
2594,True,True,True,2,2,"[2, 2]",,left down,left down 
2595,False,True,False,5,7,"[3, 4]",,right right down down down,right right down down down 
2596,True,True,True,3,3,"[5, 2]",,left left left,left left left 
2597,False,True,False,3,5,"[4, 6]",,down down down,down down down 
2598,False,False,False,2,2,"[4, 6]",out_of_bounds,right down,right down 
2599,False,True,False,5,7,"[4, 1]",,up left left up left,up left left up left 
2600,False,True,False,4,6,"[4, 2]",,down down down down,down down down down 
2601,True,True,True,1,1,"[3, 0]",,down,down 
2602,True,True,True,2,2,"[2, 0]",,left left,left left 
2603,False,True,False,3,3,"[2, 4]",,left down down,left down down 
2604,False,True,False,4,5,"[5, 2]",,up left left left,up left left left 
2605,False,True,False,1,1,"[1, 4]",,left,left 
2606,True,True,True,6,6,"[2, 0]",,up left left up left left,up left left up left left 
2607,False,True,False,3,5,"[4, 5]",,up up right,up up right 
2608,False,True,False,3,4,"[5, 5]",,up right right,up right right 
2609,True,True,True,5,5,"[4, 3]",,down down down left down,down down down left down 
2610,False,True,False,3,6,"[6, 3]",,left left left,left left left 
2611,True,True,True,1,1,"[1, 2]",,left,left 
2612,True,True,True,2,2,"[4, 5]",,right down,right down 
2613,True,True,True,2,2,"[0, 3]",,up up,up up 
2614,False,False,False,8,8,"[2, 1]",obstacle,up up up right right right up right,up up up right right right up right 
2615,False,True,False,6,5,"[5, 4]",,up right right right down right,up right right right down right 
2616,False,False,False,6,7,"[3, 2]",obstacle,left left left left up left,left left left left up left 
2617,True,True,True,8,8,"[4, 1]",,left left down left left down down down,left left down left left down down down 
2618,True,True,True,2,2,"[5, 5]",,down down,down down 
2619,False,True,False,5,6,"[4, 1]",,left left down down down,left left down down down 
2620,True,True,True,6,6,"[5, 0]",,left left left left down down,left left left left down down 
2621,True,True,True,3,3,"[5, 4]",,right down down,right down down 
2622,False,False,False,8,9,"[2, 1]",obstacle,up up up up right right right up,up up up up right right right up 
2623,True,True,True,3,3,"[4, 5]",,up right right,up right right 
2624,False,True,False,3,4,"[4, 1]",,up up right,up up right 
2625,False,True,False,4,5,"[4, 0]",,down down down down,down down down down 
2626,False,False,False,2,2,"[2, 6]",out_of_bounds,up right,up right 
2627,True,True,True,3,3,"[5, 4]",,right right down,right right down 
2628,True,True,True,3,3,"[2, 5]",,up up right,up up right 
2629,True,True,True,3,3,"[3, 3]",,down right right,down right right 
2630,True,True,True,3,3,"[5, 4]",,right right right,right right right 
2631,False,True,False,6,6,"[4, 5]",,right right right right up right,right right right right up right 
2632,True,True,True,6,6,"[5, 4]",,right right right right down down,right right right right down down 
2633,False,False,False,9,10,"[2, 1]",obstacle,up up up up right right up right up,up up up up right right up right up 
2634,True,True,True,4,4,"[1, 3]",,right down right right,right down right right 
2635,True,True,True,3,3,"[3, 2]",,up up left,up up left 
2636,False,True,False,1,2,"[5, 4]",,up,up 
2637,True,True,True,2,2,"[2, 4]",,up right,up right 
2638,True,True,True,4,4,"[2, 3]",,up up left left,up up left left 
2639,False,True,False,7,9,"[0, 4]",,up up right right right up right,up up right right right up right 
2640,True,True,True,4,4,"[4, 4]",,right right right right,right right right right 
2641,True,True,True,5,5,"[2, 5]",,right right right right right,right right right rightright 
2642,False,True,False,5,9,"[4, 3]",,left left left down down,left left left down down 
2643,True,True,True,3,3,"[0, 4]",,left up up,left up up 
2644,False,True,False,4,5,"[4, 3]",,up left left left,up left left left 
2645,False,True,False,3,4,"[0, 3]",,left left left,left left left 
2646,True,True,True,4,4,"[1, 1]",,up up up right,up up up right 
2647,False,True,False,5,7,"[3, 4]",,up up up right right,up up up right right 
2648,False,False,False,7,9,"[1, 6]",obstacle,left left left left down down down,left left left left down down down 
2649,False,True,False,2,3,"[3, 3]",,up left,up left 
2650,True,True,True,4,4,"[3, 1]",,left down down down,left down down down 
2651,False,True,False,6,7,"[5, 2]",,left left left down down down,left left left down down down 
2652,False,True,False,5,7,"[3, 4]",,right right right right down,right right right right down 
2653,False,True,False,8,8,"[0, 1]",,up up left up left left left up,up up left up left left left up 
2654,True,True,True,4,4,"[1, 3]",,up left up left,up left up left 
2655,True,True,True,3,3,"[2, 3]",,right right down,right right down 
2656,False,True,False,2,4,"[4, 0]",,down down,down down 
2657,True,True,True,8,8,"[4, 5]",,right right right right down right down down,right right right right down right down down 
2658,False,True,False,3,5,"[4, 0]",,left down down,left down down 
2659,False,True,False,7,8,"[5, 3]",,right right down down down left down,right right down down down left down 
2660,False,False,False,3,6,"[1, 6]",obstacle,left left left,left left left 
2661,True,True,True,3,3,"[1, 1]",,up up up,up up up 
2662,True,True,True,1,1,"[2, 3]",,down,down 
2663,True,True,True,5,5,"[5, 3]",,right right right down down,right right right down down 
2664,True,True,True,4,4,"[4, 5]",,right right down down,right right down down 
2665,True,True,True,1,1,"[4, 1]",,up,up 
2666,True,True,True,2,2,"[0, 3]",,up right,up right 
2667,True,True,False,8,6,"[3, 5]",,up right right right up right right down,up right right right up right right down 
2668,True,True,True,5,5,"[1, 0]",,up up up up left,up up up up left 
2669,True,True,True,4,4,"[3, 4]",,right right right right,right right right right 
2670,False,True,False,2,4,"[4, 0]",,down down,down down 
2671,False,True,False,7,6,"[3, 5]",,up up right right right down right,up up right right right down right 
2672,True,True,True,2,2,"[3, 0]",,up left,up left 
2673,True,True,True,5,5,"[5, 0]",,down left left left down,down left left left down 
2674,False,True,False,5,6,"[5, 3]",,right down right right down,right down right right down 
2675,True,True,True,5,5,"[5, 2]",,left down down right down,left down down right down 
2676,False,True,False,1,2,"[6, 4]",,right,right 
2677,False,True,False,4,5,"[6, 5]",,right right right right,right right right right 
2678,True,True,True,3,3,"[0, 3]",,left left up,left left up 
2679,False,True,False,4,5,"[4, 3]",,left left down left,left left down left 
2680,False,True,False,2,3,"[3, 6]",,down down,down down 
2681,True,True,True,2,2,"[1, 3]",,right down,right down 
2682,False,True,False,2,2,"[3, 4]",,left down,left down 
2683,False,True,False,2,4,"[5, 4]",,left left,left left 
2684,False,True,False,4,7,"[3, 1]",,left down down down,left down down down 
2685,False,True,False,2,3,"[2, 4]",,left left,left left 
2686,False,False,False,9,10,"[4, 4]",obstacle,right right right down right down down down right,right right right down right down down down right 
2687,True,True,True,4,4,"[3, 4]",,up right up right,up right up right 
2688,True,True,True,4,4,"[4, 2]",,down down down right,down down down right 
2689,False,True,False,1,2,"[5, 0]",,left,left 
2690,False,True,False,5,7,"[4, 4]",,down left down down down,down left down down down 
2691,False,True,False,2,3,"[6, 4]",,left left,left left 
2692,True,True,True,5,5,"[4, 2]",,left down down down left,left down down down left 
2693,True,True,True,3,3,"[0, 1]",,up up right,up up right 
2694,True,True,True,4,4,"[5, 3]",,down right right down,down right right down 
2695,False,True,False,6,10,"[4, 3]",,left left left down down down,left left left down down down 
2696,True,True,True,5,5,"[1, 2]",,left up up up right,left up up up right 
2697,False,True,False,3,5,"[6, 3]",,left left left,left left left 
2698,False,True,False,3,5,"[4, 3]",,left down down,left down down 
2699,False,False,False,7,5,"[4, 4]",obstacle,right right right right up right down,right right right right up right down 
2700,False,False,False,4,5,"[4, 3]",obstacle,left left left down,left left left down 
2701,True,True,True,4,4,"[0, 3]",,up up up left,up up up left 
2702,False,True,False,5,8,"[3, 4]",,right right down down down,right right down down down 
2703,True,True,True,4,4,"[0, 3]",,up right right right,up right right right 
2704,True,True,True,7,7,"[0, 2]",,up up up up right up right,up up up up right up right 
2705,True,True,True,1,1,"[1, 4]",,down,down 
2706,True,True,True,7,7,"[0, 2]",,up left up up up left left,up left up up up left left 
2707,False,True,False,2,4,"[0, 4]",,right right,right right 
2708,False,True,False,3,5,"[4, 2]",,right down down,right down down 
2709,True,True,True,1,1,"[4, 1]",,down,down 
2710,True,True,True,2,2,"[1, 2]",,up up,up up 
2711,False,True,False,2,4,"[6, 5]",,right right,right right 
2712,False,False,False,6,7,"[1, 6]",obstacle,up left left left right left,up left left left right left 
2713,False,True,False,4,5,"[5, 5]",,right down right down,right down right down 
2714,True,True,True,7,7,"[2, 0]",,up up up left left left left,up up up left left leftleft 
2715,False,True,False,3,4,"[6, 0]",,left left left,left left left 
2716,True,True,True,2,2,"[1, 2]",,up up,up up 
2717,True,True,True,4,4,"[3, 0]",,left left left down,left left left down 
2718,False,False,False,2,3,"[1, 6]",obstacle,left down,left down 
2719,False,True,False,6,6,"[0, 2]",,up up left left left right,up up left left left right 
2720,True,True,True,2,2,"[4, 3]",,right right,right right 
2721,False,True,False,1,1,"[6, 4]",,left,left 
2722,True,True,True,3,3,"[0, 2]",,up up up,up up up 
2723,False,False,False,7,8,"[5, 4]",obstacle,up left left up left left left,up left left up left left left 
2724,True,True,True,4,4,"[1, 4]",,up up up up,up up up up 
2725,True,True,True,1,1,"[2, 0]",,left,left 
2726,True,True,True,3,3,"[4, 0]",,down down down,down down down 
2727,False,True,False,7,7,"[4, 4]",,right right down right down down left,right right down right down down left 
2728,False,False,False,4,5,"[1, 6]",obstacle,up left left left,up left left left 
2729,True,True,True,2,2,"[2, 5]",,down right,down right 
2730,True,True,True,2,2,"[0, 3]",,up right,up right 
2731,True,True,True,3,3,"[1, 3]",,up up right,up up right 
2732,False,False,False,8,8,"[3, 3]",obstacle,right right down down down right down right,right right down down down right down right 
2733,False,True,False,2,3,"[5, 1]",,left left,left left 
2734,True,True,True,2,2,"[5, 3]",,left down,left down 
2735,False,True,False,9,9,"[1, 3]",,up up up up right right up right down,up up up up right right up right down 
2736,False,False,False,8,9,"[2, 4]",obstacle,right right right down down down right down,right right right down down down right down 
2737,False,True,False,3,4,"[1, 4]",,up left left,up left left 
2738,False,True,False,5,8,"[2, 3]",,up up right right right,up up right right right 
2739,False,False,False,1,2,"[1, 6]",out_of_bounds,right,right 
2740,True,True,True,5,5,"[0, 0]",,up up left left left,up up left left left 
2741,False,True,False,5,6,"[4, 0]",,left left down down down,left left down down down 
2742,False,False,False,1,1,"[6, 6]",out_of_bounds,right,right 
2743,False,False,False,9,6,"[2, 4]",obstacle,left down left up up up right right right,left down left up up up right right right 
2744,True,True,True,3,3,"[0, 2]",,left left left,left left left 
2745,True,True,True,3,3,"[3, 2]",,down down down,down down down 
2746,True,True,True,1,1,"[4, 2]",,left,left 
2747,False,True,False,5,7,"[4, 4]",,down down down down right,down down down down right 
2748,False,True,False,3,5,"[4, 3]",,left up up,left up up 
2749,True,True,True,7,7,"[0, 1]",,left up up up left up left,left up up up left up left 
2750,True,True,True,2,2,"[4, 4]",,right right,right right 
2751,False,True,False,1,2,"[6, 1]",,left,left 
2752,True,True,True,2,2,"[0, 3]",,right right,right right 
2753,False,True,False,2,4,"[4, 2]",,up up,up up 
2754,False,True,False,4,6,"[4, 5]",,down down right right,down down right right 
2755,False,False,False,8,11,"[2, 4]",obstacle,right right right down down down right down,right right right down down down right down 
2756,False,False,False,7,8,"[5, 4]",obstacle,up right right right right right up,up right right rightright right up 
2757,False,False,False,3,5,"[3, 5]",obstacle,up left up,up left up 
2758,True,True,True,4,4,"[4, 3]",,right down down down,right down down down 
2759,False,False,False,8,10,"[3, 3]",obstacle,right right right down down down right down,right right right down down down right down 
2760,True,True,True,7,7,"[1, 5]",,right up up up right right right,right up up up right right right 
2761,False,True,False,5,6,"[3, 3]",,left left left down down,left left left down down 
2762,True,True,True,5,5,"[3, 4]",,right right down down down,right right down down down 
2763,False,True,False,7,7,"[2, 2]",,left left left left right down down,left left left left right down down 
2764,True,True,True,1,1,"[1, 0]",,down,down 
2765,True,True,True,6,6,"[3, 4]",,down right right up right right,down right right up right right 
2766,False,True,False,3,4,"[3, 3]",,left left left,left left left 
2767,True,True,True,6,6,"[4, 5]",,right right right down down down,right right right down down down 
2768,True,True,True,3,3,"[1, 0]",,up left left,up left left 
2769,False,True,False,2,3,"[2, 5]",,right down,right down 
2770,False,True,False,5,6,"[3, 3]",,left left down down down,left left down down down 
2771,False,True,False,3,6,"[3, 5]",,up up up,up up up 
2772,False,True,False,6,6,"[4, 2]",,up left left left right left,up left left left right left 
2773,False,True,False,4,6,"[4, 3]",,up up left left,up up left left 
2774,False,True,False,6,9,"[3, 2]",,left left left down down down,left left left down down down 
2775,False,True,False,5,6,"[3, 2]",,right right down down down,right right down down down 
2776,False,True,False,3,5,"[4, 6]",,down down down,down down down 
2777,False,True,False,6,8,"[1, 3]",,up up up right right right,up up up right right right 
2778,True,True,True,3,3,"[1, 2]",,up left left,up left left 
2779,True,True,True,4,4,"[0, 0]",,up up left left,up up left left 
2780,False,True,False,3,4,"[5, 4]",,left left down,left left down 
2781,True,True,True,3,3,"[4, 1]",,left left left,left left left 
2782,True,True,True,3,3,"[5, 3]",,left left down,left left down 
2783,False,True,False,4,6,"[3, 3]",,up up up right,up up up right 
2784,True,True,True,4,4,"[4, 2]",,right down down down,right down down down 
2785,True,True,True,2,2,"[5, 3]",,left down,left down 
2786,False,True,False,4,7,"[3, 4]",,left down down down,left down down down 
2787,False,True,False,4,4,"[5, 4]",,left down down down,left down down down 
2788,True,True,True,1,1,"[4, 0]",,down,down 
2789,False,False,False,3,4,"[5, 2]",obstacle,up left left,up left left 
2790,False,True,False,5,7,"[2, 1]",,up up up up right,up up up up right 
2791,True,True,True,4,4,"[1, 0]",,up up up left,up up up left 
2792,True,True,True,3,3,"[5, 3]",,down down down,down down down 
2793,False,False,False,4,5,"[4, 2]",obstacle,right right down down,right right down down 
2794,False,True,False,4,5,"[1, 1]",,up left left left,up left left left 
2795,True,True,True,2,2,"[0, 3]",,right right,right right 
2796,True,True,True,4,4,"[2, 1]",,left left left left,left left left left 
2797,True,True,True,1,1,"[0, 5]",,right,right 
2798,False,True,False,9,8,"[0, 1]",,up up left up left left up up left,up up left up left left up up left 
2799,True,True,True,4,4,"[4, 3]",,down down down down,down down down down 
2800,False,True,False,6,8,"[3, 4]",,up up up right right right,up up up right right right 
2801,False,True,False,8,9,"[5, 5]",,right right right down down down right down,right right right down down down right down 
2802,False,True,False,4,6,"[4, 2]",,up up left left,up up left left 
2803,False,False,False,3,3,"[4, 6]",out_of_bounds,right up up,right up up 
2804,True,True,True,2,2,"[5, 1]",,left down,left down 
2805,True,True,True,6,6,"[3, 1]",,left left left down down down,left left left down down down 
2806,True,True,True,4,4,"[3, 3]",,right down down down,right down down down 
2807,True,True,True,3,3,"[1, 4]",,right right down,right right down 
2808,False,True,False,2,4,"[4, 5]",,up left,up left 
2809,False,True,False,7,7,"[2, 2]",,up up up up down left left,up up up up down left left 
2810,True,True,True,6,6,"[5, 3]",,right right right down down down,right right right down down down 
2811,True,True,True,2,2,"[4, 0]",,up left,up left 
2812,True,True,True,4,4,"[2, 2]",,left left down down,left left down down 
2813,False,True,False,2,4,"[4, 1]",,down down,down down 
2814,True,True,True,6,6,"[1, 1]",,up up up left left left,up up up left left left 
2815,True,True,True,7,7,"[0, 3]",,up up up up right right right,up up up up right right right 
2816,False,True,False,3,4,"[4, 3]",,up up left,up up left 
2817,False,True,False,6,7,"[5, 5]",,right right right down right down,right right right down right down 
2818,True,True,True,4,4,"[6, 5]",,right right right right,right right right right 
2819,False,True,False,4,5,"[2, 4]",,left left down down,left left down down 
2820,False,True,False,6,6,"[4, 5]",,right right right right up right,right right right right up right 
2821,False,True,False,5,7,"[3, 1]",,up up up left left,up up up left left 
2822,True,True,True,5,5,"[3, 2]",,left left left down down,left left left down down 
2823,True,True,True,2,2,"[2, 1]",,right down,right down 
2824,False,True,False,4,5,"[2, 3]",,up left left left,up left left left 
2825,True,True,True,5,5,"[1, 0]",,up up left left left,up up left left left 
2826,False,True,False,2,4,"[5, 6]",,down down,down down 
2827,False,True,False,5,7,"[4, 3]",,right up up right right,right up up right right 
2828,True,True,True,1,1,"[2, 2]",,left,left 
2829,True,True,True,7,7,"[4, 0]",,left left left left down down left,left left left left down down left 
2830,False,True,False,8,8,"[2, 2]",,up up up left left left right left,up up up left left left right left 
2831,True,True,True,2,2,"[2, 2]",,left left,left left 
2832,False,True,False,1,2,"[2, 5]",,right,right 
2833,True,True,True,5,5,"[4, 2]",,left left left down down,left left left down down 
2834,False,True,False,1,2,"[6, 3]",,left,left 
2835,True,True,True,6,6,"[1, 3]",,right up up up right right,right up up up right right 
2836,False,True,False,3,4,"[4, 5]",,left down down,left down down 
2837,False,True,False,3,4,"[5, 4]",,up right right,up right right 
2838,False,True,False,6,9,"[4, 4]",,right up up right right right,right up up right right right 
2839,True,True,True,7,7,"[2, 4]",,up right up up right right right,up right up up right right right 
2840,True,True,True,2,2,"[3, 1]",,up left,up left 
2841,False,True,False,6,7,"[2, 2]",,up up up left left left,up up up left left left 
2842,True,True,True,5,5,"[3, 1]",,down left left down down,down left left down down 
2843,False,True,False,1,3,"[4, 3]",,left,left 
2844,True,True,True,2,2,"[1, 2]",,down left,down left 
2845,False,True,False,5,6,"[1, 3]",,up up left left left,up up left left left 
2846,True,True,True,4,4,"[5, 3]",,right right right down,right right right down 
2847,True,True,True,8,8,"[0, 4]",,up up up up right right up right,up up up up right right up right 
2848,True,True,True,1,1,"[3, 6]",,up,up 
2849,False,True,False,5,6,"[4, 2]",,up up left left left,up up left left left 
2850,False,True,False,6,6,"[3, 2]",,up left left left right left,up left left left right left 
2851,True,True,True,2,2,"[4, 3]",,left left,left left 
2852,True,True,True,1,1,"[2, 2]",,up,up 
2853,False,True,False,2,3,"[6, 4]",,right right,right right 
2854,True,True,True,4,4,"[3, 5]",,down right right down,down right right down 
2855,False,True,False,5,8,"[5, 2]",,left up left left left,left up left left left 
2856,False,True,False,2,3,"[3, 2]",,up right,up right 
2857,False,True,False,1,2,"[6, 5]",,left,left 
2858,False,True,False,5,9,"[4, 3]",,up up left left left,up up left left left 
2859,False,True,False,7,8,"[5, 1]",,left left left left down down left,left left left left down down left 
2860,True,True,True,4,4,"[1, 0]",,left left left up,left left left up 
2861,False,True,False,2,4,"[2, 4]",,right right,right right 
2862,True,True,True,2,2,"[1, 2]",,up up,up up 
2863,True,True,True,4,4,"[4, 3]",,left down down down,left down down down 
2864,True,True,True,4,4,"[5, 2]",,down down down down,down down down down 
2865,True,True,True,5,5,"[5, 4]",,right right right right down,right right right right down 
2866,False,True,False,4,3,"[2, 6]",,left down down right,left down down right 
2867,False,True,False,1,2,"[5, 2]",,right,right 
2868,False,True,False,5,9,"[4, 3]",,left left left down down,left left left down down 
2869,False,True,False,1,2,"[4, 3]",,left,left 
2870,True,True,True,2,2,"[5, 1]",,left left,left left 
2871,False,True,False,1,2,"[5, 5]",,down,down 
2872,True,True,True,4,4,"[3, 1]",,down down right down,down down right down 
2873,True,True,True,5,5,"[4, 0]",,left left left down down,left left left down down 
2874,False,True,False,1,1,"[6, 4]",,left,left 
2875,True,True,True,2,2,"[0, 4]",,up right,up right 
2876,False,True,False,4,3,"[2, 5]",,left down down right,left down down right 
2877,False,False,False,7,7,"[2, 1]",obstacle,right up up up right up right,right up up up right up right 
2878,True,True,True,2,2,"[1, 5]",,right up,right up 
2879,True,True,True,3,3,"[2, 1]",,up up up,up up up 
2880,False,False,False,1,4,"[6, 6]",obstacle,up,up 
2881,True,True,True,2,2,"[4, 3]",,right down,right down 
2882,True,True,True,2,2,"[5, 5]",,right down,right down 
2883,False,True,False,5,6,"[2, 5]",,up up right right right,up up right right right 
2884,False,True,False,5,7,"[2, 2]",,up up left left left,up up left left left 
2885,True,True,False,8,6,"[5, 4]",,right down down down right down down left,right down down down right down down left 
2886,False,True,False,4,6,"[3, 3]",,up right right right,up right right right 
2887,True,True,True,3,3,"[5, 1]",,down down down,down down down 
2888,False,True,False,5,6,"[2, 3]",,left left down down left,left left down down left 
2889,False,True,False,6,7,"[3, 3]",,left left down down left down,left left down down left down 
2890,True,True,True,3,3,"[3, 3]",,down down down,down down down 
2891,False,True,False,4,5,"[4, 6]",,down down down down,down down down down 
2892,True,True,True,1,1,"[2, 2]",,right,right 
2893,False,True,False,1,3,"[4, 5]",,right,right 
2894,True,True,True,5,5,"[0, 5]",,up up up right right,up up up right right 
2895,True,True,True,3,3,"[2, 0]",,left left left,left left left 
2896,True,True,True,6,6,"[5, 2]",,left left left down down down,left left left down down down 
2897,False,True,False,6,7,"[1, 5]",,up right right up right right,up right right up right right 
2898,True,True,True,2,2,"[1, 5]",,up up,up up 
2899,False,True,False,5,6,"[1, 5]",,up up up up right,up up up up right 
2900,True,True,True,5,5,"[1, 1]",,left down left left up,left down left left up 
2901,True,True,True,3,3,"[3, 0]",,left left left,left left left 
2902,True,True,True,3,3,"[4, 1]",,up left left,up left left 
2903,True,True,True,5,5,"[2, 0]",,down down left left left,down down left left left 
2904,False,True,False,4,5,"[2, 3]",,up right right right,up right right right 
2905,False,True,False,5,9,"[4, 3]",,up up right right right,up up right right right 
2906,True,True,True,4,4,"[2, 1]",,up up up left,up up up left 
2907,False,False,False,7,7,"[2, 2]",obstacle,up up left left left up left,up up left left left up left 
2908,True,True,True,3,3,"[5, 1]",,left left down,left left down 
2909,True,True,True,3,3,"[4, 1]",,right down down,right down down 
2910,False,True,False,3,4,"[4, 5]",,right right down,right right down 
2911,False,True,False,9,11,"[4, 5]",,right right right right down down down right down,right right right right down down down right down 
2912,True,True,True,4,4,"[1, 3]",,left up up right,left up up right 
2913,False,True,False,4,5,"[1, 1]",,up left left left,up left left left 
2914,False,False,False,6,7,"[5, 5]",obstacle,up left left left right left,up left left left right left 
2915,False,False,False,4,6,"[6, 3]",obstacle,up right up right,up right up right 
2916,False,True,False,3,5,"[3, 4]",,left up left,left up left 
2917,False,True,False,6,7,"[4, 4]",,down down down left left down,down down down left left down 
2918,True,True,True,5,5,"[4, 5]",,right right down down down,right right down down down 
2919,False,True,False,2,4,"[4, 1]",,left left,left left 
2920,False,True,False,5,6,"[3, 1]",,left left down down down,left left down down down 
2921,False,False,False,8,9,"[2, 4]",obstacle,up up up up left left up left,up up up up left left up left 
2922,False,True,False,7,9,"[3, 5]",,right right right right down down down,right right right right down down down 
2923,False,True,False,3,3,"[4, 0]",,up left left,up left left 
2924,True,True,True,5,5,"[1, 5]",,right right right right right,right right right rightright 
2925,False,False,False,4,6,"[3, 6]",out_of_bounds,up up up right,up up up right 
2926,False,True,False,5,6,"[5, 2]",,left left left down down,left left left down down 
2927,False,False,False,7,6,"[5, 2]",obstacle,right right up right right right down,right right up right right right down 
2928,False,True,False,9,11,"[4, 5]",,right right right right down down down right down,right right right right down down down right down 
2929,False,True,False,4,7,"[4, 4]",,left down left down,left down left down 
2930,False,False,False,6,9,"[6, 4]",obstacle,up up up up left up,up up up up left up 
2931,False,True,False,2,3,"[3, 3]",,up right,up right 
2932,True,True,True,1,1,"[2, 1]",,up,up 
2933,False,True,False,4,5,"[5, 5]",,right down down down,right down down down 
2934,True,True,True,3,3,"[3, 1]",,left left left,left left left 
2935,True,True,True,6,6,"[4, 5]",,right right right right right down,right right right rightright down 
2936,False,True,False,1,2,"[3, 5]",,left,left 
2937,False,True,False,4,7,"[3, 4]",,left down down down,left down down down 
2938,False,True,False,6,7,"[5, 5]",,right right right right down down,right right right right down down 
2939,False,True,False,5,8,"[3, 3]",,up up right right right,up up right right right 
2940,True,True,True,4,4,"[5, 1]",,down down down left,down down down left 
2941,False,True,False,4,6,"[5, 3]",,up left left left,up left left left 
2942,True,True,False,7,5,"[3, 0]",,up up left up left left down,up up left up left left down 
2943,True,True,True,5,5,"[4, 1]",,left down down down left,left down down down left 
2944,True,True,True,3,3,"[3, 5]",,right right down,right right down 
2945,False,True,False,7,9,"[4, 4]",,right right right right down down down,right right right right down down down 
2946,True,True,True,5,5,"[1, 0]",,left left left left down,left left left left down 
2947,True,True,True,2,2,"[1, 2]",,right down,right down 
2948,True,True,True,2,2,"[4, 0]",,up left,up left 
2949,False,True,False,5,5,"[2, 2]",,up left left left right,up left left left right 
2950,False,True,False,2,4,"[5, 5]",,up right,up right 
2951,False,True,False,5,5,"[1, 2]",,up right right right left,up right right right left 
2952,False,True,False,4,5,"[1, 2]",,up left left left,up left left left 
2953,False,True,False,6,6,"[0, 4]",,up up up up left up,up up up up left up 
2954,False,True,False,4,6,"[4, 2]",,down down down down,down down down down 
2955,True,True,True,2,2,"[1, 2]",,left down,left down 
2956,True,True,True,1,1,"[2, 1]",,down,down 
2957,False,True,False,4,6,"[4, 0]",,up up left left,up up left left 
2958,False,True,False,5,8,"[3, 2]",,right right down down down,right right down down down 
2959,True,True,True,6,6,"[0, 3]",,up up up left up left,up up up left up left 
2960,False,True,False,3,4,"[5, 2]",,left left left,left left left 
2961,True,True,True,5,5,"[0, 3]",,up up up up right,up up up up right 
2962,False,True,False,5,6,"[3, 2]",,right right down down down,right right down down down 
2963,True,True,True,3,3,"[2, 5]",,right right right,right right right 
2964,True,True,True,5,5,"[2, 0]",,up up up left left,up up up left left 
2965,True,True,True,3,3,"[3, 3]",,left left down,left left down 
2966,False,True,False,5,7,"[2, 2]",,up right right right left,up right right right left 
2967,False,True,False,3,5,"[4, 2]",,up up left,up up left 
2968,False,True,False,3,4,"[5, 1]",,left up left,left up left 
2969,True,True,False,8,6,"[0, 2]",,right up up up left up up right,right up up up left up up right 
2970,True,True,True,4,4,"[2, 1]",,up up up right,up up up right 
2971,False,True,False,3,5,"[4, 0]",,down down down,down down down 
2972,True,True,True,3,3,"[1, 3]",,right right right,right right right 
2973,True,True,True,2,2,"[0, 1]",,up left,up left 
2974,False,True,False,2,3,"[2, 5]",,right right,right right 
2975,False,True,False,5,7,"[3, 4]",,up up right right right,up up right right right 
2976,False,True,False,8,10,"[0, 4]",,up up up up right right up right,up up up up right right up right 
2977,False,True,False,9,9,"[0, 2]",,left up up up right up up left left,left up up up right up up left left 
2978,False,True,False,5,6,"[3, 2]",,left left down down down,left left down down down 
2979,False,True,False,4,3,"[5, 2]",,left up left down,left up left down 
2980,False,False,False,5,6,"[6, 5]",obstacle,left up left left down,left up left left down 
2981,False,True,False,3,4,"[4, 1]",,up up right,up up right 
2982,False,True,False,5,6,"[0, 5]",,up up up right right,up up up right right 
2983,False,False,False,5,5,"[0, 6]",out_of_bounds,up up up up right,up up up up right 
2984,False,True,False,5,7,"[4, 3]",,up up right right right,up up right right right 
2985,False,True,False,4,5,"[1, 5]",,up up right right,up up right right 
2986,False,False,False,7,9,"[3, 4]",obstacle,right right down down down right down,right right down down down right down 
2987,False,True,False,5,8,"[0, 3]",,up up right right right,up up right right right 
2988,True,True,True,5,5,"[5, 1]",,right down down down down,right down down downdown 
2989,False,True,False,5,6,"[4, 3]",,up left left left down,up left left left down 
2990,True,True,True,1,1,"[0, 1]",,right,right 
2991,False,True,False,3,4,"[3, 1]",,left up left,left up left 
2992,False,True,False,1,2,"[5, 1]",,right,right 
2993,True,True,True,3,3,"[3, 4]",,up right right,up right right 
2994,False,True,False,5,7,"[3, 5]",,right right down down down,right right down down down 
2995,False,True,False,5,9,"[4, 3]",,up up right right right,up up right right right 
2996,False,True,False,1,1,"[4, 0]",,up,up 
2997,False,True,False,4,5,"[3, 4]",,up up left left,up up left left 
2998,True,True,True,2,2,"[3, 4]",,left down,left down 
2999,True,True,True,7,7,"[3, 4]",,right right right right down down down,right right right right down down down 
3000,True,True,True,4,4,"[0, 1]",,up up up right,up up up right 
3001,False,False,False,3,6,"[6, 4]",obstacle,up up right,up up right 
3002,True,True,True,2,2,"[4, 4]",,right right,right right 
3003,True,True,True,4,4,"[2, 3]",,right right right down,right right right down 
3004,True,True,True,4,4,"[3, 2]",,up left left left,up left left left 
3005,False,True,False,6,7,"[5, 5]",,right right right right down down,right right right right down down 
3006,False,False,False,3,6,"[5, 3]",obstacle,up right right,up right right 
3007,True,True,True,7,7,"[4, 5]",,right right right right down down down,right right right right down down down 
3008,False,True,False,2,4,"[1, 4]",,right right,right right 
3009,False,True,False,4,5,"[4, 2]",,up up right right,up up right right 
3010,True,True,True,5,5,"[1, 4]",,right right right right down,right right right right down 
3011,True,True,True,3,3,"[3, 1]",,up left left,up left left 
3012,False,True,False,2,3,"[3, 6]",,down down,down down 
3013,False,True,False,3,5,"[5, 5]",,left down down,left down down 
3014,True,True,True,3,3,"[4, 2]",,left left down,left left down 
3015,False,True,False,4,6,"[2, 4]",,up right up right,up right up right 
3016,False,True,False,3,5,"[4, 0]",,left left left,left left left 
3017,True,True,True,4,4,"[1, 3]",,up right right right,up right right right 
3018,True,True,True,2,2,"[2, 3]",,right down,right down 
3019,True,True,True,6,6,"[0, 4]",,up up up up right up,up up up up right up 
3020,False,True,False,8,7,"[2, 5]",,up up up right right right down right,up up up right right right down right 
3021,True,True,True,2,2,"[3, 1]",,left left,left left 
3022,True,True,True,7,7,"[0, 3]",,up up up up right right up,up up up up right right up 
3023,True,True,True,2,2,"[3, 1]",,up right,up right 
3024,False,True,False,1,3,"[2, 5]",,left,left 
3025,True,True,True,4,4,"[4, 1]",,left left left down,left left left down 
3026,True,True,True,3,3,"[3, 1]",,up left left,up left left 
3027,True,True,True,2,2,"[5, 1]",,down down,down down 
3028,False,False,False,2,3,"[6, 4]",obstacle,up right,up right 
3029,False,True,False,5,7,"[4, 3]",,right right down down down,right right down down down 
3030,False,True,False,4,7,"[3, 2]",,left down down down,left down down down 
3031,False,True,False,7,8,"[5, 5]",,right right right right right down down,right right right rightright down down 
3032,False,False,False,8,9,"[4, 3]",obstacle,up up up right right right down right,up up up right right right down right 
3033,False,True,False,2,4,"[4, 2]",,right down,right down 
3034,False,True,False,2,4,"[0, 4]",,up right,up right 
3035,True,True,True,2,2,"[6, 5]",,right right,right right 
3036,False,True,False,5,7,"[2, 2]",,up up up up right,up up up up right 
3037,False,False,False,4,6,"[5, 4]",obstacle,up left left left,up left left left 
3038,True,True,True,2,2,"[2, 3]",,down down,down down 
3039,True,True,True,5,5,"[3, 4]",,right right right down down,right right right down down 
3040,True,True,True,2,2,"[2, 4]",,up left,up left 
3041,False,True,False,2,4,"[5, 6]",,down down,down down 
3042,False,True,False,6,8,"[4, 2]",,up left left left down left,up left left left down left 
3043,False,True,False,2,4,"[1, 5]",,left down,left down 
3044,False,True,False,4,5,"[3, 0]",,left down down down,left down down down 
3045,True,True,True,4,4,"[1, 0]",,up up up up,up up up up 
3046,True,True,True,5,5,"[3, 5]",,right right right right down,right right right right down 
3047,True,True,True,4,4,"[4, 3]",,right right down down,right right down down 
3048,True,True,True,4,4,"[1, 3]",,up up right right,up up right right 
3049,True,True,True,2,2,"[0, 4]",,up left,up left 
3050,False,True,False,5,7,"[3, 4]",,up left left left right,up left left left right 
3051,False,True,False,5,5,"[2, 2]",,up right right right left,up right right right left 
3052,False,True,False,4,6,"[6, 5]",,right right right right,right right right right 
3053,False,True,False,2,4,"[1, 5]",,left down,left down 
3054,True,True,True,3,3,"[0, 2]",,up left left,up left left 
3055,False,False,False,8,8,"[5, 4]",obstacle,left up up up right up up left,left up up up right up up left 
3056,False,False,False,5,5,"[5, 4]",obstacle,left up left left down,left up left left down 
3057,False,False,False,8,8,"[5, 4]",obstacle,left up up up right up up left,left up up up right up up left 
3058,True,True,True,3,3,"[3, 1]",,left down down,left down down 
3059,False,True,False,4,6,"[0, 3]",,up right right right,up right right right 
3060,True,True,True,4,4,"[1, 1]",,left left left left,left left left left 
3061,False,True,False,4,6,"[3, 4]",,right up up up,right up up up 
3062,True,True,True,4,4,"[3, 3]",,right right down down,right right down down 
3063,False,True,False,5,7,"[0, 4]",,up up up right right,up up up right right 
3064,True,True,True,5,5,"[0, 3]",,up up right right right,up up right right right 
3065,True,True,True,4,4,"[1, 1]",,left left left down,left left left down 
3066,True,True,True,4,4,"[5, 1]",,left left left left,left left left left 
3067,True,True,True,2,2,"[2, 2]",,up left,up left 
3068,False,True,False,2,3,"[6, 1]",,left left,left left 
3069,False,True,False,5,5,"[3, 3]",,up right right right left,up right right right left 
3070,True,True,True,5,5,"[4, 1]",,left left left up left,left left left up left 
3071,True,True,True,5,5,"[2, 3]",,up up up left left,up up up left left 
3072,True,True,True,2,2,"[2, 1]",,right down,right down 
3073,False,True,False,6,8,"[4, 5]",,right right right right down down,right right right right down down 
3074,True,True,True,3,3,"[2, 2]",,left left down,left left down 
3075,False,False,False,6,6,"[1, 6]",out_of_bounds,up up up up right up,up up up up right up 
3076,True,True,True,2,2,"[2, 5]",,down down,down down 
3077,False,True,False,4,5,"[3, 5]",,right down down down,right down down down 
3078,False,True,False,4,6,"[5, 3]",,left down left left,left down left left 
3079,True,True,True,3,3,"[3, 3]",,right down down,right down down 
3080,False,True,False,3,5,"[4, 1]",,right up up,right up up 
3081,False,False,False,2,3,"[3, 1]",obstacle,up left,up left 
3082,True,True,True,2,2,"[6, 5]",,right right,right right 
3083,False,True,False,6,8,"[1, 4]",,up up up right right right,up up up right right right 
3084,False,True,False,3,4,"[4, 5]",,right down down,right down down 
3085,False,True,False,4,5,"[5, 6]",,down down down down,down down down down 
3086,True,True,True,4,4,"[0, 0]",,up up up left,up up up left 
3087,True,True,True,6,6,"[4, 5]",,right right right right up right,right right right right up right 
3088,True,True,True,3,3,"[3, 2]",,left left down,left left down 
3089,True,True,True,4,4,"[2, 5]",,right right down down,right right down down 
3090,False,True,False,6,7,"[5, 5]",,right right right right down down,right right right right down down 
3091,False,True,False,4,5,"[4, 4]",,right down down down,right down down down 
3092,False,True,False,3,5,"[3, 4]",,up up up,up up up 
3093,True,True,True,6,6,"[3, 1]",,left left left down down down,left left left down down down 
3094,True,True,True,2,2,"[5, 2]",,right right,right right 
3095,False,True,False,5,7,"[1, 4]",,right right right right down,right right right right down 
3096,False,True,False,4,5,"[6, 4]",,up left left down,up left left down 
3097,True,True,True,4,4,"[5, 0]",,down down down down,down down down down 
3098,False,True,False,6,8,"[4, 4]",,right right right right down down,right right right right down down 
3099,True,True,True,5,5,"[3, 2]",,up up left left left,up up left left left 
3100,True,True,True,2,2,"[1, 1]",,up right,up right 
3101,False,True,False,7,8,"[5, 2]",,up left up left left left down,up left up left left left down 
3102,False,False,False,5,7,"[3, 5]",obstacle,up up left up up,up up left up up 
3103,True,True,True,6,6,"[0, 4]",,up up left up up up,up up left up up up 
3104,False,True,False,7,8,"[4, 5]",,up up right right right right right,up up right right rightright right 
3105,True,True,True,5,5,"[2, 0]",,up up left left left,up up left left left 
3106,False,True,False,6,5,"[6, 4]",,right right up right right down,right right up right right down 
3107,True,True,True,1,1,"[3, 3]",,up,up 
3108,False,True,False,5,6,"[3, 5]",,right right right up right,right right right up right 
3109,False,True,False,6,5,"[3, 0]",,up left left left up left,up left left left up left 
3110,True,True,True,3,3,"[3, 2]",,up up right,up up right 
3111,True,True,True,2,2,"[2, 1]",,left down,left down 
3112,False,True,False,4,7,"[3, 4]",,left down down down,left down down down 
3113,False,True,False,2,2,"[4, 4]",,up left,up left 
3114,True,True,True,1,1,"[4, 4]",,right,right 
3115,True,True,True,3,3,"[2, 4]",,right right right,right right right 
3116,True,True,True,5,5,"[5, 2]",,left left left down down,left left left down down 
3117,False,True,False,3,4,"[5, 5]",,right down down,right down down 
3118,True,True,True,1,1,"[3, 6]",,down,down 
3119,False,True,False,8,7,"[5, 5]",,up right right up right right right down,up right right up right right right down 
3120,False,True,False,1,3,"[2, 4]",,right,right 
3121,False,True,False,5,7,"[4, 4]",,right right right right down,right right right right down 
3122,False,True,False,3,5,"[4, 2]",,left left down,left left down 
3123,True,True,True,2,2,"[2, 4]",,right down,right down 
3124,False,True,False,5,7,"[3, 3]",,left left down down down,left left down down down 
3125,False,True,False,3,5,"[4, 2]",,right right down,right right down 
3126,True,True,True,5,5,"[3, 3]",,right right right down down,right right right down down 
3127,True,True,True,3,3,"[2, 5]",,up right right,up right right 
3128,True,True,True,4,4,"[2, 3]",,up up up right,up up up right 
3129,False,True,False,7,11,"[3, 4]",,right up up up right right right,right up up up right right right 
3130,False,True,False,7,7,"[5, 5]",,up up right right right down right,up up right right right down right 
3131,False,True,False,6,11,"[3, 4]",,right right right down down down,right right right down down down 
3132,True,True,True,3,3,"[1, 3]",,right right down,right right down 
3133,False,True,False,1,1,"[3, 4]",,left,left 
3134,True,True,True,7,7,"[1, 1]",,up up up left left left left,up up up left left leftleft 
3135,False,True,False,4,5,"[5, 1]",,up left left left,up left left left 
3136,False,True,False,2,4,"[4, 5]",,left down,left down 
3137,True,True,True,3,3,"[1, 2]",,up up left,up up left 
3138,True,True,True,3,3,"[0, 0]",,up left left,up left left 
3139,False,True,False,5,7,"[4, 5]",,right right down down down,right right down down down 
3140,False,False,False,2,4,"[3, 0]",obstacle,left down,left down 
3141,True,True,True,2,2,"[1, 5]",,up up,up up 
3142,True,True,True,4,4,"[1, 0]",,up up left left,up up left left 
3143,False,True,False,9,12,"[4, 1]",,left left left left down down down left down,left left left left down down down left down 
3144,True,True,True,3,3,"[4, 5]",,up right right,up right right 
3145,True,True,False,5,3,"[5, 5]",,right up right right down,right up right right down 
3146,True,True,True,2,2,"[3, 6]",,down down,down down 
3147,False,True,False,3,6,"[3, 5]",,up up up,up up up 
3148,True,True,True,4,4,"[1, 2]",,up up right right,up up right right 
3149,True,True,True,2,2,"[5, 1]",,left down,left down 
3150,False,True,False,2,3,"[5, 0]",,up left,up left 
3151,False,False,False,7,9,"[2, 2]",obstacle,up up up up left left left,up up up up left left left 
3152,False,True,False,4,5,"[1, 3]",,left left left down,left left left down 
3153,True,True,True,1,1,"[1, 1]",,down,down 
3154,False,True,False,7,9,"[2, 4]",,up right up up up right right,up right up up up right right 
3155,False,True,False,4,6,"[3, 4]",,up up right right,up up right right 
3156,False,True,False,4,6,"[3, 5]",,up up up right,up up up right 
3157,True,True,True,2,2,"[4, 0]",,up left,up left 
3158,False,True,False,5,6,"[3, 3]",,up up left left left,up up left left left 
3159,False,False,False,7,8,"[4, 5]",obstacle,right right right right right down down,right right right rightright down down 
3160,False,True,False,7,10,"[3, 5]",,right right right right down down down,right right right right down down down 
3161,True,True,True,3,3,"[2, 4]",,up up up,up up up 
3162,False,True,False,7,9,"[5, 2]",,left left down left left down down,left left down left left down down 
3163,False,True,False,2,3,"[3, 4]",,up left,up left 
3164,True,True,True,2,2,"[3, 2]",,up up,up up 
3165,True,True,True,4,4,"[4, 1]",,down down right down,down down right down 
3166,False,False,False,9,9,"[1, 1]",obstacle,left left left left down down down left down,left left left left down down down left down 
3167,True,True,True,4,4,"[5, 6]",,down down down down,down down down down 
3168,True,True,True,4,4,"[1, 0]",,left left left down,left left left down 
3169,True,True,True,2,2,"[4, 6]",,down down,down down 
3170,True,True,True,6,6,"[1, 5]",,up up up up right right,up up up up right right 
3171,True,True,True,4,4,"[5, 3]",,right down down down,right down down down 
3172,False,True,False,6,8,"[4, 3]",,left left left down down down,left left left down down down 
3173,False,True,False,3,6,"[6, 3]",,left left left,left left left 
3174,False,True,False,1,3,"[6, 5]",,right,right 
3175,True,True,True,7,7,"[5, 0]",,left left down left left down down,left left down left left down down 
3176,False,True,False,2,3,"[1, 5]",,right down,right down 
3177,True,True,True,3,3,"[2, 2]",,left left down,left left down 
3178,True,True,True,7,7,"[0, 0]",,up up up up up left left,up up up upup left left 
3179,True,True,True,1,1,"[4, 4]",,left,left 
3180,True,True,True,4,4,"[0, 2]",,up up left left,up up left left 
3181,True,True,True,6,6,"[0, 3]",,left up up up right up,left up up up right up 
3182,False,True,False,3,4,"[4, 5]",,down down down,down down down 
3183,True,True,True,1,1,"[3, 5]",,up,up 
3184,True,True,True,3,3,"[2, 1]",,right down down,right down down 
3185,False,True,False,7,10,"[2, 3]",,up up up up left left left,up up up up left left left 
3186,True,True,True,2,2,"[5, 3]",,right right,right right 
3187,False,True,False,4,6,"[4, 2]",,left left down down,left left down down 
3188,True,True,True,4,4,"[1, 1]",,up up up right,up up up right 
3189,False,True,False,4,5,"[0, 1]",,up left left left,up left left left 
3190,True,True,True,5,5,"[4, 5]",,right right right down down,right right right down down 
3191,False,True,False,3,4,"[0, 5]",,up up up,up up up 
3192,False,True,False,1,2,"[2, 5]",,right,right 
3193,True,True,True,3,3,"[1, 3]",,left left down,left left down 
3194,True,True,True,3,3,"[3, 1]",,left up left,left up left 
3195,False,True,False,1,5,"[4, 4]",,down,down 
3196,False,True,False,2,3,"[1, 5]",,up left,up left 
3197,True,True,True,2,2,"[2, 0]",,left left,left left 
3198,True,True,True,4,4,"[2, 0]",,left left left left,left left left left 
3199,True,True,True,3,3,"[3, 2]",,right right down,right right down 
3200,False,True,False,3,7,"[4, 5]",,down down left,down down left 
3201,True,True,True,1,1,"[3, 1]",,down,down 
3202,False,True,False,7,7,"[0, 2]",,up up up left left left right,up up up left left left right 
3203,True,True,True,1,1,"[4, 5]",,down,down 
3204,True,True,True,2,2,"[3, 4]",,right up,right up 
3205,True,True,True,4,4,"[1, 0]",,left left left left,left left left left 
3206,True,True,True,4,4,"[2, 0]",,left left left down,left left left down 
3207,False,True,False,2,4,"[4, 4]",,up right,up right 
3208,True,True,True,1,1,"[3, 2]",,right,right 
3209,True,True,True,5,5,"[2, 1]",,up up left left left,up up left left left 
3210,False,True,False,7,10,"[3, 1]",,left left left left down down down,left left left left down down down 
3211,False,True,False,3,5,"[4, 3]",,left down down,left down down 
3212,False,True,False,2,6,"[4, 5]",,left down,left down 
3213,True,True,True,4,4,"[4, 4]",,down down down down,down down down down 
3214,True,True,True,4,4,"[1, 1]",,up left left left,up left left left 
3215,False,True,False,5,7,"[3, 4]",,up up right right right,up up right right right 
3216,True,True,True,2,2,"[3, 4]",,up right,up right 
3217,False,True,False,8,10,"[2, 3]",,up up up up down left left left,up up up up down left left left 
3218,False,True,False,4,6,"[1, 5]",,up up up left,up up up left 
3219,True,True,True,5,5,"[5, 4]",,right right right right down,right right right right down 
3220,True,True,True,2,2,"[0, 5]",,up right,up right 
3221,False,True,False,4,7,"[0, 3]",,up right right right,up right right right 
3222,False,True,False,3,4,"[3, 6]",,down down down,down down down 
3223,True,True,True,4,4,"[5, 1]",,down down down down,down down down down 
3224,True,True,True,2,2,"[0, 0]",,left left,left left 
3225,True,True,True,4,4,"[3, 0]",,left left down down,left left down down 
3226,True,True,True,2,2,"[4, 0]",,down down,down down 
3227,False,False,False,4,9,"[6, 6]",obstacle,left left left left,left left left left 
3228,True,True,True,4,4,"[2, 5]",,right right right down,right right right down 
3229,False,True,False,1,1,"[3, 4]",,left,left 
3230,False,True,False,2,3,"[1, 4]",,left left,left left 
3231,False,True,False,7,11,"[3, 4]",,up up up left left left right,up up up left left left right 
3232,False,True,False,5,9,"[3, 4]",,up up up right right,up up up right right 
3233,False,True,False,6,6,"[2, 2]",,up left left left right left,up left left left right left 
3234,False,True,False,2,3,"[6, 2]",,left left,left left 
3235,False,True,False,3,5,"[4, 0]",,left left left,left left left 
3236,False,False,False,9,8,"[0, 2]",out_of_bounds,up up up up left left left up left,up up up up left left left up left 
3237,False,True,False,6,8,"[3, 1]",,up up up left left left,up up up left left left 
3238,False,True,False,6,7,"[0, 5]",,up up up up right right,up up up up right right 
3239,False,False,False,8,8,"[4, 5]",obstacle,right down down down right down down left,right down down down right down down left 
3240,True,True,True,4,4,"[0, 4]",,up up up up,up up up up 
3241,False,True,False,4,5,"[4, 4]",,right down down down,right down down down 
3242,False,True,False,4,5,"[4, 3]",,down down down down,down down down down 
3243,False,True,False,3,4,"[5, 1]",,up left left,up left left 
3244,True,True,True,3,3,"[3, 4]",,up right right,up right right 
3245,True,True,True,3,3,"[5, 5]",,right down down,right down down 
3246,False,True,False,3,5,"[5, 5]",,up right right,up right right 
3247,True,True,True,2,2,"[3, 3]",,right right,right right 
3248,True,True,True,7,7,"[5, 5]",,right down down down right down down,right down down down right down down 
3249,True,True,True,4,4,"[2, 0]",,left left left down,left left left down 
3250,False,True,False,4,6,"[3, 4]",,up up right right,up up right right 
3251,True,True,True,5,5,"[1, 0]",,left left left left left,left left left leftleft 
3252,False,True,False,3,5,"[0, 5]",,up up left,up up left 
3253,False,False,False,4,6,"[1, 5]",obstacle,left down down down,left down down down 
3254,False,True,False,3,5,"[3, 3]",,up up up,up up up 
3255,True,True,True,3,3,"[3, 3]",,up up right,up up right 
3256,False,True,False,3,5,"[3, 3]",,left left left,left left left 
3257,False,True,False,4,3,"[1, 5]",,left up up right,left up up right 
3258,False,True,False,2,4,"[6, 4]",,right right,right right 
3259,True,True,True,3,3,"[0, 3]",,up left left,up left left 
3260,True,True,True,1,1,"[0, 5]",,up,up 
3261,True,True,True,1,1,"[3, 2]",,right,right 
3262,False,False,False,7,11,"[2, 6]",obstacle,up up up up left left left,up up up up left left left 
3263,False,True,False,5,7,"[2, 1]",,up up up up right,up up up up right 
3264,False,True,False,1,2,"[4, 5]",,right,right 
3265,False,False,False,5,5,"[3, 6]",out_of_bounds,down down down right down,down down down right down 
3266,False,False,False,9,9,"[2, 3]",obstacle,up up up up down left left left up,up up up up down left left left up 
3267,True,True,True,1,1,"[1, 3]",,down,down 
3268,False,True,False,5,7,"[4, 4]",,right right right right down,right right right right down 
3269,True,True,True,1,1,"[6, 3]",,left,left 
3270,True,True,True,4,4,"[3, 2]",,right right down down,right right down down 
3271,True,True,True,5,5,"[3, 2]",,right right down down down,right right down down down 
3272,False,True,False,4,5,"[6, 5]",,right right right right,right right right right 
3273,True,True,True,7,7,"[3, 0]",,left up left left left down left,left up left left left down left 
3274,True,True,True,4,4,"[5, 5]",,down down down right,down down down right 
3275,True,True,True,5,5,"[3, 2]",,left left down down down,left left down down down 
3276,False,False,False,5,5,"[5, 6]",out_of_bounds,down down down down right,down down down down right 
3277,True,True,True,3,3,"[1, 1]",,up up right,up up right 
3278,True,True,True,5,5,"[2, 3]",,up up right right right,up up right right right 
3279,True,True,True,5,5,"[0, 3]",,up up up up right,up up up up right 
3280,False,True,False,5,6,"[6, 0]",,left left left left left,left left left leftleft 
3281,False,False,False,6,10,"[2, 3]",obstacle,left left left down down down,left left left down down down 
3282,False,True,False,5,8,"[3, 2]",,left left down down down,left left down down down 
3283,True,True,True,5,5,"[4, 2]",,right right down down down,right right down down down 
3284,False,True,False,6,10,"[4, 4]",,right right right right down down,right right right right down down 
3285,False,True,False,4,6,"[5, 1]",,up left left left,up left left left 
3286,True,True,True,7,7,"[0, 2]",,up up up up right up right,up up up up right up right 
3287,False,True,False,4,7,"[3, 5]",,up up up right,up up up right 
3288,True,True,True,6,6,"[5, 0]",,down left left left down left,down left left left down left 
3289,False,True,False,6,7,"[3, 1]",,left left left down down down,left left left down down down 
3290,True,True,True,3,3,"[3, 4]",,left up up,left up up 
3291,True,True,True,2,2,"[1, 3]",,up left,up left 
3292,False,True,False,4,5,"[4, 0]",,left down down down,left down down down 
3293,True,True,True,3,3,"[3, 5]",,right down down,right down down 
3294,False,True,False,1,1,"[2, 4]",,left,left 
3295,False,False,False,8,10,"[3, 5]",obstacle,right right right down down down right down,right right right down down down right down 
3296,False,True,False,4,6,"[4, 4]",,left down down down,left down down down 
3297,False,True,False,2,4,"[4, 4]",,up up,up up 
3298,True,True,True,2,2,"[4, 3]",,up right,up right 
3299,True,True,True,4,4,"[0, 5]",,up right right right,up right right right 
3300,False,True,False,6,6,"[0, 2]",,up up left left left right,up up left left left right 
3301,True,True,True,5,5,"[0, 5]",,up up up up up,up up up upup 
3302,True,True,True,4,4,"[3, 3]",,up up left left,up up left left 
3303,True,True,True,4,4,"[1, 4]",,up right right right,up right right right 
3304,True,True,True,2,2,"[2, 1]",,up left,up left 
3305,True,True,False,8,6,"[4, 0]",,up left left left up left left down,up left left left up left left down 
3306,True,True,True,3,3,"[2, 3]",,up up up,up up up 
3307,True,True,True,2,2,"[2, 4]",,left down,left down 
3308,True,True,True,6,6,"[2, 1]",,left left left left down down,left left left left down down 
3309,True,True,True,6,6,"[0, 0]",,up up up up left up,up up up up left up 
3310,False,True,False,6,5,"[1, 5]",,left up up up right right,left up up up right right 
3311,True,True,True,2,2,"[2, 3]",,up right,up right 
3312,False,True,False,6,7,"[4, 5]",,right right right down down down,right right right down down down 
3313,False,False,False,1,1,"[6, 1]",obstacle,left,left 
3314,True,True,True,2,2,"[2, 5]",,right down,right down 
3315,False,True,False,3,2,"[4, 2]",,left up left,left up left 
3316,False,False,False,2,3,"[6, 6]",out_of_bounds,down left,down left 
3317,False,False,False,2,2,"[2, 6]",out_of_bounds,right down,right down 
3318,True,True,True,4,4,"[2, 5]",,right up up up,right up up up 
3319,True,True,True,8,8,"[0, 3]",,right up up up right up up right,right up up up right up upright 
3320,False,True,False,4,8,"[3, 5]",,up up up left,up up up left 
3321,False,True,False,5,7,"[3, 5]",,right right right right up,right right right right up 
3322,True,True,True,2,2,"[2, 3]",,right right,right right 
3323,False,True,False,6,7,"[4, 2]",,left left left down down down,left left left down down down 
3324,True,True,True,1,1,"[0, 5]",,left,left 
3325,True,True,True,2,2,"[2, 0]",,left left,left left 
3326,False,True,False,6,8,"[3, 4]",,right up up right right right,right up up right right right 
3327,False,True,False,4,6,"[4, 1]",,left left down down,left left down down 
3328,False,True,False,2,3,"[5, 5]",,down down,down down 
3329,True,True,True,2,2,"[0, 1]",,up right,up right 
3330,True,True,True,2,2,"[3, 6]",,up up,up up 
3331,True,True,True,5,5,"[3, 1]",,up left left left up,up left left left up 
3332,True,True,True,2,2,"[4, 1]",,up left,up left 
3333,True,True,True,2,2,"[0, 4]",,up right,up right 
3334,False,True,False,7,9,"[1, 4]",,right up up up right up up,right up up up right up up 
3335,True,True,True,6,6,"[5, 2]",,down left down down right down,down left down down right down 
3336,True,True,True,3,3,"[0, 1]",,left left left,left left left 
3337,True,True,True,2,2,"[4, 2]",,left left,left left 
3338,False,True,False,4,5,"[2, 2]",,up left left left,up left left left 
3339,False,True,False,3,5,"[2, 5]",,left down down,left down down 
3340,False,True,False,4,5,"[0, 1]",,up left left left,up left left left 
3341,True,True,True,2,2,"[0, 3]",,up left,up left 
3342,False,True,False,3,7,"[4, 5]",,up up left,up up left 
3343,True,True,True,5,5,"[0, 0]",,up up up up left,up up up up left 
3344,True,True,True,4,4,"[3, 0]",,right up up left,right up up left 
3345,False,True,False,2,4,"[5, 5]",,left down,left down 
3346,True,True,True,3,3,"[2, 3]",,left down down,left down down 
3347,False,True,False,3,5,"[4, 2]",,up up left,up up left 
3348,False,True,False,4,6,"[4, 2]",,down down down right,down down down right 
3349,False,True,False,4,6,"[2, 4]",,right right down down,right right down down 
3350,False,False,False,7,11,"[2, 2]",obstacle,left left left left down down down,left left left left down down down 
3351,False,True,False,2,3,"[1, 5]",,up up,up up 
3352,True,True,True,4,4,"[0, 1]",,up up left left,up up left left 
3353,False,True,False,3,4,"[4, 4]",,up up right,up up right 
3354,False,True,False,8,8,"[0, 2]",,up up up left left left right left,up up up left left left right left 
3355,True,True,True,1,1,"[1, 1]",,up,up 
3356,False,True,False,4,6,"[4, 4]",,right right down down,right right down down 
3357,True,True,True,7,7,"[5, 0]",,down down down right down down left,down down down right down down left 
3358,False,True,False,1,2,"[1, 6]",,down,down 
3359,True,True,True,5,5,"[4, 3]",,right right down down down,right right down down down 
3360,False,True,False,5,6,"[2, 5]",,up up up right right,up up up right right 
3361,False,True,False,3,5,"[0, 5]",,up up left,up up left 
3362,True,True,True,2,2,"[6, 4]",,right right,right right 
3363,False,True,False,4,6,"[4, 1]",,up up left left,up up left left 
3364,False,True,False,7,12,"[3, 4]",,right right right right down down down,right right right right down down down 
3365,True,True,True,5,5,"[0, 0]",,up up up up left,up up up up left 
3366,False,True,False,2,4,"[1, 5]",,up left,up left 
3367,True,True,True,3,3,"[2, 1]",,up up right,up up right 
3368,False,True,False,4,6,"[4, 1]",,left left down down,left left down down 
3369,True,True,True,9,9,"[0, 5]",,up up up up right right right up right,up up up up right right right up right 
3370,True,True,True,7,7,"[1, 5]",,up up up up right right right,up up up up right right right 
3371,True,True,True,2,2,"[3, 0]",,left down,left down 
3372,True,True,True,2,2,"[0, 3]",,right right,right right 
3373,False,True,False,6,8,"[3, 2]",,up up up left left left,up up up left left left 
3374,False,True,False,4,5,"[3, 3]",,left down down down,left down down down 
3375,True,True,True,1,1,"[0, 2]",,right,right 
3376,True,True,True,5,5,"[4, 2]",,left left left down down,left left left down down 
3377,True,True,True,2,2,"[2, 1]",,up up,up up 
3378,True,True,True,5,5,"[3, 0]",,left left left down down,left left left down down 
3379,True,True,True,2,2,"[3, 1]",,up left,up left 
3380,False,True,False,4,6,"[4, 5]",,up up right right,up up right right 
3381,True,True,True,3,3,"[2, 3]",,up right right,up right right 
3382,True,True,True,4,4,"[6, 5]",,right right right right,right right right right 
3383,True,True,True,4,4,"[4, 3]",,right right right down,right right right down 
3384,False,True,False,3,5,"[0, 5]",,up up left,up up left 
3385,True,True,True,3,3,"[4, 5]",,up right right,up right right 
3386,True,True,True,3,3,"[3, 1]",,up left left,up left left 
3387,True,True,False,6,4,"[5, 0]",,down down right down down left,down down right down down left 
3388,True,True,True,1,1,"[3, 3]",,right,right 
3389,True,True,True,3,3,"[4, 2]",,left down down,left down down 
3390,False,True,False,3,4,"[4, 3]",,up up right,up up right 
3391,True,True,True,4,4,"[2, 3]",,up up up left,up up up left 
3392,False,True,False,4,7,"[6, 4]",,right right right right,right right right right 
3393,False,True,False,5,6,"[5, 5]",,right down down right down,right down down right down 
3394,False,False,False,6,4,"[0, 6]",out_of_bounds,up left up up right right,up left up up right right 
3395,True,True,True,3,3,"[1, 5]",,right right up,right right up 
3396,False,False,False,1,1,"[0, 6]",out_of_bounds,right,right 
3397,True,True,True,1,1,"[3, 3]",,down,down 
3398,False,False,False,3,5,"[3, 6]",obstacle,left down down,left down down 
3399,False,True,False,5,6,"[0, 1]",,left left left left left,left left left leftleft 
3400,False,True,False,5,7,"[0, 4]",,up up right right right,up up right right right 
3401,True,True,True,6,6,"[5, 5]",,right right down down right down,right right down down right down 
3402,True,True,True,8,8,"[2, 5]",,up up up right right right right right,up up up right right rightright right 
3403,True,True,True,4,4,"[2, 2]",,left left down down,left left down down 
3404,False,True,False,5,6,"[3, 1]",,left left down down down,left left down down down 
3405,True,True,True,2,2,"[4, 1]",,left left,left left 
3406,False,True,False,5,7,"[4, 4]",,right right right down down,right right right down down 
3407,False,False,False,9,10,"[3, 6]",obstacle,up up left up up up left left left,up up left up up up left left left 
3408,False,True,False,6,8,"[0, 4]",,up up up right right right,up up up right right right 
3409,False,False,False,2,2,"[0, 6]",out_of_bounds,right down,right down 
3410,False,True,False,2,2,"[2, 4]",,down left,down left 
3411,False,False,False,3,4,"[4, 5]",obstacle,up left left,up left left 
3412,True,True,True,3,3,"[5, 2]",,left left left,left left left 
3413,True,True,True,4,4,"[0, 5]",,up right right right,up right right right 
3414,True,True,True,3,3,"[1, 1]",,left left left,left left left 
3415,True,True,True,4,4,"[4, 3]",,right down down down,right down down down 
3416,False,True,False,5,6,"[3, 3]",,left left down down down,left left down down down 
3417,False,True,False,7,6,"[5, 5]",,right right right right up right down,right right right right up right down 
3418,True,True,True,3,3,"[0, 0]",,up up up,up up up 
3419,False,True,False,4,7,"[3, 3]",,left down down down,left down down down 
3420,True,True,True,4,4,"[1, 4]",,up up up up,up up up up 
3421,False,False,False,3,5,"[4, 2]",obstacle,left left left,left left left 
3422,False,True,False,2,3,"[6, 4]",,right right,right right 
3423,True,True,True,2,2,"[0, 1]",,up right,up right 
3424,True,True,True,5,5,"[5, 5]",,right right down down down,right right down down down 
3425,False,True,False,7,9,"[5, 2]",,left left down down down left left,left left down down down left left 
3426,True,True,True,4,4,"[2, 2]",,up up up left,up up up left 
3427,False,True,False,3,4,"[4, 5]",,right down down,right down down 
3428,False,True,False,2,4,"[4, 3]",,right down,right down 
3429,True,True,True,5,5,"[1, 5]",,up up up right right,up up up right right 
3430,False,True,False,5,7,"[3, 2]",,right right down down down,right right down down down 
3431,False,True,False,3,5,"[2, 3]",,left left left,left left left 
3432,False,False,False,5,7,"[4, 2]",obstacle,down down down left left,down down down left left 
3433,True,True,True,6,6,"[3, 5]",,right right right down down down,right right right down down down 
3434,False,False,False,1,2,"[5, 6]",out_of_bounds,right,right 
3435,False,True,False,2,3,"[3, 3]",,up left,up left 
3436,True,True,True,6,6,"[0, 1]",,up up up left left left,up up up left left left 
3437,False,True,False,5,7,"[3, 1]",,up up up left left,up up up left left 
3438,True,True,True,3,3,"[4, 4]",,left down down,left down down 
3439,True,True,True,3,3,"[4, 4]",,down down down,down down down 
3440,True,True,True,4,4,"[5, 1]",,down down down left,down down down left 
3441,False,True,False,1,1,"[6, 4]",,left,left 
3442,False,False,False,5,5,"[3, 1]",obstacle,left up left left down,left up left left down 
3443,True,True,True,3,3,"[4, 4]",,left down down,left down down 
3444,False,False,False,2,6,"[3, 1]",obstacle,down left,down left 
3445,False,True,False,4,6,"[3, 5]",,up up up right,up up up right 
3446,False,True,False,6,7,"[2, 3]",,up up up left left left,up up up left left left 
3447,False,True,False,5,8,"[4, 2]",,up up left left left,up up left left left 
3448,False,True,False,6,7,"[4, 4]",,right right up up right right,right right up up right right 
3449,False,True,False,3,4,"[6, 5]",,right right right,right right right 
3450,True,True,True,6,6,"[1, 4]",,up up up up right right,up up up up right right 
3451,True,True,True,3,3,"[1, 0]",,left left down,left left down 
3452,False,True,False,6,9,"[4, 4]",,down left left down down down,down left left down down down 
3453,False,True,False,1,2,"[3, 0]",,up,up 
3454,False,True,False,4,7,"[6, 4]",,right right right right,right right right right 
3455,False,True,False,3,4,"[5, 4]",,up right right,up right right 
3456,True,True,True,9,9,"[4, 0]",,left down left left left down down down left,left down left left left down down down left 
3457,False,True,False,4,5,"[4, 3]",,right down down down,right down down down 
3458,False,True,False,9,8,"[2, 5]",,up up up up right right right down right,up up up up right right right down right 
3459,True,True,True,3,3,"[2, 1]",,left left down,left left down 
3460,False,True,False,4,5,"[4, 1]",,left left left left,left left left left 
3461,True,True,True,5,5,"[1, 4]",,right right down right right,right right down right right 
3462,True,True,True,3,3,"[2, 3]",,right right right,right right right 
3463,True,True,True,4,4,"[5, 2]",,left left down down,left left down down 
3464,False,True,False,5,6,"[1, 5]",,up up up up right,up up up up right 
3465,True,True,True,5,5,"[4, 0]",,left left left left down,left left left left down 
3466,True,True,True,4,4,"[4, 4]",,right right down down,right right down down 
3467,True,True,True,4,4,"[1, 6]",,left up up right,left up up right 
3468,True,True,True,2,2,"[3, 2]",,right down,right down 
3469,False,True,False,5,7,"[4, 0]",,up up left left left,up up left left left 
3470,True,True,True,5,5,"[0, 6]",,left up up up right,left up up up right 
3471,False,True,False,5,4,"[0, 6]",,left up up up right,left up up up right 
3472,True,True,True,3,3,"[0, 1]",,left up left,left up left 
3473,True,True,True,3,3,"[4, 0]",,left left down,left left down 
3474,False,True,False,1,3,"[4, 5]",,left,left 
3475,False,True,False,3,5,"[0, 4]",,up right up,up right up 
3476,True,True,True,6,6,"[3, 2]",,left down left left down down,left down left left down down 
3477,False,True,False,8,9,"[4, 1]",,left down left left left down down down,left down left left left down down down 
3478,True,True,True,2,2,"[1, 3]",,up up,up up 
3479,False,True,False,4,6,"[1, 4]",,up up right right,up up right right 
3480,False,True,False,6,10,"[2, 4]",,up up up up right right,up up up up right right 
3481,True,True,True,4,4,"[2, 1]",,left left down down,left left down down 
3482,False,True,False,4,6,"[5, 5]",,left down down down,left down down down 
3483,False,True,False,6,8,"[2, 4]",,up up up right right right,up up up right right right 
3484,False,False,False,6,6,"[5, 4]",obstacle,right right right right up right,right right right right up right 
3485,False,True,False,1,2,"[5, 4]",,right,right 
3486,True,True,True,2,2,"[4, 1]",,right down,right down 
3487,False,True,False,2,5,"[4, 5]",,up up,up up 
3488,True,True,True,4,4,"[3, 1]",,right down down down,right down down down 
3489,False,True,False,4,6,"[0, 4]",,up up right right,up up right right 
3490,False,True,False,5,8,"[3, 1]",,left left down down down,left left down down down 
3491,True,True,True,5,5,"[4, 0]",,left left left left down,left left left left down 
3492,False,True,False,6,8,"[0, 3]",,up up up left left left,up up up left left left 
3493,False,True,False,6,7,"[3, 0]",,left left left down down down,left left left down down down 
3494,False,True,False,4,6,"[1, 5]",,up up up left,up up up left 
3495,False,True,False,5,7,"[4, 3]",,left left down down down,left left down down down 
3496,False,False,False,7,7,"[3, 4]",obstacle,right down down down right down down,right down down down right down down 
3497,False,True,False,4,6,"[3, 2]",,right down down down,right down down down 
3498,False,True,False,5,6,"[3, 2]",,right right down down down,right right down down down 
3499,True,True,True,4,4,"[0, 0]",,up left left left,up left left left 
3500,True,True,True,6,6,"[3, 0]",,left left left left left down,left left left leftleft down 
3501,True,True,True,5,5,"[5, 0]",,down down down down left,down down down down left 
3502,True,True,True,3,3,"[3, 0]",,up left left,up left left 
3503,False,True,False,3,6,"[4, 5]",,up up left,up up left 
3504,False,True,False,6,8,"[4, 3]",,left left left down down down,left left left down down down 
3505,True,True,True,3,3,"[1, 5]",,right right down,right right down 
3506,True,True,True,7,7,"[3, 5]",,right right right right right down down,right right right rightright down down 
3507,True,True,True,5,5,"[5, 1]",,left left left down down,left left left down down 
3508,True,True,True,2,2,"[3, 2]",,right right,right right 
3509,False,True,False,6,7,"[4, 2]",,left left left down down down,left left left down down down 
3510,True,True,True,5,5,"[5, 4]",,right right right down down,right right right down down 
3511,True,True,True,3,3,"[2, 5]",,right right down,right right down 
3512,False,True,False,2,4,"[1, 4]",,up right,up right 
3513,False,True,False,3,4,"[1, 5]",,up up left,up up left 
3514,True,True,True,2,2,"[3, 4]",,right right,right right 
3515,False,False,False,5,7,"[4, 1]",obstacle,up up right right right,up up right right right 
3516,True,True,True,7,7,"[5, 1]",,left left left left down down down,left left left left down down down 
3517,False,True,False,7,8,"[3, 0]",,left left left left down down down,left left left left down down down 
3518,True,True,True,3,3,"[0, 4]",,up right right,up right right 
3519,True,True,True,7,7,"[2, 1]",,up up up left left left left,up up up left left leftleft 
3520,True,True,True,7,7,"[0, 5]",,up up up up right right up,up up up up right right up 
3521,False,False,False,3,5,"[2, 6]",out_of_bounds,right down down,right down down 
3522,True,True,True,1,1,"[3, 2]",,right,right 
3523,False,True,False,1,1,"[2, 4]",,left,left 
3524,True,True,True,3,3,"[1, 4]",,up up right,up up right 
3525,True,True,True,3,3,"[0, 2]",,up up left,up up left 
3526,True,True,True,1,1,"[2, 0]",,left,left 
3527,False,False,False,1,1,"[6, 6]",out_of_bounds,right,right 
3528,False,True,False,4,6,"[0, 2]",,left left left left,left left left left 
3529,True,True,True,5,5,"[4, 0]",,left left left down down,left left left down down 
3530,True,True,True,3,3,"[0, 4]",,up right right,up right right 
3531,True,True,True,6,6,"[4, 0]",,left left left left left down,left left left leftleft down 
3532,False,False,False,4,7,"[6, 6]",obstacle,up left left left,up left left left 
3533,True,True,True,5,5,"[0, 2]",,up up left left left,up up left left left 
3534,True,True,True,5,5,"[0, 2]",,up up up left left,up up up left left 
3535,False,True,False,6,8,"[1, 3]",,up up up right right right,up up up right right right 
3536,False,True,False,1,2,"[5, 1]",,right,right 
3537,True,True,True,1,1,"[3, 1]",,up,up 
3538,True,True,True,3,3,"[0, 0]",,up up up,up up up 
3539,True,True,True,3,3,"[1, 3]",,left left down,left left down 
3540,False,False,False,6,10,"[2, 6]",obstacle,left left left left down down,left left left left down down 
3541,True,True,True,8,8,"[5, 5]",,right right right right down right down down,right right right right down right down down 
3542,True,True,True,5,5,"[0, 5]",,left up up up right,left up up up right 
3543,False,True,False,4,6,"[4, 2]",,left down left left,left down left left 
3544,False,False,False,1,1,"[4, 6]",out_of_bounds,right,right 
3545,False,False,False,5,7,"[2, 4]",obstacle,up up up up right,up up up up right 
3546,True,True,True,5,5,"[6, 5]",,right right right right right,right right right rightright 
3547,True,True,True,3,3,"[1, 2]",,up up right,up up right 
3548,True,True,True,1,1,"[4, 3]",,left,left 
3549,False,True,False,6,7,"[0, 5]",,up up up up right up,up up up up right up 
3550,False,False,False,5,7,"[3, 2]",obstacle,up up up right right,up up up right right 
3551,True,True,True,7,7,"[5, 0]",,left down left left left down left,left down left left left down left 
3552,True,True,True,2,2,"[1, 1]",,left down,left down 
3553,True,True,True,3,3,"[2, 2]",,up up right,up up right 
3554,True,True,True,4,4,"[1, 2]",,up up left left,up up left left 
3555,True,True,True,2,2,"[3, 0]",,up up,up up 
3556,True,True,True,3,3,"[1, 3]",,up up left,up up left 
3557,False,True,False,4,6,"[4, 5]",,right down right down,right down right down 
3558,True,True,True,3,3,"[4, 0]",,left left left,left left left 
3559,False,True,False,4,7,"[3, 4]",,left down down down,left down down down 
3560,False,True,False,4,5,"[4, 5]",,right right right right,right right right right 
3561,False,True,False,4,5,"[5, 3]",,left left left down,left left left down 
3562,False,True,False,2,2,"[3, 4]",,up left,up left 
3563,True,True,True,4,4,"[2, 1]",,up left left left,up left left left 
3564,False,True,False,4,5,"[5, 2]",,up left left left,up left left left 
3565,False,False,False,6,10,"[3, 2]",obstacle,up up up right right right,up up up right right right 
3566,True,True,True,1,1,"[4, 2]",,up,up 
3567,True,True,True,2,2,"[5, 4]",,right right,right right 
3568,False,True,False,5,7,"[4, 5]",,left down down right down,left down down right down 
3569,False,True,False,5,9,"[4, 3]",,up up left left left,up up left left left 
3570,False,True,False,4,6,"[6, 4]",,right right right right,right right right right 
3571,True,True,True,4,4,"[3, 3]",,right right down down,right right down down 
3572,False,True,False,6,7,"[2, 5]",,right up up right right right,right up up right right right 
3573,False,True,False,5,6,"[4, 2]",,left left down down down,left left down down down 
3574,True,True,True,2,2,"[1, 4]",,right down,right down 
3575,False,True,False,2,3,"[1, 5]",,up left,up left 
3576,False,True,False,5,6,"[0, 3]",,left left left left right,left left left left right 
3577,True,True,True,2,2,"[0, 3]",,left left,left left 
3578,False,False,False,9,10,"[0, 3]",out_of_bounds,up up up up right right up right up,up up up up right right up right up 
3579,True,True,True,4,4,"[1, 4]",,right right right down,right right right down 
3580,True,True,True,1,1,"[1, 1]",,right,right 
3581,False,True,False,2,4,"[0, 4]",,right right,right right 
3582,True,True,True,2,2,"[4, 1]",,down right,down right 
3583,True,True,True,5,5,"[2, 3]",,right right right down down,right right right down down 
3584,False,True,False,4,6,"[4, 3]",,down down down down,down down down down 
3585,False,True,False,4,4,"[4, 4]",,left down down down,left down down down 
3586,True,True,True,1,1,"[1, 5]",,down,down 
3587,True,True,True,4,4,"[2, 1]",,left left left left,left left left left 
3588,False,True,False,8,10,"[4, 0]",,left left left left left down down down,left left left leftleft down down down 
3589,False,True,False,6,7,"[5, 3]",,left left left down down down,left left left down down down 
3590,False,True,False,6,6,"[2, 2]",,left left left left right down,left left left left right down 
3591,True,True,True,4,4,"[1, 0]",,left up up up,left up up up 
3592,True,True,True,4,4,"[4, 1]",,down down down right,down down down right 
3593,True,True,True,3,3,"[2, 3]",,up up up,up up up 
3594,True,True,True,4,4,"[1, 4]",,up up up right,up up up right 
3595,False,True,False,3,5,"[4, 1]",,up up left,up up left 
3596,True,True,True,3,3,"[3, 5]",,right down down,right down down 
3597,False,True,False,4,5,"[0, 5]",,up up up up,up up up up 
3598,True,True,True,3,3,"[1, 1]",,up left left,up left left 
3599,False,True,False,6,7,"[1, 5]",,up up up up right right,up up up up right right 
3600,False,True,False,4,8,"[4, 4]",,right right down down,right right down down 
3601,False,True,False,6,10,"[3, 3]",,up up up right right right,up up up right right right 
3602,False,True,False,7,10,"[0, 3]",,up up up up right right right,up up up up right right right 
3603,True,True,True,4,4,"[3, 0]",,left left down down,left left down down 
3604,True,True,True,2,2,"[3, 4]",,right right,right right 
3605,True,True,True,3,3,"[1, 4]",,up right right,up right right 
3606,False,False,False,6,6,"[4, 2]",obstacle,left down down down left down,left down down down left down 
3607,False,False,False,4,5,"[4, 2]",obstacle,up up left left,up up left left 
3608,False,True,False,5,6,"[1, 5]",,right up up up right,right up up up right 
3609,True,True,True,4,4,"[2, 3]",,left left down down,left left down down 
3610,True,True,True,3,3,"[4, 2]",,up left left,up left left 
3611,False,True,False,3,4,"[2, 5]",,left down down,left down down 
3612,False,True,False,3,4,"[3, 5]",,left down down,left down down 
3613,False,True,False,4,6,"[2, 4]",,right up up up,right up up up 
3614,True,True,True,4,4,"[3, 0]",,up up left left,up up left left 
3615,True,True,True,2,2,"[3, 4]",,up left,up left 
3616,False,True,False,9,11,"[1, 1]",,up up up up left left left up left,up up up up left left left up left 
3617,True,True,True,2,2,"[1, 3]",,left down,left down 
3618,True,True,True,5,5,"[6, 2]",,left up left left down,left up left left down 
3619,False,True,False,8,8,"[4, 4]",,right right down down down right down right,right right down down down right down right 
3620,True,True,True,3,3,"[3, 5]",,right right right,right right right 
3621,False,False,False,5,4,"[4, 2]",obstacle,left up left left down,left up left left down 
3622,True,True,True,4,4,"[4, 2]",,right down down down,right down down down 
3623,True,True,True,4,4,"[4, 4]",,right down down down,right down down down 
3624,True,True,True,1,1,"[3, 0]",,up,up 
3625,False,True,False,5,9,"[4, 3]",,left left down down left,left left down down left 
3626,True,True,True,3,3,"[3, 2]",,down down down,down down down 
3627,False,True,False,4,5,"[4, 0]",,down down down down,down down down down 
3628,True,True,True,5,5,"[0, 3]",,up up up up right,up up up up right 
3629,False,True,False,6,9,"[2, 3]",,up up up right right right,up up up right right right 
3630,True,True,True,2,2,"[2, 1]",,up right,up right 
3631,True,True,True,2,2,"[5, 3]",,right right,right right 
3632,False,True,False,6,7,"[5, 3]",,left left left down down down,left left left down down down 
3633,True,True,True,6,6,"[4, 3]",,down right right down down down,down right right down down down 
3634,True,True,True,3,3,"[3, 1]",,left down down,left down down 
3635,True,True,True,2,2,"[4, 0]",,down down,down down 
3636,True,True,True,3,3,"[3, 2]",,right right down,right right down 
3637,False,False,False,2,4,"[3, 6]",obstacle,left down,left down 
3638,True,True,True,1,1,"[1, 0]",,down,down 
3639,False,True,False,5,6,"[4, 2]",,up left up left left,up left up left left 
3640,False,True,False,4,6,"[5, 4]",,right right right right,right right right right 
3641,True,True,True,2,2,"[2, 3]",,left down,left down 
3642,False,True,False,1,1,"[0, 4]",,left,left 
3643,False,True,False,3,4,"[5, 2]",,left left left,left left left 
3644,False,True,False,6,9,"[2, 5]",,up up up up right right,up up up up right right 
3645,False,True,False,2,4,"[4, 3]",,down down,down down 
3646,False,True,False,3,5,"[4, 0]",,left left down,left left down 
3647,False,True,False,4,6,"[2, 3]",,left left left down,left left left down 
3648,True,True,True,4,4,"[3, 3]",,left down down down,left down down down 
3649,False,True,False,2,3,"[5, 2]",,up left,up left 
3650,False,True,False,4,6,"[4, 3]",,right down down down,right down down down 
3651,True,True,True,2,2,"[2, 3]",,up right,up right 
3652,False,True,False,10,11,"[5, 5]",,right down right right right down down down right down,right down right right right down down down right down 
3653,True,True,True,4,4,"[3, 2]",,down right down down,down right down down 
3654,True,True,True,3,3,"[1, 1]",,up up left,up up left 
3655,False,False,False,1,1,"[5, 6]",out_of_bounds,right,right 
3656,False,True,False,3,5,"[4, 4]",,left up up,left up up 
3657,True,True,True,2,2,"[2, 1]",,down down,down down 
3658,False,True,False,5,5,"[4, 3]",,up right right right left,up right right right left 
3659,False,True,False,8,10,"[4, 1]",,left left down left left down down down,left left down left left down down down 
3660,True,True,True,5,5,"[2, 0]",,up up left up left,up up left up left 
3661,False,True,False,6,8,"[3, 4]",,right down down right right right,right down down right right right 
3662,False,False,False,9,10,"[2, 1]",obstacle,up up up up right right right up right,up up up up right right right up right 
3663,True,True,True,7,7,"[0, 1]",,up up up up left left left,up up up up left left left 
3664,False,False,False,1,2,"[5, 6]",out_of_bounds,right,right 
3665,False,False,False,9,9,"[2, 3]",obstacle,up up up left left left up left up,up up up left left left up left up 
3666,True,True,True,7,7,"[2, 0]",,left left left left left down down,left left left leftleft down down 
3667,True,True,True,4,4,"[3, 2]",,down down down right,down down down right 
3668,True,True,True,6,6,"[1, 3]",,up right right right up up,up right right right up up 
3669,True,True,True,3,3,"[2, 0]",,left down down,left down down 
3670,True,True,True,1,1,"[6, 0]",,left,left 
3671,False,False,False,1,1,"[6, 6]",out_of_bounds,right,right 
3672,True,True,True,3,3,"[5, 2]",,left down down,left down down 
3673,True,True,True,5,5,"[4, 5]",,right right down down down,right right down down down 
3674,False,True,False,8,10,"[5, 4]",,right down down right right right down down,right down down right right right down down 
3675,False,True,False,1,2,"[3, 6]",,down,down 
3676,False,True,False,4,6,"[1, 3]",,left left left down,left left left down 
3677,True,True,True,3,3,"[2, 5]",,right down down,right down down 
3678,True,True,True,6,6,"[0, 4]",,up up up up right up,up up up up right up 
3679,False,True,False,3,5,"[4, 4]",,left down down,left down down 
3680,True,True,True,2,2,"[5, 1]",,down down,down down 
3681,False,True,False,3,5,"[1, 4]",,up up right,up up right 
3682,False,True,False,5,7,"[4, 3]",,left down left left down,left down left left down 
3683,True,True,True,6,6,"[5, 1]",,down down left left down down,down down left left down down 
3684,False,True,False,5,6,"[3, 4]",,right right down down down,right right down down down 
3685,True,True,True,5,5,"[5, 5]",,right right right right down,right right right right down 
3686,False,True,False,1,2,"[3, 1]",,up,up 
3687,True,True,True,1,1,"[6, 2]",,right,right 
3688,False,True,False,2,4,"[4, 1]",,up up,up up 
3689,True,True,True,3,3,"[0, 3]",,up left left,up left left 
3690,True,True,True,1,1,"[6, 2]",,left,left 
3691,False,True,False,1,3,"[4, 3]",,down,down 
3692,False,False,False,1,1,"[3, 6]",out_of_bounds,right,right 
3693,True,True,True,7,7,"[1, 4]",,up up up up right right right,up up up up right right right 
3694,False,False,False,2,3,"[4, 6]",out_of_bounds,up right,up right 
3695,False,True,False,2,4,"[5, 5]",,up left,up left 
3696,True,True,True,3,3,"[3, 2]",,left left left,left left left 
3697,False,True,False,4,7,"[6, 2]",,left left left left,left left left left 
3698,True,True,True,4,4,"[3, 3]",,right right down down,right right down down 
3699,False,True,False,1,1,"[2, 4]",,left,left 
3700,True,True,True,1,1,"[5, 1]",,right,right 
3701,True,True,True,3,3,"[2, 0]",,up left left,up left left 
3702,False,True,False,1,2,"[5, 1]",,up,up 
3703,False,True,False,5,8,"[5, 2]",,up right right right left,up right right right left 
3704,True,True,True,4,4,"[1, 3]",,up up up left,up up up left 
3705,False,True,False,3,4,"[3, 4]",,up right right,up right right 
3706,False,True,False,5,6,"[3, 2]",,left left down down down,left left down down down 
3707,False,True,False,1,3,"[5, 5]",,up,up 
3708,False,True,False,9,11,"[4, 1]",,left left left down left down down down left,left left left down left down down down left 
3709,False,True,False,2,3,"[3, 2]",,up left,up left 
3710,True,True,True,5,5,"[3, 3]",,left left down down down,left left down down down 
3711,True,True,True,4,4,"[2, 5]",,up up right right,up up right right 
3712,False,True,False,4,6,"[3, 3]",,up up up left,up up up left 
3713,False,True,False,1,3,"[4, 1]",,right,right 
3714,True,True,True,2,2,"[2, 5]",,down down,down down 
3715,True,True,True,4,4,"[2, 2]",,up up up left,up up up left 
3716,True,True,True,4,4,"[2, 5]",,up up right right,up up right right 
3717,True,True,True,3,3,"[3, 3]",,up up left,up up left 
3718,True,True,True,5,5,"[5, 3]",,right right down down down,right right down down down 
3719,False,True,False,4,6,"[2, 5]",,up up up left,up up up left 
3720,True,True,True,6,6,"[0, 3]",,up up up right right right,up up up right right right 
3721,False,True,False,7,6,"[5, 5]",,up right right right down right right,up right right right down right right 
3722,True,True,True,3,3,"[0, 0]",,left left left,left left left 
3723,False,True,False,3,6,"[6, 4]",,right right right,right right right 
3724,True,True,True,1,1,"[3, 3]",,right,right 
3725,True,True,True,4,4,"[4, 5]",,right right right down,right right right down 
3726,False,True,False,2,4,"[5, 5]",,up left,up left 
3727,False,False,False,5,7,"[6, 2]",out_of_bounds,left left left left down,left left left left down 
3728,True,True,True,5,5,"[4, 5]",,right right down down down,right right down down down 
3729,False,True,False,7,7,"[0, 2]",,up up up left left left right,up up up left left left right 
3730,False,True,False,2,3,"[2, 5]",,up right,up right 
3731,False,True,False,5,5,"[4, 3]",,up right right right left,up right right right left 
3732,False,True,False,4,6,"[1, 5]",,up up up left,up up up left 
3733,False,True,False,1,1,"[6, 4]",,left,left 
3734,False,True,False,4,5,"[4, 5]",,right down down down,right down down down 
3735,True,True,True,2,2,"[2, 1]",,right down,right down 
3736,False,True,False,2,4,"[4, 1]",,down right,down right 
3737,False,True,False,3,5,"[3, 5]",,left down down,left down down 
3738,True,True,True,4,4,"[5, 0]",,left left left down,left left left down 
3739,True,True,True,4,4,"[1, 1]",,up up left left,up up left left 
3740,True,True,True,5,5,"[4, 1]",,left down down down left,left down down down left 
3741,True,True,True,5,5,"[6, 5]",,right right right right right,right right right rightright 
3742,False,True,False,4,5,"[4, 6]",,down down down down,down down down down 
3743,False,True,False,4,5,"[3, 5]",,right right down down,right right down down 
3744,False,True,False,5,7,"[3, 4]",,right right right down down,right right right down down 
3745,False,False,False,7,7,"[3, 2]",obstacle,left left down down down left down,left left down down down left down 
3746,False,True,False,5,5,"[1, 2]",,left left left left right,left left left left right 
3747,True,True,True,4,4,"[3, 2]",,up right right up,up right right up 
3748,True,True,True,2,2,"[2, 0]",,down down,down down 
3749,True,True,True,6,6,"[0, 1]",,right up up up left up,right up up up left up 
