idx,success,feasible,optimal,action_count,optimal_length,end,error,actions,prediction
0,True,True,True,6,6,"[5, 1]",,down down down left down down,down down down left down down
1,False,False,False,6,6,"[3, 3]",obstacle,right down right right up up,right down right right up up
2,True,True,True,5,5,"[2, 0]",,down down left left up,down down left left up
3,True,True,True,5,5,"[4, 1]",,down down down left down,down down down left down
4,False,False,False,4,14,"[5, 3]",obstacle,left up left down,left up left down
5,False,False,False,6,8,"[4, 5]",obstacle,down down left left left left,down down left left left left
6,True,True,True,5,5,"[1, 1]",,left left left left down,left left left left down
7,True,True,True,10,10,"[5, 0]",,left left left down down down left left down down,left left left down down down left left down down
8,True,True,True,7,7,"[1, 4]",,up right right up up right right,up right right up up right right
9,False,False,False,5,5,"[2, 0]",obstacle,left up up up right,left up up up right
10,False,False,False,6,6,"[4, 5]",obstacle,down down down down left down,down down down down left down
11,True,True,True,4,4,"[0, 1]",,left left left left,left left left left
12,True,True,True,1,1,"[1, 5]",,right,right
13,True,True,True,2,2,"[2, 0]",,up up,up up
14,False,False,False,8,12,"[5, 3]",obstacle,left up up up up up left left,left up up up up up left left
15,True,True,True,3,3,"[0, 3]",,up left left,up left left
16,True,True,True,2,2,"[5, 5]",,down down,down down
17,True,True,True,4,4,"[0, 4]",,up up up right,up up up right
18,True,True,True,2,2,"[1, 1]",,left left,left left
19,False,False,False,6,8,"[5, 3]",obstacle,left left up up up up,left left up up up up
20,False,False,False,4,6,"[3, 5]",obstacle,up left left up,up left left up
21,True,True,True,2,2,"[0, 2]",,up up,up up
22,True,True,True,4,4,"[3, 5]",,right down down down,right down down down
23,False,False,False,6,8,"[4, 5]",obstacle,down down left left left left,down down left left left left
24,False,False,False,6,12,"[4, 2]",obstacle,up right right right right down,up right right right right down
25,False,False,False,6,10,"[3, 3]",obstacle,right right down down right right,right right down down right right
26,True,True,True,2,2,"[0, 3]",,left left,left left
27,True,True,True,3,3,"[2, 3]",,left down down,left down down
28,True,True,True,6,6,"[1, 3]",,up up right up up right,up up right up up right
29,True,True,True,5,5,"[1, 2]",,up up left left left,up up left left left
30,True,True,True,4,4,"[5, 3]",,down right down down,down right down down
31,False,False,False,8,9,"[4, 0]",obstacle,up right right up right right right down,up right right up right right right down
32,True,True,True,6,6,"[0, 5]",,up up right right right right,up up right right right right
33,False,False,False,0,10,"[1, 5]",invalid_action,,Goal not reachable
34,True,True,True,4,4,"[1, 2]",,up up right right,up up right right
35,False,False,False,6,6,"[2, 4]",obstacle,up up left left left down,up up left left left down
36,True,True,True,7,7,"[1, 0]",,up left left left left left down,up left left left left left down
37,False,False,False,6,8,"[0, 3]",obstacle,left down down right down down,left down down right down down
38,True,True,True,7,7,"[0, 3]",,up up left up up up right,up up left up up up right
39,False,False,False,9,11,"[2, 2]",obstacle,up up up right right right right right up,up up up right right right right right up
40,False,False,False,6,6,"[3, 2]",obstacle,down right down down left down,down right down down left down
41,True,True,True,6,6,"[5, 5]",,right right right right down down,right right right right down down
42,False,False,False,6,6,"[2, 2]",obstacle,right right down right right down,right right down right right down
43,True,True,True,2,2,"[0, 1]",,up up,up up
44,True,True,True,4,4,"[3, 2]",,right down down down,right down down down
45,True,True,True,7,7,"[4, 0]",,left left up left left left down,left left up left left left down
46,False,False,False,8,8,"[0, 3]",obstacle,left down left down down right down down,left down left down down right down down
47,True,True,True,1,1,"[3, 1]",,right,right
48,True,True,True,4,4,"[5, 3]",,left left down down,left left down down
49,True,True,True,4,4,"[2, 2]",,right right down down,right right down down
50,True,True,True,6,6,"[4, 4]",,up right right right down right,up right right right down right
51,False,False,False,0,9,"[1, 5]",invalid_action,,Goal not reachable
52,False,False,False,5,5,"[2, 2]",obstacle,right down right right down,right down right right down
53,True,True,True,4,4,"[1, 1]",,left left left down,left left left down
54,True,True,True,2,2,"[2, 2]",,up right,up right
55,True,True,True,3,3,"[2, 0]",,up left left,up left left
56,True,True,True,3,3,"[4, 0]",,left down down,left down down
57,True,True,True,6,6,"[4, 5]",,right down right right right down,right down right right right down
58,False,False,False,10,8,"[0, 4]",out_of_bounds,up left up left left left left down down down,up left up left left left left down down down
59,False,False,False,0,12,"[1, 5]",invalid_action,,Goal not reachable
60,True,True,True,3,3,"[1, 4]",,right right down,right right down
61,True,True,True,4,4,"[1, 0]",,left left left up,left left left up
62,False,False,False,6,6,"[4, 0]",obstacle,up right right right right down,up right right right right down
63,True,True,True,4,4,"[5, 3]",,down down left down,down down left down
64,True,True,True,2,2,"[2, 5]",,down right,down right
65,True,True,True,5,5,"[5, 3]",,down down down left down,down down down left down
66,True,True,True,5,5,"[4, 3]",,down left down down right,down left down down right
67,True,True,True,1,1,"[5, 2]",,right,right
68,False,False,False,4,6,"[4, 2]",obstacle,down down left left,down down left left
69,True,True,True,2,2,"[5, 4]",,right down,right down
70,True,True,True,4,4,"[4, 2]",,right right down down,right right down down
71,True,True,True,4,4,"[0, 1]",,up up up left,up up up left
72,True,True,True,4,4,"[2, 2]",,up left left left,up left left left
73,True,True,True,6,6,"[5, 1]",,left down down down down left,left down down down down left
74,True,True,True,6,6,"[2, 5]",,up up up right right right,up up up right right right
75,True,True,True,3,3,"[5, 1]",,left left left,left left left
76,True,True,True,2,2,"[3, 2]",,right down,right down
77,True,True,True,3,3,"[2, 3]",,up up right,up up right
78,True,True,True,4,4,"[4, 4]",,down down down down,down down down down
79,True,True,True,6,6,"[3, 5]",,right right right right right down,right right right right right down
80,True,True,True,4,4,"[0, 4]",,up up right right,up up right right
81,True,True,True,6,6,"[0, 5]",,right up up up up right,right up up up up right
82,True,True,True,5,5,"[0, 5]",,up up up up right,up up up up right
83,True,True,True,5,5,"[1, 0]",,left left left left up,left left left left up
84,True,True,True,4,4,"[0, 5]",,up up up right,up up up right
85,True,True,True,5,5,"[2, 1]",,left left down down left,left left down down left
86,True,True,True,5,5,"[0, 4]",,up up up up up,up up up up up
87,True,True,True,3,3,"[5, 1]",,down down left,down down left
88,True,True,True,4,4,"[2, 5]",,left down down right,left down down right
89,True,True,True,5,5,"[4, 0]",,down down left left up,down down left left up
90,True,True,True,2,2,"[1, 2]",,left left,left left
91,True,True,True,4,4,"[3, 4]",,up right right right,up right right right
92,True,True,True,4,4,"[1, 0]",,up up left up,up up left up
93,True,True,True,1,1,"[2, 4]",,down,down
94,True,True,True,3,3,"[1, 0]",,left left down,left left down
95,True,True,True,4,4,"[4, 3]",,down down down down,down down down down
96,True,True,True,4,4,"[3, 2]",,down down down left,down down down left
97,True,True,True,6,6,"[0, 1]",,down left left up left left,down left left up left left
98,False,False,False,7,7,"[3, 2]",obstacle,up right up up right right right,up right up up right right right
99,True,True,True,5,5,"[1, 5]",,up up up right right,up up up right right
100,True,True,True,5,5,"[4, 0]",,left down down down down,left down down down down
101,True,True,True,2,2,"[0, 1]",,up left,up left
102,True,True,True,4,4,"[3, 4]",,right up up right,right up up right
103,True,True,False,6,4,"[5, 1]",,left up left left down down,left up left left down down
104,True,True,True,8,8,"[4, 0]",,left left down down left left left down,left left down down left left left down
105,True,True,True,3,3,"[3, 1]",,left left left,left left left
106,True,True,True,7,7,"[5, 1]",,down down down left left down down,down down down left left down down
107,True,True,True,2,2,"[3, 0]",,down down,down down
108,False,False,False,5,5,"[0, 1]",obstacle,right down down right down,right down down right down
109,True,True,True,6,6,"[4, 0]",,down down left left left down,down down left left left down
110,True,True,True,7,7,"[0, 0]",,left up up up left up up,left up up up left up up
111,True,True,True,5,5,"[3, 0]",,left left left left left,left left left left left
112,True,True,True,9,9,"[4, 0]",,down left left down down left left left down,down left left down down left left left down
113,True,True,True,4,4,"[3, 1]",,left left left left,left left left left
114,True,True,True,2,2,"[2, 3]",,left down,left down
115,True,True,True,2,2,"[1, 4]",,right right,right right
116,True,True,True,4,4,"[1, 2]",,up left left left,up left left left
117,True,True,True,7,7,"[4, 0]",,left left down left left left down,left left down left left left down
118,True,True,True,4,4,"[1, 2]",,up right right down,up right right down
119,False,False,False,8,8,"[2, 3]",obstacle,up up left left left left left up,up up left left left left left up
120,True,True,True,3,3,"[5, 2]",,left down down,left down down
121,True,True,True,3,3,"[3, 3]",,right down down,right down down
122,True,True,True,2,2,"[3, 1]",,left left,left left
123,True,True,True,1,1,"[1, 1]",,left,left
124,True,True,True,2,2,"[2, 4]",,up left,up left
125,False,False,False,8,7,"[2, 3]",obstacle,left down left down left left up left,left down left down left left up left
126,True,True,True,5,5,"[1, 4]",,right right down right right,right right down right right
127,True,True,True,5,5,"[5, 5]",,right down down down down,right down down down down
128,True,True,True,7,7,"[4, 2]",,left down left down down left down,left down left down down left down
129,True,True,True,3,3,"[3, 0]",,down down down,down down down
130,True,True,True,1,1,"[3, 3]",,down,down
131,True,True,True,3,3,"[0, 2]",,up up right,up up right
132,True,True,True,3,3,"[1, 4]",,down right right,down right right
133,True,True,True,5,5,"[4, 1]",,left left left up left,left left left up left
134,True,True,True,4,4,"[1, 2]",,left down left left,left down left left
135,True,True,True,5,5,"[2, 1]",,left up up left up,left up up left up
136,True,True,True,3,3,"[3, 3]",,right down down,right down down
137,True,True,True,7,7,"[4, 2]",,left down left down down left down,left down left down down left down
138,False,False,False,7,7,"[2, 3]",obstacle,up left left left left left down,up left left left left left down
139,True,True,True,3,3,"[0, 2]",,up up right,up up right
140,True,True,True,3,3,"[2, 1]",,right down down,right down down
141,True,True,True,4,4,"[2, 1]",,up left left down,up left left down
142,True,True,True,7,7,"[1, 5]",,up up up right right right right,up up up right right right right
143,True,True,True,4,4,"[2, 1]",,up up left up,up up left up
144,True,True,True,3,3,"[3, 1]",,down down down,down down down
145,False,False,False,6,6,"[2, 3]",obstacle,left down left down left left,left down left down left left
146,True,True,True,5,5,"[0, 2]",,left up up up right,left up up up right
147,True,True,True,5,5,"[4, 5]",,right down down down down,right down down down down
148,True,True,True,3,3,"[0, 2]",,left left up,left left up
149,True,True,True,4,4,"[3, 3]",,down left down down,down left down down
150,True,True,True,3,3,"[0, 4]",,left up up,left up up
151,True,True,True,3,3,"[1, 1]",,left left down,left left down
152,True,True,True,2,2,"[2, 1]",,right down,right down
153,True,True,True,5,5,"[2, 2]",,left left left down down,left left left down down
154,True,True,True,3,3,"[2, 1]",,up left left,up left left
155,True,True,True,2,2,"[5, 3]",,down right,down right
156,True,True,True,4,4,"[0, 5]",,up right right right,up right right right
157,True,True,True,4,4,"[0, 2]",,up up left left,up up left left
158,True,True,True,2,2,"[0, 2]",,right right,right right
160,True,True,True,6,6,"[2, 0]",,left up up up left left,left up up up left left
162,True,True,True,6,6,"[3, 0]",,left left left left down down,left left left left down down
163,True,True,True,3,3,"[0, 3]",,up up left,up up left
164,True,True,True,2,2,"[1, 1]",,left down,left down
165,True,True,True,3,3,"[2, 3]",,up up right,up up right
166,True,True,True,4,4,"[0, 4]",,up up right right,up up right right
167,True,True,True,4,4,"[5, 2]",,left down down down,left down down down
168,True,True,True,6,6,"[5, 0]",,left left down down down down,left left down down down down
169,True,True,True,2,2,"[5, 2]",,right down,right down
170,True,True,True,4,4,"[1, 2]",,left left left down,left left left down
171,True,True,True,4,4,"[5, 2]",,left down down down,left down down down
172,True,True,True,2,2,"[2, 3]",,left left,left left
173,True,True,True,1,1,"[2, 3]",,down,down
174,True,True,True,5,5,"[4, 0]",,left left down down down,left left down down down
175,True,True,True,5,5,"[2, 4]",,up up right right right,up up right right right
177,True,True,True,5,5,"[4, 2]",,left left down down down,left left down down down
178,True,True,True,2,2,"[3, 2]",,left down,left down
179,True,True,True,1,1,"[2, 4]",,down,down
180,False,False,False,5,5,"[2, 5]",obstacle,down left down down left,down left down down left
181,True,True,True,6,6,"[3, 3]",,right right down down down right,right right down down down right
182,True,True,True,4,4,"[1, 2]",,up left up up,up left up up
183,True,True,True,6,6,"[4, 0]",,left left down down down left,left left down down down left
184,False,False,False,8,8,"[2, 5]",obstacle,up left left up left left left down,up left left up left left left down
185,True,True,False,8,6,"[1, 3]",,left left up left up up right right,left left up left up up right right
186,True,True,True,4,4,"[4, 0]",,left left down left,left left down left
187,True,True,True,2,2,"[1, 0]",,left down,left down
188,True,True,True,9,9,"[5, 1]",,left left left left down down down down down,left left left left down down down down down
189,False,False,False,4,4,"[3, 3]",obstacle,up right right down,up right right down
190,True,True,True,4,4,"[0, 0]",,up up up left,up up up left
191,True,True,True,1,1,"[0, 5]",,up,up
192,True,True,True,8,8,"[0, 1]",,up left left up up up up left,up left left up up up up left
193,True,True,True,5,5,"[4, 0]",,left left left left left,left left left left left
194,True,True,True,6,6,"[0, 3]",,up up up up left left,up up up up left left
195,True,True,True,3,3,"[0, 1]",,up up left,up up left
196,True,True,True,8,8,"[0, 0]",,up up up left left left left left,up up up left left left left left
197,True,True,True,2,2,"[0, 0]",,up left,up left
198,True,True,True,2,2,"[3, 5]",,down down,down down
199,True,True,True,10,10,"[5, 5]",,right right right right right down down down down down,right right right right right down down down down down
200,True,True,True,10,10,"[0, 0]",,up up up up up left left left left left,up up up up up left left left left left
201,True,True,True,6,6,"[0, 4]",,up up up up up left,up up up up up left
202,True,True,True,3,3,"[2, 5]",,up up up,up up up
203,True,True,True,3,3,"[4, 3]",,right right right,right right right
204,True,True,True,5,5,"[3, 5]",,right right right right up,right right right right up
205,False,False,False,4,4,"[2, 5]",obstacle,up left left down,up left left down
206,True,True,True,1,1,"[3, 3]",,up,up
207,False,False,False,6,6,"[1, 3]",obstacle,left down down right down down,left down down right down down
208,True,True,True,5,5,"[3, 5]",,right right down down down,right right down down down
209,False,False,False,6,6,"[2, 2]",obstacle,right down right down down right,right down right down down right
210,True,True,True,6,6,"[1, 0]",,up right up up up left,up right up up up left
211,True,True,True,7,7,"[1, 0]",,up left left left left up left,up left left left left up left
212,True,True,True,3,3,"[2, 5]",,up right right,up right right
213,False,False,False,4,6,"[2, 4]",obstacle,left up up right,left up up right
214,True,True,True,5,5,"[0, 5]",,up up up right right,up up up right right
215,True,True,True,2,2,"[2, 2]",,down left,down left
216,True,True,True,5,5,"[3, 5]",,right up up right right,right up up right right
217,True,True,True,4,4,"[5, 2]",,down down down left,down down down left
218,True,True,True,7,7,"[5, 0]",,left left left down down down left,left left left down down down left
219,True,True,True,2,2,"[3, 5]",,right right,right right
220,False,False,False,7,7,"[3, 2]",obstacle,left left left down down left left,left left left down down left left
221,True,True,True,5,5,"[2, 3]",,right up up right right,right up up right right
222,True,True,True,4,4,"[1, 0]",,left left left down,left left left down
223,True,True,True,1,1,"[2, 4]",,left,left
224,True,True,True,5,5,"[0, 3]",,up left left up up,up left left up up
225,True,True,True,3,3,"[4, 3]",,down down down,down down down
226,True,True,True,5,5,"[3, 5]",,right right right right down,right right right right down
227,False,False,False,7,7,"[5, 2]",obstacle,right right up up up right up,right right up up up right up
228,True,True,True,5,5,"[2, 3]",,right right right down down,right right right down down
229,True,True,True,2,2,"[2, 5]",,right right,right right
230,True,True,True,3,3,"[5, 3]",,down down down,down down down
231,True,True,True,1,1,"[0, 0]",,left,left
232,True,True,True,3,3,"[2, 3]",,right right right,right right right
233,True,True,True,3,3,"[3, 5]",,up right right,up right right
234,True,True,True,2,2,"[2, 1]",,down down,down down
235,True,True,True,5,5,"[4, 3]",,left down down down down,left down down down down
236,True,True,True,6,6,"[4, 0]",,left left left down down left,left left left down down left
237,True,True,True,6,6,"[0, 1]",,up left up up left left,up left up up left left
238,False,False,False,6,6,"[5, 2]",obstacle,right right up up right right,right right up up right right
239,True,True,True,5,5,"[1, 3]",,up up left left up,up up left left up
240,True,True,True,2,2,"[2, 1]",,up left,up left
241,True,True,True,2,2,"[2, 2]",,up up,up up
242,True,True,True,2,2,"[4, 3]",,right right,right right
243,True,True,True,2,2,"[5, 2]",,down down,down down
244,True,True,True,5,5,"[4, 2]",,left left left down down,left left left down down
245,True,True,True,4,4,"[1, 3]",,up right right up,up right right up
246,False,False,False,7,7,"[2, 1]",obstacle,up left left left left up up,up left left left left up up
247,True,True,True,6,6,"[1, 4]",,up up right right up right,up up right right up right
248,True,True,True,3,3,"[0, 3]",,right right right,right right right
249,True,True,True,4,4,"[3, 5]",,up right right right,up right right right
250,True,True,True,3,3,"[2, 3]",,right right right,right right right
251,True,True,True,5,5,"[1, 0]",,up left left left up,up left left left up
252,True,True,True,2,2,"[3, 2]",,right right,right right
253,True,True,True,5,5,"[3, 4]",,right down right down down,right down right down down
254,True,True,True,2,2,"[3, 3]",,down down,down down
255,True,True,True,4,4,"[0, 3]",,up up up up,up up up up
256,True,True,True,5,5,"[4, 0]",,left left left down down,left left left down down
257,True,True,True,8,8,"[0, 1]",,up up up left left up up right,up up up left left up up right
258,True,True,True,4,4,"[1, 0]",,left left left up,left left left up
259,True,True,True,7,7,"[5, 2]",,down down right right down down down,down down right right down down down
260,True,True,True,2,2,"[2, 0]",,left left,left left
261,True,True,True,3,3,"[2, 5]",,right right right,right right right
262,True,True,True,5,5,"[1, 5]",,up up up right right,up up up right right
263,True,True,True,4,4,"[0, 1]",,left up up right,left up up right
264,True,True,True,5,5,"[4, 0]",,left down down down down,left down down down down
265,True,True,True,2,2,"[3, 5]",,right down,right down
266,True,True,True,6,6,"[3, 1]",,right down down left left down,right down down left left down
267,True,True,True,6,6,"[1, 4]",,up up up right up right,up up up right up right
268,True,True,True,3,3,"[0, 2]",,up up left,up up left
269,True,True,True,7,7,"[5, 5]",,right right up right right down down,right right up right right down down
270,True,True,True,5,5,"[4, 1]",,left left left left up,left left left left up
271,True,True,True,2,2,"[5, 4]",,down down,down down
272,True,True,True,2,2,"[0, 5]",,right right,right right
273,False,False,False,5,15,"[1, 1]",obstacle,right down down left left,right down down left left
274,True,True,True,4,4,"[0, 4]",,up left up up,up left up up
275,True,True,True,1,1,"[5, 4]",,left,left
276,True,True,True,5,5,"[5, 2]",,down left down down left,down left down down left
277,False,False,False,5,9,"[3, 3]",obstacle,left up left up left,left up left up left
278,False,False,False,5,7,"[3, 1]",obstacle,up right right right down,up right right right down
279,True,True,True,1,1,"[2, 4]",,down,down
280,False,False,False,7,11,"[1, 1]",obstacle,left down down down left down down,left down down down left down down
281,True,True,True,1,1,"[1, 3]",,down,down
282,True,True,True,2,2,"[4, 4]",,up right,up right
283,True,True,True,1,1,"[3, 3]",,left,left
285,True,True,True,8,8,"[0, 5]",,right up up right up up up right,right up up right up up up right
286,False,False,False,5,13,"[1, 1]",obstacle,right down down left down,right down down left down
287,True,True,True,4,4,"[3, 1]",,left left up up,left left up up
288,True,True,True,7,7,"[2, 5]",,right right up up right up right,right right up up right up right
289,False,False,False,7,9,"[3, 3]",obstacle,up left left left left up up,up left left left left up up
290,True,True,True,3,3,"[5, 1]",,left left left,left left left
291,True,True,True,1,1,"[4, 5]",,up,up
292,True,True,True,1,1,"[1, 4]",,up,up
293,True,True,True,1,1,"[2, 4]",,left,left
294,True,True,True,5,5,"[4, 4]",,right down down down down,right down down down down
295,False,False,False,9,9,"[3, 1]",obstacle,up up right right up up up right right,up up right right up up up right right
296,False,False,False,7,9,"[3, 3]",obstacle,up up left left up up up,up up left left up up up
297,False,False,False,8,9,"[1, 3]",obstacle,right down down left down down right down,right down down left down down right down
298,True,True,True,6,6,"[5, 3]",,down down down left down down,down down down left down down
299,False,False,False,7,7,"[1, 1]",obstacle,right down down right right up right,right down down right right up right
300,True,True,True,3,3,"[4, 2]",,left down left,left down left
301,False,False,False,0,8,"[0, 4]",invalid_action,,Goal not reachable
302,True,True,True,2,2,"[0, 2]",,right right,right right
303,True,True,True,8,8,"[0, 1]",,up up up left up left up left,up up up left up left up left
304,False,False,False,3,5,"[3, 1]",obstacle,up right up,up right up
305,False,False,False,0,10,"[0, 4]",invalid_action,,Goal not reachable
306,True,True,True,4,4,"[5, 1]",,up left left down,up left left down
307,True,True,True,5,5,"[5, 1]",,down down left left down,down down left left down
308,True,True,True,5,5,"[5, 0]",,up left left left down,up left left left down
309,True,True,True,3,3,"[4, 3]",,right down down,right down down
310,True,True,True,2,2,"[4, 5]",,up right,up right
311,False,False,False,7,7,"[1, 3]",obstacle,up up up left up up right,up up up left up up right
312,True,True,True,1,1,"[2, 4]",,left,left
313,False,False,False,0,8,"[0, 4]",invalid_action,,Goal not reachable
314,False,False,False,7,7,"[1, 3]",obstacle,up up up left up up right,up up up left up up right
315,True,True,True,6,6,"[5, 0]",,left down left left left down,left down left left left down
316,True,True,True,3,3,"[3, 4]",,up up right,up up right
317,True,True,True,6,6,"[3, 3]",,down right down right right up,down right down right right up
318,True,True,True,8,8,"[0, 1]",,up up up left up left up left,up up up left up left up left
319,True,True,True,5,5,"[3, 0]",,up left left up left,up left left up left
320,True,True,True,2,2,"[3, 4]",,left down,left down
321,True,True,True,3,3,"[4, 1]",,down left left,down left left
322,True,True,True,3,3,"[2, 0]",,up left up,up left up
323,True,True,True,5,5,"[2, 2]",,up up left left left,up up left left left
324,False,False,False,5,5,"[2, 2]",obstacle,up left left left down,up left left left down
325,True,True,True,4,4,"[1, 5]",,up right right up,up right right up
326,True,True,True,4,4,"[1, 1]",,left up left left,left up left left
327,False,False,False,5,6,"[2, 2]",obstacle,left down down right down,left down down right down
328,True,True,True,1,1,"[0, 1]",,left,left
329,False,False,False,7,7,"[3, 3]",obstacle,up left left left left left up,up left left left left left up
330,True,True,True,6,6,"[0, 4]",,up up up up up right,up up up up up right
331,True,True,True,9,9,"[4, 0]",,left left left left down down left down down,left left left left down down left down down
332,True,True,True,2,2,"[5, 3]",,right down,right down
333,True,True,True,5,5,"[5, 5]",,right right down right right,right right down right right
334,True,True,True,4,4,"[5, 4]",,right right down right,right right down right
335,True,True,True,7,7,"[5, 5]",,right right down down down right right,right right down down down right right
336,True,True,True,2,2,"[0, 2]",,up left,up left
337,True,True,True,4,4,"[3, 3]",,left down down down,left down down down
338,True,True,True,7,7,"[5, 3]",,right right down down down down down,right right down down down down down
339,True,True,True,4,4,"[3, 2]",,left up up left,left up up left
340,True,True,True,1,1,"[1, 3]",,down,down
341,True,True,True,7,7,"[0, 1]",,up up up up up left left,up up up up up left left
342,True,True,True,4,4,"[2, 0]",,up up left left,up up left left
343,True,True,True,4,4,"[3, 2]",,right down down down,right down down down
344,True,True,True,4,4,"[1, 3]",,up up up right,up up up right
345,True,True,True,6,6,"[3, 3]",,right right right down down down,right right right down down down
346,True,True,True,2,2,"[0, 3]",,left left,left left
347,True,True,True,6,6,"[0, 1]",,up up up up up left,up up up up up left
348,True,True,True,5,5,"[5, 3]",,down down down down down,down down down down down
349,True,True,True,4,4,"[1, 3]",,right right right down,right right right down
350,True,True,True,4,4,"[5, 3]",,right right down down,right right down down
351,False,False,False,7,9,"[1, 4]",obstacle,down left down down down right down,down left down down down right down
352,True,True,True,3,3,"[5, 3]",,down down down,down down down
353,True,True,True,2,2,"[1, 1]",,up left,up left
354,True,True,True,3,3,"[4, 2]",,left up left,left up left
355,True,True,True,5,5,"[1, 2]",,up up up up right,up up up up right
356,True,True,True,5,5,"[2, 0]",,left left down down left,left left down down left
357,True,True,True,2,2,"[4, 0]",,left down,left down
358,False,False,False,0,6,"[4, 0]",invalid_action,,Goal not reachable
359,True,True,True,4,4,"[2, 3]",,left left down down,left left down down
360,True,True,True,4,4,"[0, 4]",,up up right right,up up right right
361,True,True,True,7,7,"[5, 0]",,left left left left left down down,left left left left left down down
362,True,True,True,4,4,"[2, 3]",,up up right right,up up right right
363,True,True,True,7,7,"[3, 5]",,up up right right right right right,up up right right right right right
364,False,False,False,0,8,"[0, 4]",invalid_action,,Goal not reachable
365,True,True,True,5,5,"[4, 0]",,left left left down down,left left left down down
366,True,True,True,1,1,"[3, 2]",,up,up
367,True,True,True,2,2,"[4, 4]",,right right,right right
368,True,True,True,8,8,"[5, 5]",,right right right down right right down down,right right right down right right down down
369,False,False,False,5,7,"[1, 4]",obstacle,down left left left down,down left left left down
370,False,False,False,6,8,"[1, 4]",obstacle,down left left down down down,down left left down down down
371,True,True,True,2,2,"[4, 0]",,left down,left down
372,True,True,True,6,6,"[3, 0]",,up left left left left left,up left left left left left
373,True,True,True,4,4,"[5, 4]",,up right right down,up right right down
374,True,True,True,2,2,"[2, 1]",,down left,down left
375,True,True,True,1,1,"[3, 2]",,left,left
376,True,True,True,2,2,"[4, 5]",,right right,right right
377,True,True,True,4,4,"[5, 2]",,left down down down,left down down down
378,True,True,True,1,1,"[0, 3]",,right,right
379,True,True,True,4,4,"[5, 2]",,right right down down,right right down down
380,True,True,True,4,4,"[5, 5]",,right right right down,right right right down
381,True,True,True,2,2,"[4, 2]",,left left,left left
382,True,True,True,2,2,"[2, 1]",,left left,left left
383,True,True,True,4,4,"[5, 2]",,up left left down,up left left down
384,False,False,False,8,9,"[2, 3]",obstacle,down right right right up right right down,down right right right up right right down
385,True,True,True,4,4,"[4, 0]",,left left left down,left left left down
386,True,True,True,2,2,"[4, 4]",,left down,left down
387,True,True,True,1,1,"[4, 2]",,up,up
388,False,False,False,6,8,"[1, 4]",obstacle,down left left left left down,down left left left left down
389,True,True,True,3,3,"[3, 4]",,right down right,right down right
390,True,True,True,6,6,"[2, 0]",,left left left left down down,left left left left down down
391,True,True,True,1,1,"[0, 2]",,left,left
392,False,False,False,7,7,"[3, 5]",obstacle,right up up left up up right,right up up left up up right
393,True,True,True,6,6,"[5, 3]",,down right right down down down,down right right down down down
394,True,True,True,2,2,"[4, 4]",,right right,right right
395,True,True,True,2,2,"[3, 0]",,left left,left left
396,True,True,True,4,4,"[1, 1]",,up up up right,up up up right
397,True,True,True,4,4,"[1, 0]",,left left up left,left left up left
398,True,True,True,6,6,"[5, 2]",,right down right down down down,right down right down down down
399,True,True,True,6,6,"[0, 3]",,up up up right right right,up up up right right right
400,True,True,True,4,4,"[0, 2]",,left up up left,left up up left
401,True,True,True,5,5,"[5, 3]",,right right right down down,right right right down down
402,True,True,True,2,2,"[4, 2]",,left down,left down
403,True,True,True,4,4,"[2, 4]",,up up right right,up up right right
404,True,True,True,3,3,"[4, 3]",,down left left,down left left
405,True,True,True,4,4,"[2, 3]",,up up right right,up up right right
406,True,True,True,4,4,"[2, 4]",,up up up right,up up up right
407,True,True,True,4,4,"[5, 3]",,down left left down,down left left down
408,True,True,True,8,8,"[0, 0]",,up up up up up left left left,up up up up up left left left
409,False,False,False,5,7,"[3, 5]",obstacle,up left left up up,up left left up up
410,True,True,True,2,2,"[2, 4]",,right right,right right
411,True,True,True,6,6,"[5, 3]",,left down down down down down,left down down down down down
412,True,True,True,3,3,"[2, 4]",,up up right,up up right
413,True,True,True,2,2,"[2, 0]",,down down,down down
414,True,True,True,4,4,"[3, 1]",,left up left left,left up left left
415,True,True,True,4,4,"[4, 1]",,up left left left,up left left left
416,True,True,True,3,3,"[1, 0]",,up up up,up up up
417,True,True,True,1,1,"[5, 4]",,right,right
418,True,True,True,3,3,"[5, 2]",,down down down,down down down
419,True,True,True,3,3,"[4, 1]",,right down down,right down down
420,True,True,True,3,3,"[2, 2]",,right up up,right up up
421,True,True,True,7,7,"[1, 5]",,up up right right right right right,up up right right right right right
422,True,True,True,4,4,"[1, 3]",,right right down right,right right down right
423,True,True,True,2,2,"[5, 4]",,right right,right right
424,True,True,True,1,1,"[1, 4]",,left,left
425,True,True,True,6,6,"[4, 0]",,left left down down down down,left left down down down down
426,True,True,True,6,6,"[0, 1]",,up up up up up left,up up up up up left
427,True,True,True,5,5,"[1, 1]",,up up up up left,up up up up left
428,True,True,True,7,7,"[5, 4]",,left down down left down down right,left down down left down down right
429,True,True,True,2,2,"[3, 3]",,up up,up up
430,True,True,True,4,4,"[2, 4]",,up up right right,up up right right
431,True,True,True,5,5,"[5, 4]",,right down down down right,right down down down right
432,True,True,True,8,8,"[1, 0]",,left up up up up left left left,left up up up up left left left
433,False,False,False,8,8,"[3, 0]",obstacle,up right up up right right right up,up right up up right right right up
434,True,True,True,2,2,"[4, 2]",,right right,right right
435,True,True,True,5,5,"[3, 4]",,right right up right right,right right up right right
436,True,True,True,3,3,"[4, 1]",,down down left,down down left
437,True,True,True,7,7,"[3, 0]",,left left left up left left down,left left left up left left down
438,True,True,True,3,3,"[0, 2]",,left left up,left left up
439,True,True,True,6,6,"[0, 1]",,up up up up up left,up up up up up left
440,True,True,True,9,9,"[5, 4]",,right right down right down down down down right,right right down right down down down down right
441,True,True,True,3,3,"[5, 2]",,left down down,left down down
442,True,True,True,1,1,"[1, 2]",,up,up
443,True,True,True,2,2,"[1, 0]",,up left,up left
444,True,True,True,5,5,"[5, 1]",,left down down left down,left down down left down
445,True,True,True,3,3,"[1, 0]",,left left down,left left down
446,True,True,True,4,4,"[1, 0]",,left up up up,left up up up
447,True,True,True,4,4,"[5, 4]",,left down down right,left down down right
448,True,True,True,2,2,"[1, 3]",,down right,down right
449,True,True,True,3,3,"[0, 5]",,right up right,right up right
450,True,True,True,4,4,"[3, 2]",,right down down right,right down down right
452,True,True,True,2,2,"[3, 0]",,up up,up up
454,True,True,True,3,3,"[3, 4]",,left down down,left down down
456,True,True,True,4,4,"[3, 5]",,up right up right,up right up right
459,True,True,True,2,2,"[3, 2]",,down right,down right
462,True,True,True,2,2,"[0, 5]",,up right,up right
465,True,True,True,2,2,"[3, 2]",,right right,right right
467,True,True,True,1,1,"[4, 4]",,up,up
468,True,True,True,3,3,"[2, 0]",,left down down,left down down
470,True,True,True,6,6,"[0, 4]",,up right up up up up,up right up up up up
473,True,True,True,5,5,"[4, 3]",,left down down down left,left down down down left
474,True,True,True,4,4,"[2, 3]",,left down down left,left down down left
478,True,True,True,1,1,"[5, 3]",,left,left
479,True,True,True,2,2,"[2, 0]",,up up,up up
480,True,True,True,3,3,"[2, 4]",,right right down,right right down
481,True,True,True,3,3,"[1, 5]",,up up up,up up up
482,False,False,False,8,8,"[5, 3]",obstacle,right right up up up up left up,right right up up up up left up
483,False,False,False,6,8,"[5, 2]",obstacle,right right up right right right,right right up right right right
484,True,True,True,5,5,"[1, 4]",,down right right right right,down right right right right
485,False,False,False,6,10,"[5, 3]",obstacle,right up up up right right,right up up up right right
486,True,True,True,6,6,"[4, 0]",,left left left left left down,left left left left left down
487,True,True,True,4,4,"[3, 3]",,left down down down,left down down down
488,True,True,True,3,3,"[5, 3]",,right right right,right right right
489,False,False,False,6,6,"[1, 1]",obstacle,right down down down down right,right down down down down right
490,False,False,False,5,7,"[5, 1]",obstacle,left left up up right,left left up up right
491,False,False,False,6,6,"[3, 2]",obstacle,down right right down right right,down right right down right right
492,True,True,True,6,6,"[2, 5]",,right right right up right right,right right right up right right
493,True,True,True,3,3,"[2, 4]",,left down down,left down down
494,True,True,True,3,3,"[2, 5]",,up up up,up up up
495,True,True,True,1,1,"[4, 5]",,up,up
496,True,True,True,3,3,"[3, 1]",,down down right,down down right
497,True,True,True,4,4,"[4, 0]",,left left left down,left left left down
498,True,True,True,1,1,"[3, 0]",,left,left
499,True,True,True,5,5,"[1, 5]",,right right right right right,right right right right right
500,True,True,True,1,1,"[1, 3]",,left,left
501,True,True,True,2,2,"[5, 1]",,down right,down right
502,True,True,True,8,8,"[4, 4]",,down right right right right down down down,down right right right right down down down
503,True,True,True,5,5,"[3, 1]",,left down down left left,left down down left left
504,True,True,True,7,7,"[3, 5]",,right right right right right down down,right right right right right down down
505,True,True,True,5,5,"[3, 0]",,left left left left left,left left left left left
506,True,True,True,2,2,"[1, 2]",,left left,left left
507,True,True,True,2,2,"[1, 0]",,left left,left left
508,True,True,True,6,6,"[0, 5]",,right right up right right right,right right up right right right
509,True,True,True,5,5,"[3, 1]",,up left left left left,up left left left left
510,True,True,True,3,3,"[3, 0]",,left left left,left left left
511,True,True,True,2,2,"[3, 0]",,down down,down down
512,True,True,True,7,7,"[2, 5]",,up right right right right up right,up right right right right up right
513,True,True,True,3,3,"[3, 3]",,up left left,up left left
514,True,True,True,1,1,"[2, 5]",,up,up
515,True,True,True,4,4,"[0, 2]",,up up up up,up up up up
516,True,True,True,1,1,"[1, 2]",,down,down
517,True,True,True,5,5,"[3, 1]",,up up left left left,up up left left left
518,True,True,True,3,3,"[0, 3]",,up up right,up up right
519,True,True,True,3,3,"[1, 4]",,up up up,up up up
520,True,True,True,2,2,"[3, 3]",,left left,left left
521,True,True,True,4,4,"[3, 4]",,right down down down,right down down down
522,True,True,True,2,2,"[3, 4]",,left down,left down
523,True,True,True,2,2,"[3, 3]",,left left,left left
524,True,True,True,5,5,"[3, 5]",,up up right right right,up up right right right
525,True,True,True,4,4,"[5, 3]",,right right down down,right right down down
526,False,False,False,6,8,"[2, 4]",obstacle,down down left left left left,down down left left left left
527,True,True,True,1,1,"[2, 5]",,up,up
528,False,False,False,5,7,"[2, 2]",obstacle,down down left left up,down down left left up
529,True,True,True,3,3,"[5, 1]",,left down left,left down left
530,True,True,True,2,2,"[4, 4]",,right down,right down
531,True,True,True,1,1,"[4, 2]",,up,up
532,False,False,False,3,7,"[0, 2]",obstacle,up left left,up left left
533,True,True,True,4,4,"[1, 4]",,right right up up,right right up up
534,True,True,True,2,2,"[3, 4]",,right right,right right
535,True,True,True,5,5,"[1, 2]",,up up left left down,up up left left down
536,True,True,True,5,5,"[1, 4]",,up right right up up,up right right up up
537,False,False,False,4,6,"[1, 2]",obstacle,up right right right,up right right right
538,False,False,False,9,9,"[0, 0]",obstacle,up right right down down right right up right,up right right down down right right up right
539,True,True,True,4,4,"[1, 4]",,up up up up,up up up up
540,False,False,False,4,4,"[4, 5]",obstacle,down left left down,down left left down
541,True,True,True,6,6,"[0, 5]",,right up up up up up,right up up up up up
542,True,True,True,6,6,"[3, 3]",,up right up right right down,up right up right right down
543,True,True,True,1,1,"[3, 0]",,down,down
544,True,True,True,7,7,"[4, 5]",,right right right right right down down,right right right right right down down
545,True,True,True,3,3,"[3, 1]",,left down down,left down down
546,True,True,True,2,2,"[0, 5]",,up up,up up
547,True,True,True,4,4,"[1, 4]",,up up up left,up up up left
548,True,True,True,2,2,"[1, 3]",,right down,right down
549,True,True,True,8,8,"[5, 5]",,right right right down down down down down,right right right down down down down down
550,True,True,True,1,1,"[2, 1]",,up,up
551,True,True,True,1,1,"[0, 4]",,up,up
552,True,True,True,7,7,"[1, 1]",,up up up left left left left,up up up left left left left
553,True,True,True,1,1,"[2, 1]",,up,up
554,True,True,True,6,6,"[5, 5]",,right right right down down down,right right right down down down
555,True,True,True,4,4,"[5, 2]",,down left left left,down left left left
556,True,True,True,1,1,"[1, 3]",,down,down
557,False,False,False,0,10,"[4, 0]",invalid_action,,Goal not reachable
558,True,True,True,2,2,"[3, 0]",,left down,left down
559,True,True,True,2,2,"[2, 4]",,up left,up left
560,True,True,True,4,4,"[3, 5]",,right right down down,right right down down
561,True,True,True,6,6,"[0, 1]",,up up left left left left,up up left left left left
562,False,False,False,7,7,"[4, 3]",obstacle,down left down down down right down,down left down down down right down
563,True,True,True,2,2,"[1, 3]",,up right,up right
564,True,True,True,4,4,"[0, 1]",,left left left left,left left left left
565,True,True,True,2,2,"[2, 0]",,up up,up up
566,True,True,True,1,1,"[0, 4]",,up,up
567,True,True,True,6,6,"[3, 5]",,right right right right down down,right right right right down down
568,True,True,True,4,4,"[4, 3]",,left down down down,left down down down
569,True,True,True,2,2,"[3, 3]",,down down,down down
570,True,True,True,2,2,"[4, 2]",,left left,left left
571,True,True,True,6,6,"[0, 5]",,up up up up up right,up up up up up right
572,True,True,True,1,1,"[4, 5]",,down,down
573,True,True,True,2,2,"[3, 5]",,up right,up right
574,False,False,False,6,8,"[0, 3]",obstacle,left left up left left down,left left up left left down
575,False,False,False,7,7,"[1, 3]",obstacle,up up left left left up left,up up left left left up left
576,False,False,False,7,7,"[2, 2]",obstacle,down down right right right down down,down down right right right down down
577,False,False,False,8,8,"[2, 2]",obstacle,up up right right up up right right,up up right right up up right right
578,True,True,True,2,2,"[2, 5]",,up right,up right
579,True,True,True,5,5,"[5, 4]",,down right right down down,down right right down down
580,True,True,True,3,3,"[3, 0]",,left down left,left down left
581,True,True,True,6,6,"[4, 2]",,right down down right down down,right down down right down down
582,True,True,True,4,4,"[0, 1]",,up left up up,up left up up
583,False,False,False,7,9,"[1, 3]",obstacle,left left down left left up up,left left down left left up up
584,True,True,True,2,2,"[3, 4]",,up up,up up
585,False,False,False,6,8,"[1, 3]",obstacle,left down down left left up,left down down left left up
586,True,True,True,3,3,"[4, 3]",,down left down,down left down
587,True,True,True,2,2,"[4, 2]",,up left,up left
588,True,True,True,1,1,"[1, 0]",,left,left
589,True,True,True,4,4,"[4, 3]",,right down right down,right down right down
590,True,True,True,2,2,"[3, 5]",,up right,up right
591,True,True,True,8,8,"[4, 5]",,right down right down right right right down,right down right down right right right down
592,True,True,True,3,3,"[3, 1]",,left left left,left left left
595,True,True,True,3,3,"[0, 0]",,up up left,up up left
596,False,False,False,7,10,"[1, 3]",obstacle,down down left left up up left,down down left left up up left
597,True,True,True,3,3,"[0, 4]",,up up left,up up left
598,True,True,True,4,4,"[3, 3]",,down down down left,down down down left
599,True,True,True,2,2,"[3, 1]",,left left,left left
600,True,True,True,2,2,"[2, 2]",,up left,up left
601,True,True,True,5,5,"[1, 1]",,up up up left left,up up up left left
602,True,True,True,5,5,"[0, 2]",,up up up left up,up up up left up
603,True,True,True,7,7,"[5, 0]",,left left left left down down down,left left left left down down down
604,True,True,True,5,5,"[3, 0]",,up left left left down,up left left left down
605,True,True,True,5,5,"[0, 5]",,up up right up right,up up right up right
606,True,True,True,3,3,"[0, 5]",,up up right,up up right
607,True,True,True,7,7,"[4, 5]",,down right right down right down down,down right right down right down down
608,True,True,True,7,7,"[0, 2]",,up up up right up up right,up up up right up up right
609,True,True,True,2,2,"[4, 5]",,down down,down down
610,True,True,True,6,6,"[0, 5]",,right down right right up right,right down right right up right
611,True,True,True,6,6,"[0, 5]",,up up up up up right,up up up up up right
612,True,True,True,4,4,"[2, 4]",,right right right right,right right right right
613,True,True,True,7,7,"[0, 4]",,up right right up right right up,up right right up right right up
614,False,False,False,0,10,"[0, 5]",invalid_action,,Goal not reachable
615,True,True,True,8,8,"[5, 1]",,down left left left down down down down,down left left left down down down down
616,True,True,True,4,4,"[3, 1]",,left left down down,left left down down
617,True,True,True,4,4,"[4, 1]",,left down down down,left down down down
618,True,True,True,2,2,"[1, 2]",,right down,right down
619,True,True,True,2,2,"[3, 1]",,right down,right down
620,True,True,True,4,4,"[0, 5]",,up up up right,up up up right
621,True,True,True,4,4,"[5, 3]",,down down down down,down down down down
622,True,True,True,1,1,"[2, 0]",,left,left
623,True,True,True,2,2,"[4, 2]",,up left,up left
624,True,True,True,6,6,"[0, 5]",,right down right right up right,right down right right up right
625,True,True,True,5,5,"[2, 4]",,up up right right right,up up right right right
626,True,True,True,5,5,"[5, 3]",,left down down down down,left down down down down
627,True,True,True,4,4,"[4, 0]",,down left down down,down left down down
628,True,True,True,4,4,"[1, 2]",,up up left left,up up left left
629,True,True,True,6,6,"[0, 2]",,up up up up left up,up up up up left up
630,True,True,True,4,4,"[4, 3]",,up right right down,up right right down
631,True,True,True,7,7,"[4, 0]",,down left left left left left down,down left left left left left down
632,True,True,True,7,7,"[1, 5]",,up right right right right up up,up right right right right up up
633,True,True,True,7,7,"[2, 0]",,up left left left left down down,up left left left left down down
634,True,True,True,4,4,"[1, 5]",,right right up up,right right up up
635,True,True,True,3,3,"[2, 0]",,left down down,left down down
636,True,True,True,4,4,"[1, 2]",,up up left up,up up left up
637,True,True,True,5,5,"[3, 5]",,right right down right right,right right down right right
638,True,True,True,5,5,"[0, 3]",,up up right right right,up up right right right
639,True,True,True,9,9,"[1, 0]",,up up left left left up up left left,up up left left left up up left left
640,True,True,True,2,2,"[3, 1]",,down down,down down
641,True,True,True,3,3,"[1, 0]",,up left left,up left left
642,True,True,True,4,4,"[2, 3]",,up left left up,up left left up
643,False,False,False,5,7,"[2, 3]",obstacle,right right up right right,right right up right right
644,True,True,True,3,3,"[0, 2]",,up up right,up up right
645,True,True,True,2,2,"[0, 4]",,right right,right right
646,True,True,True,3,3,"[1, 5]",,up up up,up up up
647,True,True,True,1,1,"[4, 3]",,down,down
648,True,True,True,3,3,"[0, 2]",,left left left,left left left
649,True,True,True,2,2,"[5, 4]",,left down,left down
650,True,True,True,2,2,"[2, 1]",,up right,up right
651,True,True,True,5,5,"[3, 5]",,down right down right right,down right down right right
652,True,True,True,5,5,"[1, 0]",,up left up left left,up left up left left
653,True,True,True,2,2,"[2, 5]",,right down,right down
654,True,True,True,9,9,"[5, 5]",,right right right right down down down down down,right right right right down down down down down
655,True,True,True,2,2,"[4, 1]",,left down,left down
656,True,True,True,5,5,"[5, 4]",,right right right down down,right right right down down
657,True,True,True,5,5,"[5, 4]",,right right right down down,right right right down down
658,True,True,True,4,4,"[4, 0]",,left down down down,left down down down
659,True,True,True,3,3,"[3, 5]",,right right right,right right right
660,True,True,True,6,6,"[2, 0]",,up up left left left left,up up left left left left
661,True,True,True,6,6,"[0, 3]",,left up left up up up,left up left up up up
662,True,True,True,3,3,"[5, 1]",,left down down,left down down
663,True,True,True,3,3,"[4, 3]",,up left left,up left left
664,False,False,False,4,6,"[2, 4]",obstacle,up right up up,up right up up
665,False,False,False,0,7,"[4, 1]",invalid_action,,Goal not reachable
666,True,True,True,3,3,"[2, 4]",,left up up,left up up
667,True,True,True,6,6,"[3, 0]",,up up left left left left,up up left left left left
668,True,True,True,8,8,"[3, 1]",,up left left left left down down down,up left left left left down down down
669,True,True,True,2,2,"[2, 4]",,down right,down right
670,True,True,True,4,4,"[5, 3]",,right down down down,right down down down
671,False,False,False,8,8,"[0, 1]",obstacle,up left left left left left down down,up left left left left left down down
672,True,True,True,3,3,"[1, 1]",,up up left,up up left
673,True,True,True,4,4,"[1, 1]",,up up up right,up up up right
674,False,False,False,0,5,"[2, 3]",invalid_action,,Goal not reachable
675,True,True,True,7,7,"[5, 5]",,right right right right down right down,right right right right down right down
676,True,True,True,2,2,"[3, 2]",,up left,up left
677,True,True,True,7,7,"[5, 5]",,right right right right down right down,right right right right down right down
678,True,True,True,1,1,"[0, 1]",,left,left
679,True,True,True,2,2,"[1, 1]",,up right,up right
680,True,True,True,3,3,"[0, 2]",,left left left,left left left
681,True,True,True,9,9,"[1, 0]",,up left up up left up left left left,up left up up left up left left left
682,True,True,True,5,5,"[0, 1]",,up up up up up,up up up up up
683,True,True,True,4,4,"[3, 0]",,left left left down,left left left down
684,True,True,True,2,2,"[3, 1]",,left left,left left
685,True,True,True,6,6,"[2, 2]",,up left left left down down,up left left left down down
686,True,True,True,3,3,"[3, 1]",,up left left,up left left
687,True,True,True,5,5,"[1, 0]",,up up up up left,up up up up left
688,True,True,True,5,5,"[0, 2]",,up up up up right,up up up up right
689,True,True,True,4,4,"[5, 1]",,right down down down,right down down down
690,True,True,True,1,1,"[2, 2]",,down,down
691,True,True,True,3,3,"[3, 5]",,right down down,right down down
692,True,True,True,1,1,"[5, 2]",,left,left
693,True,True,True,8,8,"[1, 0]",,up up left left left up left left,up up left left left up left left
694,True,True,True,3,3,"[2, 0]",,left down down,left down down
695,True,True,True,7,7,"[1, 5]",,up right right right right up right,up right right right right up right
696,True,True,True,6,6,"[2, 0]",,up left left left left left,up left left left left left
697,True,True,True,5,5,"[0, 2]",,up up up up right,up up up up right
698,True,True,True,1,1,"[2, 0]",,left,left
699,True,True,True,4,4,"[1, 5]",,right up up up,right up up up
700,True,True,True,2,2,"[2, 5]",,right down,right down
701,True,True,True,5,5,"[3, 5]",,right right right right down,right right right right down
702,True,True,True,3,3,"[0, 2]",,left up up,left up up
703,True,True,True,1,1,"[1, 0]",,down,down
704,True,True,True,4,4,"[2, 4]",,right down right right,right down right right
705,True,True,True,1,1,"[1, 1]",,right,right
706,True,True,True,6,6,"[4, 2]",,right right down down down down,right right down down down down
707,True,True,True,3,3,"[3, 2]",,right right down,right right down
708,True,True,True,3,3,"[3, 1]",,up up left,up up left
709,True,True,True,9,9,"[1, 0]",,up up up left left left up left left,up up up left left left up left left
710,True,True,True,4,4,"[5, 1]",,left down down down,left down down down
711,True,True,True,6,6,"[5, 1]",,left down down down down down,left down down down down down
712,True,True,True,6,6,"[5, 3]",,down down right down down down,down down right down down down
713,True,True,True,4,4,"[4, 3]",,down left down down,down left down down
714,True,True,True,3,3,"[3, 5]",,right right down,right right down
715,True,True,True,2,2,"[4, 4]",,down left,down left
716,True,True,True,2,2,"[4, 2]",,down down,down down
717,True,True,True,5,5,"[2, 0]",,down left left left left,down left left left left
718,True,True,True,4,4,"[3, 5]",,up right right down,up right right down
719,True,True,True,2,2,"[3, 2]",,right right,right right
720,True,True,True,5,5,"[4, 0]",,left left left left left,left left left left left
721,True,True,True,5,5,"[4, 5]",,right right right right right,right right right right right
722,True,True,True,2,2,"[3, 5]",,up right,up right
723,False,False,False,6,6,"[3, 4]",obstacle,up up left up up right,up up left up up right
724,True,True,True,4,4,"[2, 5]",,up right right down,up right right down
725,True,True,True,4,4,"[3, 2]",,left left left up,left left left up
726,False,False,False,6,8,"[3, 1]",obstacle,right up up up left up,right up up up left up
727,True,True,True,3,3,"[4, 2]",,left down down,left down down
728,True,True,True,5,5,"[4, 1]",,left down down left down,left down down left down
729,True,True,True,4,4,"[5, 5]",,down down down down,down down down down
730,True,True,True,3,3,"[4, 4]",,down left down,down left down
731,True,True,True,6,6,"[5, 3]",,down down down down right down,down down down down right down
732,True,True,True,4,4,"[0, 5]",,right right up right,right right up right
733,True,True,True,2,2,"[4, 3]",,right right,right right
734,True,True,True,4,4,"[2, 2]",,left left left down,left left left down
735,True,True,True,4,4,"[2, 2]",,left left up up,left left up up
736,True,True,True,5,5,"[1, 0]",,right up up left left,right up up left left
737,True,True,True,4,4,"[1, 5]",,up right up up,up right up up
738,True,True,True,2,2,"[1, 3]",,up right,up right
739,True,True,True,3,3,"[1, 3]",,up up right,up up right
740,True,True,True,2,2,"[4, 5]",,right right,right right
741,True,True,True,4,4,"[5, 3]",,down down right down,down down right down
742,False,False,False,6,6,"[3, 1]",obstacle,up up left up up right,up up left up up right
743,True,True,True,5,5,"[1, 1]",,up left left left left,up left left left left
744,True,True,True,7,7,"[1, 0]",,up left up up up left left,up left up up up left left
745,True,True,True,2,2,"[3, 5]",,up up,up up
746,True,True,True,6,6,"[1, 3]",,right right up up up right,right right up up up right
747,True,True,True,1,1,"[5, 1]",,right,right
748,True,True,True,7,7,"[5, 0]",,left down left left left left down,left down left left left left down
749,True,True,True,5,5,"[1, 2]",,up up right up up,up up right up up
750,True,True,True,2,2,"[1, 2]",,up right,up right
751,True,True,True,6,6,"[4, 1]",,left left left down down down,left left left down down down
752,True,True,True,1,1,"[1, 2]",,left,left
753,True,True,True,3,3,"[0, 3]",,up up up,up up up
754,True,True,True,2,2,"[1, 0]",,left left,left left
755,True,True,True,1,1,"[3, 3]",,down,down
756,True,True,True,4,4,"[1, 1]",,right up up up,right up up up
757,True,True,True,5,5,"[1, 1]",,up right up up up,up right up up up
758,True,True,True,7,7,"[4, 5]",,right right right down down right down,right right right down down right down
759,True,True,True,2,2,"[4, 3]",,up right,up right
760,True,True,True,4,4,"[1, 0]",,up left left left,up left left left
761,True,True,True,6,6,"[1, 5]",,up right right right right right,up right right right right right
762,True,True,True,2,2,"[0, 3]",,right up,right up
763,True,True,True,8,8,"[1, 5]",,right up up up right right right right,right up up up right right right right
764,True,True,True,3,3,"[2, 3]",,left left down,left left down
765,True,True,True,3,3,"[1, 1]",,left left left,left left left
766,True,True,True,3,3,"[2, 3]",,up right right,up right right
767,True,True,True,5,5,"[0, 4]",,up up up up right,up up up up right
768,True,True,True,3,3,"[2, 4]",,up up right,up up right
769,True,True,True,4,4,"[1, 5]",,right right right right,right right right right
770,True,True,True,3,3,"[1, 3]",,up right right,up right right
771,True,True,True,1,1,"[5, 2]",,right,right
772,True,True,True,2,2,"[2, 3]",,right down,right down
773,True,True,True,6,6,"[4, 5]",,down left down down right down,down left down down right down
774,True,True,True,6,6,"[3, 5]",,right right right down down right,right right right down down right
775,True,True,True,8,8,"[4, 5]",,down right right right down down right down,down right right right down down right down
776,True,True,True,3,3,"[3, 2]",,left down down,left down down
777,True,True,True,4,4,"[3, 5]",,down down down right,down down down right
778,True,True,True,5,5,"[3, 4]",,up up right right right,up up right right right
779,True,True,True,1,1,"[1, 5]",,down,down
780,True,True,True,5,5,"[0, 4]",,up right right right right,up right right right right
781,True,True,True,3,3,"[1, 2]",,up left left,up left left
782,True,True,True,4,4,"[5, 5]",,right down down down,right down down down
783,True,True,True,3,3,"[2, 4]",,left down down,left down down
784,True,True,True,3,3,"[3, 2]",,up left left,up left left
785,True,True,True,4,4,"[1, 4]",,up right right right,up right right right
786,True,True,True,5,5,"[3, 2]",,left left down down down,left left down down down
787,True,True,True,2,2,"[0, 3]",,left left,left left
788,True,True,True,6,6,"[2, 5]",,right up right right right down,right up right right right down
789,True,True,True,5,5,"[2, 1]",,up up left up left,up up left up left
790,True,True,True,7,7,"[0, 1]",,up up up left left left left,up up up left left left left
791,True,True,True,1,1,"[1, 1]",,down,down
792,True,True,True,1,1,"[4, 5]",,down,down
793,True,True,True,4,4,"[2, 0]",,left left left down,left left left down
794,True,True,True,3,3,"[3, 3]",,down down right,down down right
797,True,True,True,3,3,"[2, 5]",,right down down,right down down
799,True,True,True,7,7,"[4, 5]",,right right right right down down down,right right right right down down down
800,True,True,True,3,3,"[4, 3]",,down left down,down left down
801,True,True,True,2,2,"[2, 1]",,left down,left down
802,True,True,True,5,5,"[3, 3]",,right right down down right,right right down down right
803,True,True,True,5,5,"[2, 2]",,left up left left down,left up left left down
805,True,True,True,5,5,"[5, 5]",,down down down down down,down down down down down
806,True,True,True,5,5,"[0, 2]",,up left up up up,up left up up up
808,True,True,True,5,5,"[0, 0]",,up up up left left,up up up left left
809,True,True,True,7,7,"[1, 2]",,up up up up left left left,up up up up left left left
810,True,True,True,5,5,"[0, 2]",,up up up up left,up up up up left
812,True,True,True,2,2,"[2, 3]",,left left,left left
813,True,True,True,3,3,"[2, 2]",,left left left,left left left
814,True,True,True,6,6,"[4, 4]",,left down down right down down,left down down right down down
815,True,True,True,4,4,"[1, 2]",,up up up right,up up up right
816,True,True,True,2,2,"[1, 3]",,right down,right down
817,True,True,True,6,6,"[4, 5]",,right down right right down down,right down right right down down
818,True,True,True,5,5,"[2, 4]",,up up right right right,up up right right right
820,True,True,True,2,2,"[0, 2]",,up up,up up
821,False,False,False,0,7,"[0, 4]",invalid_action,,Goal not reachable
822,True,True,True,3,3,"[4, 5]",,up right right,up right right
823,True,True,True,4,4,"[2, 2]",,down left left left,down left left left
824,True,True,True,5,5,"[0, 3]",,up up up up up,up up up up up
825,False,False,False,4,6,"[2, 4]",obstacle,up left up up,up left up up
826,False,False,False,0,7,"[1, 5]",invalid_action,,Goal not reachable
827,True,True,True,7,7,"[1, 1]",,up up left left up left left,up up left left up left left
828,True,True,True,7,7,"[1, 5]",,up up right right right right up,up up right right right right up
829,True,True,True,5,5,"[1, 1]",,up left up left left,up left up left left
830,True,True,True,3,3,"[0, 1]",,up up up,up up up
831,True,True,True,4,4,"[2, 5]",,right right right right,right right right right
832,True,True,True,1,1,"[3, 4]",,right,right
833,True,True,True,4,4,"[3, 0]",,right down down left,right down down left
834,True,True,True,6,6,"[3, 0]",,left left left left down left,left left left left down left
836,True,True,True,3,3,"[1, 1]",,up up up,up up up
837,True,True,True,5,5,"[0, 2]",,right up up up right,right up up up right
838,True,True,True,2,2,"[4, 1]",,left left,left left
840,True,True,True,2,2,"[0, 4]",,up right,up right
841,True,True,True,1,1,"[0, 2]",,up,up
842,True,True,True,4,4,"[0, 5]",,up right right right,up right right right
843,False,False,False,6,9,"[4, 3]",obstacle,left down left down down right,left down left down down right
844,True,True,True,2,2,"[1, 2]",,right right,right right
845,True,True,True,2,2,"[2, 3]",,up right,up right
846,False,False,False,6,6,"[2, 1]",obstacle,left left left down down left,left left left down down left
847,True,True,True,5,5,"[0, 5]",,right right right right right,right right right right right
848,True,True,True,2,2,"[1, 0]",,left down,left down
849,False,False,False,7,11,"[3, 0]",obstacle,up right right down right right right,up right right down right right right
850,True,True,True,5,5,"[3, 3]",,right right right down down,right right right down down
851,False,False,False,5,5,"[4, 1]",obstacle,right up up up left,right up up up left
852,False,False,False,4,8,"[3, 4]",obstacle,down down down right,down down down right
853,True,True,True,3,3,"[2, 5]",,right down down,right down down
854,False,False,False,0,11,"[4, 1]",invalid_action,,Goal not reachable
855,True,True,True,4,4,"[0, 2]",,up up left left,up up left left
856,True,True,True,2,2,"[3, 3]",,down down,down down
857,True,True,True,2,2,"[2, 1]",,down down,down down
858,True,True,True,9,9,"[0, 5]",,up up up up right right right right right,up up up up right right right right right
859,True,True,True,5,5,"[3, 3]",,left left down down down,left left down down down
860,True,True,True,2,2,"[4, 3]",,down down,down down
861,True,True,True,2,2,"[4, 3]",,left down,left down
862,True,True,True,2,2,"[1, 4]",,right right,right right
863,False,False,False,5,7,"[4, 1]",obstacle,right up up up right,right up up up right
864,True,True,True,5,5,"[0, 1]",,up up left left left,up up left left left
865,False,False,False,7,9,"[4, 1]",obstacle,right up up up up right right,right up up up up right right
866,True,True,True,1,1,"[5, 1]",,down,down
867,False,False,False,6,6,"[4, 3]",obstacle,down left down down right down,down left down down right down
868,True,True,True,5,5,"[3, 0]",,left left down down down,left left down down down
869,True,True,True,8,8,"[0, 5]",,up up up right right right right right,up up up right right right right right
870,False,False,False,0,9,"[0, 4]",invalid_action,,Goal not reachable
871,True,True,True,1,1,"[1, 2]",,left,left
872,False,False,False,6,8,"[2, 2]",obstacle,up left up left left left,up left up left left left
873,True,True,True,3,3,"[1, 4]",,up up left,up up left
874,True,True,True,1,1,"[5, 1]",,left,left
875,True,True,True,4,4,"[4, 4]",,right right down down,right right down down
876,True,True,True,5,5,"[5, 0]",,down left left left left,down left left left left
877,True,True,True,6,6,"[3, 0]",,left left left left up up,left left left left up up
878,True,True,True,3,3,"[3, 0]",,up left up,up left up
879,True,True,True,5,5,"[1, 5]",,up up up up right,up up up up right
880,False,False,False,6,8,"[3, 0]",obstacle,right right up up up left,right right up up up left
881,True,True,True,4,4,"[5, 4]",,right right right right,right right right right
882,True,True,True,7,7,"[1, 5]",,up up up up right right right,up up up up right right right
883,True,True,True,4,4,"[2, 0]",,up left up up,up left up up
884,True,True,True,6,6,"[5, 1]",,left left down down left down,left left down down left down
885,True,True,True,4,4,"[0, 3]",,up up up left,up up up left
886,True,True,True,2,2,"[4, 2]",,right right,right right
887,True,True,True,5,5,"[2, 4]",,right right right down down,right right right down down
888,True,True,True,5,5,"[5, 4]",,right right down down down,right right down down down
889,False,False,False,6,6,"[3, 2]",obstacle,left up up left left up,left up up left left up
890,True,True,True,7,7,"[4, 1]",,left left left down down down left,left left left down down down left
891,True,True,True,2,2,"[1, 5]",,right right,right right
892,True,True,True,5,5,"[5, 0]",,down down left left down,down down left left down
893,True,True,True,5,5,"[3, 5]",,right up right right right,right up right right right
894,True,True,True,2,2,"[5, 4]",,right right,right right
895,True,True,True,2,2,"[4, 1]",,down right,down right
896,True,True,True,4,4,"[0, 2]",,up up up up,up up up up
897,True,True,True,3,3,"[4, 1]",,down down right,down down right
898,True,True,True,6,6,"[4, 4]",,right right up right right down,right right up right right down
899,True,True,True,1,1,"[3, 3]",,down,down
900,True,True,True,3,3,"[4, 1]",,left left left,left left left
901,True,True,True,7,7,"[3, 0]",,up left up left left left left,up left up left left left left
902,True,True,True,4,4,"[2, 5]",,up up right right,up up right right
903,True,True,True,2,2,"[3, 4]",,up up,up up
904,True,True,True,2,2,"[2, 5]",,down down,down down
905,True,True,True,5,5,"[0, 3]",,up up up up up,up up up up up
906,True,True,True,5,5,"[4, 1]",,left left down left down,left left down left down
907,True,True,True,1,1,"[4, 1]",,down,down
908,True,True,True,6,6,"[5, 5]",,down down down down right down,down down down down right down
909,True,True,True,6,6,"[5, 3]",,left down down down down down,left down down down down down
910,True,True,True,4,4,"[0, 1]",,left left left left,left left left left
911,False,False,False,7,7,"[0, 2]",obstacle,left left down down down left left,left left down down down left left
912,True,True,True,6,6,"[5, 4]",,left down down down down down,left down down down down down
913,True,True,True,6,6,"[3, 3]",,right right right down down down,right right right down down down
914,True,True,True,4,4,"[2, 3]",,up right up right,up right up right
915,False,False,False,7,7,"[2, 0]",obstacle,up right up up right right right,up right up up right right right
916,True,True,True,1,1,"[2, 3]",,right,right
917,True,True,True,2,2,"[3, 1]",,left left,left left
918,True,True,True,4,4,"[0, 5]",,up up up right,up up up right
919,True,True,True,5,5,"[0, 4]",,left up up up up,left up up up up
920,True,True,True,5,5,"[1, 5]",,left up up up right,left up up up right
921,True,True,True,1,1,"[0, 1]",,up,up
922,True,True,True,3,3,"[2, 5]",,right right down,right right down
923,True,True,True,4,4,"[5, 3]",,left down down down,left down down down
924,True,True,True,1,1,"[5, 5]",,down,down
925,True,True,True,4,4,"[0, 2]",,up up up left,up up up left
926,True,True,True,6,6,"[2, 0]",,left left left left down down,left left left left down down
927,True,True,True,2,2,"[0, 1]",,up right,up right
928,True,True,True,1,1,"[1, 3]",,down,down
929,True,True,True,6,6,"[4, 3]",,left left down down down down,left left down down down down
930,True,True,True,9,9,"[0, 4]",,up up up up up right right right right,up up up up up right right right right
931,True,True,True,8,8,"[4, 4]",,right right down down down down right right,right right down down down down right right
932,False,False,False,6,8,"[4, 5]",out_of_bounds,right right up up up left,right right up up up left
933,True,True,True,2,2,"[1, 3]",,left down,left down
934,True,True,True,7,7,"[0, 5]",,up up right right right right right,up up right right right right right
935,True,True,True,1,1,"[3, 2]",,up,up
936,True,True,True,8,8,"[0, 1]",,up left left up up up up left,up left left up up up up left
937,True,True,True,7,7,"[5, 4]",,right down down down right right down,right down down down right right down
938,True,True,True,6,6,"[1, 0]",,up up up up left left,up up up up left left
939,True,True,True,1,1,"[5, 4]",,right,right
940,True,True,True,8,8,"[5, 1]",,left left down down down down left down,left left down down down down left down
941,True,True,True,4,4,"[1, 1]",,up up up left,up up up left
942,True,True,True,8,8,"[5, 0]",,left left left left down down down down,left left left left down down down down
943,False,False,False,6,8,"[4, 3]",obstacle,up left up up up right,up left up up up right
944,True,True,True,2,2,"[4, 4]",,up left,up left
945,True,True,True,4,4,"[4, 4]",,down down right right,down down right right
946,True,True,True,6,6,"[5, 2]",,left left down down down down,left left down down down down
947,True,True,True,3,3,"[0, 1]",,left left left,left left left
948,True,True,True,3,3,"[4, 4]",,up right right,up right right
949,True,True,True,2,2,"[1, 2]",,up up,up up
950,True,True,True,1,1,"[4, 2]",,right,right
951,False,False,False,8,6,"[2, 1]",obstacle,left left down left down down right right,left left down left down down right right
952,False,False,False,7,9,"[4, 5]",obstacle,up right right right right up up,up right right right right up up
953,True,True,True,4,4,"[4, 1]",,down down down right,down down down right
954,True,True,True,8,8,"[1, 5]",,up right up up up right right right,up right up up up right right right
955,True,True,True,5,5,"[0, 2]",,up up left left left,up up left left left
956,True,True,True,2,2,"[1, 3]",,left down,left down
957,True,True,True,2,2,"[1, 2]",,right down,right down
958,True,True,True,3,3,"[5, 1]",,down left down,down left down
959,True,True,True,5,5,"[2, 2]",,left left left down down,left left left down down
960,True,True,True,5,5,"[4, 4]",,down right right right down,down right right right down
961,False,False,False,7,7,"[0, 3]",obstacle,right down down left down down down,right down down left down down down
962,True,True,True,3,3,"[3, 4]",,up up right,up up right
963,True,True,True,5,5,"[0, 3]",,up up right up right,up up right up right
964,True,True,True,2,2,"[2, 3]",,down left,down left
965,True,True,True,5,5,"[0, 3]",,up right right up right,up right right up right
966,True,True,True,4,4,"[3, 1]",,down right down down,down right down down
967,True,True,True,1,1,"[2, 0]",,down,down
968,True,True,True,5,5,"[4, 1]",,down right down down down,down right down down down
969,True,True,True,1,1,"[1, 1]",,left,left
970,True,True,True,4,4,"[3, 1]",,left left left left,left left left left
971,True,True,True,2,2,"[4, 2]",,right down,right down
972,True,True,True,5,5,"[5, 5]",,down down right down down,down down right down down
973,True,True,True,1,1,"[2, 0]",,left,left
974,True,True,True,3,3,"[0, 4]",,up up up,up up up
975,True,True,True,1,1,"[1, 4]",,down,down
976,False,False,False,4,6,"[2, 3]",obstacle,right up up up,right up up up
977,True,True,True,2,2,"[3, 3]",,up right,up right
978,True,True,True,4,4,"[2, 1]",,left down left down,left down left down
979,True,True,True,7,7,"[2, 1]",,up up left left left left up,up up left left left left up
980,True,True,True,7,7,"[1, 1]",,up left left left left up up,up left left left left up up
981,True,True,True,7,7,"[0, 0]",,up up left up up left up,up up left up up left up
982,True,True,True,2,2,"[4, 3]",,left left,left left
983,True,True,True,3,3,"[5, 2]",,right down down,right down down
984,True,True,True,4,4,"[4, 3]",,down right right down,down right right down
985,True,True,True,6,6,"[0, 4]",,up up up right up up,up up up right up up
986,False,False,False,7,7,"[2, 3]",obstacle,up left left left left up up,up left left left left up up
987,True,True,True,4,4,"[0, 5]",,up up up right,up up up right
988,True,True,True,3,3,"[2, 4]",,up up up,up up up
989,True,True,True,4,4,"[1, 0]",,left up up left,left up up left
990,True,True,True,6,6,"[3, 4]",,right right right right down down,right right right right down down
991,False,False,False,3,13,"[4, 1]",obstacle,up left up,up left up
992,True,True,True,2,2,"[0, 0]",,left left,left left
993,True,True,True,1,1,"[5, 1]",,right,right
994,True,True,True,2,2,"[1, 3]",,left down,left down
995,True,True,True,6,6,"[4, 5]",,right right right down down down,right right right down down down
996,False,False,False,4,10,"[3, 0]",obstacle,down right right right,down right right right
997,True,True,True,4,4,"[2, 1]",,left left left down,left left left down
998,True,True,True,1,1,"[1, 5]",,right,right
999,True,True,True,4,4,"[3, 5]",,right down down down,right down down down
1000,True,True,True,2,2,"[0, 2]",,up right,up right
1001,True,True,True,3,3,"[1, 4]",,right right down,right right down
1002,True,True,True,4,4,"[0, 5]",,up up up right,up up up right
1003,True,True,True,7,7,"[4, 4]",,right right right right down down down,right right right right down down down
1004,False,False,False,7,7,"[4, 2]",obstacle,down left left up up left left,down left left up up left left
1005,True,True,True,4,4,"[0, 0]",,left left left left,left left left left
1006,False,False,False,6,8,"[2, 1]",obstacle,right down right down right right,right down right down right right
1007,True,True,True,6,6,"[5, 3]",,down down down down left down,down down down down left down
1008,True,True,True,5,5,"[2, 4]",,right right right down down,right right right down down
1009,True,True,True,4,4,"[1, 5]",,up up up up,up up up up
1010,True,True,True,3,3,"[1, 3]",,up left left,up left left
1011,True,True,True,3,3,"[0, 3]",,up up left,up up left
1012,True,True,True,6,6,"[2, 0]",,left left left left left down,left left left left left down
1013,True,True,True,1,1,"[5, 3]",,left,left
1014,True,True,True,3,3,"[1, 3]",,right right down,right right down
1015,True,True,True,8,8,"[3, 5]",,right right right right right down down down,right right right right right down down down
1016,True,True,True,3,3,"[2, 4]",,up up up,up up up
1017,True,True,True,7,7,"[5, 5]",,right right right down down down down,right right right down down down down
1018,True,True,True,6,6,"[3, 4]",,right right right down down down,right right right down down down
1019,True,True,True,4,4,"[5, 4]",,right right right down,right right right down
1020,True,True,True,5,5,"[4, 2]",,right right down down down,right right down down down
1021,True,True,True,3,3,"[1, 0]",,up left left,up left left
1022,True,True,True,6,6,"[0, 3]",,up up up left up up,up up up left up up
1023,True,True,True,1,1,"[0, 2]",,up,up
1024,True,True,True,3,3,"[2, 3]",,up right right,up right right
1025,True,True,True,5,5,"[5, 1]",,left down left left left,left down left left left
1026,True,True,True,4,4,"[0, 2]",,left up up left,left up up left
1027,True,True,True,2,2,"[2, 4]",,up left,up left
1028,True,True,True,1,1,"[1, 3]",,up,up
1029,True,True,True,3,3,"[2, 4]",,right right right,right right right
1030,True,True,True,6,6,"[5, 5]",,right right down right right right,right right down right right right
1031,True,True,True,4,4,"[2, 3]",,up up right right,up up right right
1032,True,True,True,5,5,"[5, 1]",,right down down down down,right down down down down
1033,True,True,True,8,8,"[5, 5]",,right right down right right down down down,right right down right right down down down
1034,False,False,False,0,7,"[3, 5]",invalid_action,,Goal not reachable
1035,True,True,True,3,3,"[3, 5]",,up up right,up up right
1036,True,True,True,4,4,"[5, 2]",,left down left left,left down left left
1037,True,True,True,5,5,"[5, 1]",,left left left down down,left left left down down
1038,True,True,True,7,7,"[3, 0]",,up up left left left left left,up up left left left left left
1039,True,True,True,3,3,"[0, 1]",,up left left,up left left
1040,True,True,True,3,3,"[2, 4]",,down down right,down down right
1041,True,True,True,6,6,"[2, 5]",,up up up right right right,up up up right right right
1042,True,True,True,7,7,"[0, 4]",,up up up up right right right,up up up up right right right
1043,True,True,True,4,4,"[3, 4]",,right right right right,right right right right
1044,True,True,True,8,8,"[5, 0]",,left left left left down left down down,left left left left down left down down
1045,True,True,True,4,4,"[2, 4]",,right up up up,right up up up
1046,True,True,True,2,2,"[3, 4]",,up left,up left
1047,True,True,True,4,4,"[5, 3]",,left down down right,left down down right
1048,True,True,True,7,7,"[5, 3]",,right right down down down down right,right right down down down down right
1049,True,True,True,3,3,"[5, 2]",,left down down,left down down
1050,True,True,True,3,3,"[0, 2]",,left left left,left left left
1051,True,True,True,4,4,"[4, 1]",,left left down down,left left down down
1052,True,True,True,6,6,"[4, 1]",,left left down left down down,left left down left down down
1053,True,True,True,1,1,"[3, 5]",,down,down
1054,True,True,True,1,1,"[4, 2]",,up,up
1055,True,True,True,4,4,"[1, 5]",,up up up up,up up up up
1056,True,True,True,3,3,"[0, 1]",,up left left,up left left
1057,True,True,True,4,4,"[4, 1]",,left left down down,left left down down
1058,False,False,False,5,5,"[2, 5]",obstacle,up left left left down,up left left left down
1059,True,True,True,4,4,"[5, 3]",,up left left down,up left left down
1060,True,True,True,3,3,"[0, 4]",,up right right,up right right
1061,True,True,True,2,2,"[1, 4]",,right right,right right
1062,True,True,True,5,5,"[3, 1]",,left down down left down,left down down left down
1063,False,False,False,7,7,"[1, 2]",obstacle,up up left left left left down,up up left left left left down
1064,True,True,True,2,2,"[4, 4]",,up left,up left
1065,True,True,True,7,7,"[3, 0]",,left left left down left left down,left left left down left left down
1066,True,True,True,7,7,"[3, 5]",,right right down down right right up,right right down down right right up
1067,True,True,True,2,2,"[0, 2]",,up up,up up
1068,False,False,False,5,7,"[2, 3]",obstacle,right right up right right,right right up right right
1069,True,True,True,5,5,"[3, 5]",,right right right right up,right right right right up
1070,True,True,True,8,8,"[0, 5]",,up right right up up right right right,up right right up up right right right
1071,True,True,True,7,7,"[5, 2]",,left left down down down down down,left left down down down down down
1072,True,True,True,1,1,"[2, 5]",,up,up
1073,True,True,True,5,5,"[5, 3]",,left down down down down,left down down down down
1074,True,True,True,3,3,"[3, 1]",,up up left,up up left
1075,True,True,True,2,2,"[2, 0]",,down down,down down
1076,True,True,True,2,2,"[1, 2]",,right down,right down
1077,True,True,True,1,1,"[0, 4]",,left,left
1078,True,True,True,1,1,"[0, 4]",,up,up
1079,True,True,True,4,4,"[1, 2]",,up left left left,up left left left
1080,True,True,True,4,4,"[4, 3]",,down right down down,down right down down
1081,True,True,True,5,5,"[4, 3]",,down down right down down,down down right down down
1082,True,True,True,1,1,"[3, 1]",,down,down
1083,True,True,True,5,5,"[1, 4]",,up up up right up,up up up right up
1084,True,True,True,4,4,"[3, 0]",,left left down down,left left down down
1085,True,True,True,6,6,"[4, 3]",,right right down right down down,right right down right down down
1086,True,True,True,1,1,"[2, 3]",,left,left
1087,True,True,True,4,4,"[4, 3]",,right right right down,right right right down
1088,True,True,True,3,3,"[3, 2]",,up right right,up right right
1089,True,True,True,7,7,"[0, 3]",,up up up up right right right,up up up up right right right
1090,True,True,True,2,2,"[4, 0]",,left down,left down
1091,True,True,True,6,6,"[0, 3]",,up up up right right right,up up up right right right
1092,True,True,True,3,3,"[3, 5]",,up right right,up right right
1093,True,True,True,5,5,"[1, 2]",,up up up left up,up up up left up
1094,True,True,True,1,1,"[5, 5]",,down,down
1095,True,True,True,5,5,"[0, 2]",,left left left up up,left left left up up
1096,True,True,True,5,5,"[2, 4]",,right down down right right,right down down right right
1097,True,True,True,3,3,"[3, 4]",,up up left,up up left
1098,True,True,True,1,1,"[5, 3]",,down,down
1099,True,True,True,2,2,"[3, 2]",,right right,right right
1100,True,True,True,4,4,"[0, 0]",,up up up up,up up up up
1101,True,True,True,4,4,"[3, 0]",,left down down down,left down down down
1102,False,False,False,5,7,"[4, 1]",obstacle,down down down down right,down down down down right
1103,True,True,True,1,1,"[5, 4]",,left,left
1104,False,False,False,0,6,"[1, 5]",invalid_action,,Goal not reachable
1105,True,True,True,5,5,"[4, 0]",,left left down down down,left left down down down
1106,True,True,True,5,5,"[3, 0]",,left left down down down,left left down down down
1107,True,True,True,2,2,"[1, 5]",,up up,up up
1108,True,True,True,7,7,"[1, 5]",,up up right right right up right,up up right right right up right
1109,True,True,True,1,1,"[3, 0]",,left,left
1110,True,True,True,3,3,"[1, 4]",,down right right,down right right
1111,True,True,True,1,1,"[4, 4]",,down,down
1112,True,True,True,1,1,"[2, 3]",,right,right
1113,True,True,True,5,5,"[2, 5]",,up left up up right,up left up up right
1114,True,True,True,2,2,"[0, 1]",,up up,up up
1115,True,True,True,1,1,"[3, 2]",,left,left
1116,True,True,True,2,2,"[5, 1]",,left down,left down
1117,True,True,True,2,2,"[3, 2]",,up left,up left
1118,True,True,True,3,3,"[5, 3]",,right down down,right down down
1119,True,True,True,5,5,"[1, 1]",,up left left left left,up left left left left
1120,True,True,True,3,3,"[2, 3]",,down right down,down right down
1121,True,True,True,7,7,"[1, 4]",,up up up right right right right,up up up right right right right
1122,True,True,True,1,1,"[2, 2]",,left,left
1123,True,True,True,1,1,"[4, 4]",,down,down
1124,True,True,True,5,5,"[2, 0]",,up left left left left,up left left left left
1125,True,True,True,3,3,"[0, 2]",,right up right,right up right
1126,True,True,True,3,3,"[3, 2]",,up up left,up up left
1127,True,True,True,5,5,"[2, 1]",,up up left left left,up up left left left
1128,True,True,True,2,2,"[5, 1]",,right down,right down
1129,True,True,True,2,2,"[1, 0]",,left left,left left
1130,True,True,True,5,5,"[3, 1]",,left up left left left,left up left left left
1131,True,True,True,5,5,"[4, 5]",,right right right right right,right right right right right
1132,True,True,True,7,7,"[5, 5]",,right right down down down right down,right right down down down right down
1133,True,True,True,5,5,"[4, 1]",,up left left left left,up left left left left
1134,True,True,True,3,3,"[4, 5]",,right right right,right right right
1135,True,True,True,5,5,"[1, 0]",,up left left left left,up left left left left
1136,True,True,True,2,2,"[3, 4]",,left up,left up
1137,True,True,True,5,5,"[1, 2]",,up up up right right,up up up right right
1138,True,True,True,3,3,"[1, 1]",,left left left,left left left
1139,True,True,True,6,6,"[1, 3]",,up left up up up left,up left up up up left
1140,True,True,True,1,1,"[5, 3]",,down,down
1141,True,True,True,1,1,"[1, 4]",,down,down
1142,True,True,True,3,3,"[2, 4]",,up up right,up up right
1143,True,True,True,3,3,"[2, 4]",,right up right,right up right
1144,True,True,True,6,6,"[1, 2]",,up right up up up right,up right up up up right
1145,True,True,True,1,1,"[2, 4]",,down,down
1146,False,False,False,6,6,"[5, 2]",obstacle,right right up up right up,right right up up right up
1147,True,True,True,2,2,"[2, 3]",,up up,up up
1148,True,True,True,3,3,"[2, 3]",,right down down,right down down
1149,True,True,True,4,4,"[4, 0]",,left left up left,left left up left
1150,True,True,True,7,7,"[5, 0]",,left down down down down left down,left down down down down left down
1151,True,True,True,8,8,"[0, 2]",,left left up up up up up left,left left up up up up up left
1152,False,False,False,10,10,"[5, 2]",obstacle,left left left up up up up up left left,left left left up up up up up left left
1153,True,True,True,4,4,"[4, 1]",,down down down down,down down down down
1154,True,True,True,5,5,"[0, 5]",,up right right right right,up right right right right
1155,True,True,True,7,7,"[5, 0]",,left down left left down left down,left down left left down left down
1156,True,True,True,6,6,"[4, 0]",,left down left left down left,left down left left down left
1157,True,True,True,3,3,"[4, 4]",,right down right,right down right
1158,True,True,True,3,3,"[3, 2]",,right down right,right down right
1160,True,True,True,4,4,"[5, 3]",,left down down down,left down down down
1161,True,True,True,6,6,"[0, 5]",,up right right right right right,up right right right right right
1162,True,True,True,1,1,"[1, 2]",,left,left
1163,True,True,True,2,2,"[1, 2]",,left down,left down
1164,True,True,True,1,1,"[3, 3]",,down,down
1165,True,True,True,6,6,"[4, 3]",,right right down down down down,right right down down down down
1166,True,True,True,1,1,"[5, 2]",,left,left
1167,True,True,True,6,6,"[4, 4]",,right up right right down right,right up right right down right
1168,True,True,True,4,4,"[2, 1]",,left up up up,left up up up
1169,False,False,False,5,5,"[3, 1]",obstacle,up left left left down,up left left left down
1170,True,True,True,5,5,"[3, 0]",,down left left down down,down left left down down
1171,True,True,True,3,3,"[2, 4]",,left down down,left down down
1172,True,True,True,5,5,"[2, 1]",,left left left left down,left left left left down
1173,True,True,True,3,3,"[4, 5]",,down down right,down down right
1174,True,True,True,3,3,"[5, 4]",,right right right,right right right
1175,True,True,True,2,2,"[1, 5]",,right right,right right
1176,True,True,True,5,5,"[1, 5]",,up right right right right,up right right right right
1177,False,False,False,6,6,"[3, 2]",obstacle,down left down down right down,down left down down right down
1178,True,True,True,4,4,"[2, 0]",,down left left down,down left left down
1179,True,True,True,4,4,"[5, 2]",,down down down down,down down down down
1180,True,True,True,2,2,"[0, 3]",,up up,up up
1181,True,True,True,4,4,"[4, 5]",,up right right right,up right right right
1182,True,True,True,4,4,"[5, 5]",,down down right down,down down right down
1183,True,True,True,3,3,"[1, 3]",,up right right,up right right
1184,True,True,True,5,5,"[5, 4]",,right right right right down,right right right right down
1185,True,True,True,4,4,"[4, 3]",,down down down right,down down down right
1186,True,True,True,2,2,"[4, 3]",,up left,up left
1187,True,True,True,4,4,"[3, 2]",,left down down down,left down down down
1188,True,True,True,1,1,"[1, 4]",,right,right
1189,True,True,True,4,4,"[1, 3]",,up up up right,up up up right
1190,True,True,True,3,3,"[1, 3]",,up right right,up right right
1191,True,True,True,2,2,"[1, 3]",,left down,left down
1192,True,True,True,6,6,"[2, 1]",,left left left down left down,left left left down left down
1193,True,True,True,4,4,"[4, 2]",,left left down down,left left down down
1194,True,True,True,1,1,"[1, 5]",,down,down
1195,True,True,True,7,7,"[4, 5]",,right right right down down down right,right right right down down down right
1196,True,True,True,6,6,"[5, 2]",,left down down down down down,left down down down down down
1197,True,True,True,3,3,"[2, 5]",,up up right,up up right
1198,True,True,True,2,2,"[4, 2]",,right right,right right
1199,True,True,True,6,6,"[5, 1]",,down right down down left down,down right down down left down
1200,True,True,True,6,6,"[1, 1]",,up left up up up right,up left up up up right
1201,False,False,False,10,10,"[1, 2]",obstacle,down right right down right right right down down down,down right right down right right right down down down
1202,False,False,False,9,9,"[3, 2]",obstacle,up up left left left left up up left,up up left left left left up up left
1203,True,True,True,3,3,"[5, 0]",,left left down,left left down
1204,True,True,True,4,4,"[5, 2]",,left left left down,left left left down
1205,False,False,False,4,6,"[3, 2]",obstacle,left up left left,left up left left
1206,True,True,True,2,2,"[0, 3]",,left left,left left
1207,True,True,True,1,1,"[5, 1]",,left,left
1208,True,True,True,5,5,"[2, 0]",,down left left up up,down left left up up
1209,True,True,True,7,7,"[5, 4]",,down down right right right right down,down down right right right right down
1210,False,False,False,6,6,"[3, 2]",obstacle,up left left left left up,up left left left left up
1211,False,False,False,8,8,"[1, 2]",obstacle,right right down down right right down down,right right down down right right down down
1212,True,True,True,4,4,"[3, 2]",,up up left left,up up left left
1213,True,True,True,1,1,"[3, 3]",,left,left
1214,False,False,False,7,9,"[2, 3]",obstacle,up up up left up up right,up up up left up up right
1215,True,True,True,4,4,"[4, 2]",,down down right right,down down right right
1216,True,True,True,3,3,"[2, 1]",,down right down,down right down
1217,True,True,True,3,3,"[5, 1]",,left left down,left left down
1218,False,False,False,8,10,"[2, 3]",obstacle,down down left left up left left left,down down left left up left left left
1219,True,True,True,1,1,"[2, 0]",,up,up
1220,True,True,True,6,6,"[5, 1]",,left left left down left down,left left left down left down
1221,False,False,False,7,9,"[0, 3]",obstacle,left down down right down down down,left down down right down down down
1222,False,False,False,9,9,"[2, 1]",obstacle,up up right right right right up up right,up up right right right right up up right
1223,False,False,False,4,6,"[2, 1]",obstacle,right down right right,right down right right
1224,True,True,True,5,5,"[3, 0]",,up left left left up,up left left left up
1225,False,False,False,6,12,"[0, 3]",obstacle,up left left left left down,up left left left left down
1226,True,True,True,7,7,"[1, 5]",,right right right right up up up,right right right right up up up
1227,False,False,False,7,11,"[1, 2]",obstacle,right right up right right right down,right right up right right right down
1228,True,True,True,2,2,"[4, 3]",,up right,up right
1229,False,False,False,6,6,"[2, 1]",obstacle,right down right right down down,right down right right down down
1230,True,True,True,4,4,"[2, 5]",,up right right right,up right right right
1231,False,False,False,7,7,"[3, 4]",obstacle,down left down down right down down,down left down down right down down
1232,False,False,False,0,8,"[4, 0]",invalid_action,,Goal not reachable
1233,True,True,True,1,1,"[4, 3]",,up,up
1234,True,True,True,1,1,"[5, 3]",,down,down
1235,True,True,True,2,2,"[3, 3]",,right down,right down
1236,True,True,True,1,1,"[2, 3]",,up,up
1237,True,True,True,4,4,"[4, 2]",,up left left left,up left left left
1238,True,True,True,4,4,"[5, 1]",,left left down left,left left down left
1239,True,True,True,4,4,"[3, 1]",,up left left left,up left left left
1240,True,True,True,2,2,"[3, 3]",,right right,right right
1241,True,True,True,1,1,"[3, 2]",,right,right
1242,True,True,True,3,3,"[1, 3]",,up up up,up up up
1243,True,True,True,3,3,"[3, 2]",,up up left,up up left
1244,True,True,True,3,3,"[0, 3]",,up left up,up left up
1245,False,False,False,7,9,"[5, 1]",obstacle,right up up up left up up,right up up up left up up
1246,False,False,False,6,6,"[3, 4]",obstacle,left down down right down down,left down down right down down
1247,False,False,False,3,7,"[2, 0]",obstacle,left down down,left down down
1248,True,True,True,4,4,"[3, 2]",,down right right down,down right right down
1249,True,True,True,3,3,"[5, 1]",,left left left,left left left
1250,True,True,True,2,2,"[3, 1]",,up left,up left
1251,False,False,False,3,5,"[3, 1]",obstacle,left down down,left down down
1252,True,True,True,5,5,"[1, 4]",,right right up right right,right right up right right
1253,True,True,True,3,3,"[3, 2]",,left down down,left down down
1254,True,True,True,4,4,"[4, 3]",,right right down down,right right down down
1255,True,True,True,6,6,"[5, 2]",,left left down down down down,left left down down down down
1256,True,True,True,2,2,"[3, 4]",,up right,up right
1257,False,False,False,3,7,"[2, 0]",obstacle,left down down,left down down
1258,True,True,True,4,4,"[5, 5]",,right down right down,right down right down
1259,True,True,True,4,4,"[2, 5]",,up up right right,up up right right
1260,True,True,True,9,9,"[4, 0]",,down left left left left left down down down,down left left left left left down down down
1261,True,True,True,7,7,"[5, 3]",,right down down down down right right,right down down down down right right
1262,True,True,True,7,7,"[3, 5]",,right right right right up up right,right right right right up up right
1263,True,True,True,6,6,"[0, 3]",,up up up up right right,up up up up right right
1264,True,True,True,9,9,"[4, 5]",,right right right down right right down down down,right right right down right right down down down
1265,False,False,False,6,6,"[3, 4]",obstacle,up left left up up right,up left left up up right
1266,True,True,True,5,5,"[1, 3]",,up up up left left,up up up left left
1267,True,True,True,3,3,"[0, 2]",,up up up,up up up
1268,True,True,True,2,2,"[2, 5]",,up up,up up
1269,True,True,True,8,8,"[2, 5]",,right right right right right up up up,right right right right right up up up
1270,True,True,True,1,1,"[1, 1]",,right,right
1271,True,True,True,3,3,"[2, 5]",,up up up,up up up
1272,True,True,True,2,2,"[0, 0]",,up left,up left
1273,True,True,True,4,4,"[1, 1]",,up up up right,up up up right
1274,True,True,True,6,6,"[3, 1]",,left left left left up up,left left left left up up
1275,False,False,False,8,8,"[3, 4]",obstacle,right right up up up up right up,right right up up up up right up
1276,True,True,True,5,5,"[3, 5]",,down right right down down,down right right down down
1277,True,True,True,3,3,"[1, 5]",,up up up,up up up
1278,True,True,True,4,4,"[5, 2]",,left down left left,left down left left
1279,True,True,True,4,4,"[3, 1]",,right down down down,right down down down
1280,True,True,True,7,7,"[0, 1]",,left left up up up up up,left left up up up up up
1281,True,True,True,2,2,"[5, 2]",,down right,down right
1282,False,False,False,7,9,"[3, 2]",obstacle,right right down down down right right,right right down down down right right
1283,True,True,True,1,1,"[2, 0]",,down,down
1284,True,True,True,5,5,"[5, 5]",,right right right right right,right right right right right
1285,False,False,False,7,7,"[4, 4]",obstacle,down down left left up left left,down down left left up left left
1286,True,True,True,5,5,"[0, 5]",,up right right right up,up right right right up
1287,True,True,True,5,5,"[4, 1]",,left down down down down,left down down down down
1288,True,True,True,2,2,"[2, 5]",,right up,right up
1289,True,True,True,7,7,"[5, 0]",,left down down left left left left,left down down left left left left
1290,False,False,False,7,9,"[4, 0]",obstacle,right up up up up right right,right up up up up right right
1291,True,True,True,4,4,"[2, 4]",,right right down down,right right down down
1292,True,True,True,6,6,"[4, 2]",,right right down down down down,right right down down down down
1293,True,True,True,5,5,"[1, 1]",,up up up up left,up up up up left
1294,True,True,True,5,5,"[4, 5]",,right down down down down,right down down down down
1295,True,True,True,5,5,"[0, 0]",,up left left left left,up left left left left
1296,True,True,True,5,5,"[3, 2]",,left left left down down,left left left down down
1297,True,True,True,1,1,"[5, 5]",,down,down
1298,True,True,True,3,3,"[3, 2]",,left down down,left down down
1299,True,True,True,3,3,"[1, 0]",,up left left,up left left
1300,True,True,True,1,1,"[1, 0]",,down,down
1301,True,True,True,2,2,"[0, 2]",,up right,up right
1302,False,False,False,3,5,"[5, 3]",obstacle,right up right,right up right
1303,True,True,True,6,6,"[4, 2]",,up left up left left down,up left up left left down
1304,True,True,True,4,4,"[2, 4]",,up up up left,up up up left
1305,True,True,True,4,4,"[4, 5]",,right down down down,right down down down
1306,True,True,True,4,4,"[3, 1]",,right down down down,right down down down
1307,False,False,False,7,9,"[3, 1]",obstacle,right down down down left down down,right down down down left down down
1308,False,False,False,6,8,"[4, 0]",obstacle,up right right right down right,up right right right down right
1309,True,True,True,3,3,"[2, 4]",,up up left,up up left
1310,True,True,True,2,2,"[5, 5]",,right down,right down
1311,True,True,True,3,3,"[2, 2]",,left left up,left left up
1312,True,True,True,1,1,"[0, 0]",,up,up
1313,True,True,True,2,2,"[3, 3]",,up left,up left
1314,True,True,True,6,6,"[1, 1]",,up up left left left left,up up left left left left
1315,True,True,True,5,5,"[1, 5]",,up up right right right,up up right right right
1316,True,True,True,4,4,"[2, 2]",,left left left up,left left left up
1317,True,True,True,1,1,"[5, 5]",,down,down
1318,True,True,True,5,5,"[0, 1]",,left up up up left,left up up up left
1319,True,True,True,6,6,"[4, 5]",,right down right right right down,right down right right right down
1320,True,True,True,1,1,"[3, 4]",,down,down
1321,False,False,False,0,13,"[5, 1]",invalid_action,,Goal not reachable
1322,True,True,True,2,2,"[3, 0]",,down down,down down
1323,True,True,True,4,4,"[0, 1]",,left up left left,left up left left
1324,True,True,True,6,6,"[3, 5]",,right right right right down down,right right right right down down
1325,True,True,True,5,5,"[3, 4]",,right down right down down,right down right down down
1326,True,True,True,1,1,"[1, 1]",,right,right
1327,True,True,True,5,5,"[1, 1]",,down left left left left,down left left left left
1328,False,False,False,4,10,"[5, 1]",obstacle,right up right right,right up right right
1329,True,True,True,3,3,"[0, 2]",,up up up,up up up
1330,True,True,True,10,10,"[0, 0]",,up up up up left left up left left left,up up up up left left up left left left
1331,True,True,True,6,6,"[3, 0]",,left left left down down down,left left left down down down
1332,True,True,True,2,2,"[4, 2]",,left down,left down
1333,False,False,False,0,14,"[5, 1]",invalid_action,,Goal not reachable
1334,True,True,True,5,5,"[3, 2]",,left left left down down,left left left down down
1335,True,True,True,2,2,"[1, 1]",,up left,up left
1336,True,True,True,7,7,"[5, 3]",,down left down down left down down,down left down down left down down
1337,False,False,False,6,8,"[5, 1]",obstacle,right right up up up left,right right up up up left
1338,True,True,True,7,7,"[3, 4]",,right right right down right down down,right right right down right down down
1339,True,True,True,5,5,"[4, 3]",,right down down right down,right down down right down
1340,True,True,True,4,4,"[4, 0]",,left down down down,left down down down
1341,True,True,True,3,3,"[5, 5]",,down down down,down down down
1342,False,True,False,6,5,"[3, 2]",,up up right right down down,up up right right down down
1343,False,False,False,7,9,"[1, 3]",obstacle,left down down down down left left,left down down down down left left
1344,True,True,True,7,7,"[0, 5]",,up right right right right right up,up right right right right right up
1345,False,False,False,4,10,"[5, 1]",obstacle,right up right right,right up right right
1346,True,True,True,4,4,"[1, 4]",,up up up up,up up up up
1347,False,False,False,6,12,"[4, 2]",obstacle,left up left left left down,left up left left left down
1348,True,True,True,5,5,"[1, 0]",,up left left left left,up left left left left
1349,True,True,True,7,7,"[4, 5]",,right down right right down down down,right down right right down down down
1350,True,True,True,3,3,"[3, 0]",,left left left,left left left
1351,True,True,True,2,2,"[0, 2]",,left left,left left
1352,True,True,True,4,4,"[4, 2]",,right right down down,right right down down
1353,True,True,True,4,4,"[4, 3]",,left left down down,left left down down
1354,True,True,True,4,4,"[3, 2]",,left up left left,left up left left
1355,True,True,True,7,7,"[4, 1]",,left down left left left down down,left down left left left down down
1356,True,True,True,10,10,"[5, 0]",,left down down down left left left left down down,left down down down left left left left down down
1357,True,True,True,2,2,"[4, 2]",,left left,left left
1358,True,True,True,2,2,"[0, 0]",,up left,up left
1359,True,True,True,3,3,"[3, 1]",,up left left,up left left
1360,True,True,True,6,6,"[5, 3]",,left down left down down down,left down left down down down
1361,True,True,True,7,7,"[0, 0]",,up left left left up up left,up left left left up up left
1362,True,True,True,1,1,"[2, 1]",,up,up
1363,True,True,True,8,8,"[1, 4]",,up up up right right right right up,up up up right right right right up
1364,True,True,True,5,5,"[0, 2]",,left left up up right,left left up up right
1365,True,True,True,3,3,"[3, 4]",,left down down,left down down
1366,True,True,True,3,3,"[4, 3]",,right right down,right right down
1367,True,True,True,6,6,"[0, 2]",,up up right up up right,up up right up up right
1368,True,True,True,5,5,"[5, 5]",,right right down right down,right right down right down
1369,True,True,True,6,6,"[0, 1]",,up up left left up up,up up left left up up
1370,True,True,True,2,2,"[1, 1]",,up up,up up
1371,True,True,True,8,8,"[0, 2]",,up up up left left up up right,up up up left left up up right
1372,True,True,True,4,4,"[4, 5]",,right down down right,right down down right
1373,True,True,True,6,6,"[1, 1]",,up up up left left up,up up up left left up
1374,True,True,True,1,1,"[2, 0]",,left,left
1375,True,True,True,5,5,"[5, 0]",,up left left left down,up left left left down
1376,True,True,True,8,8,"[2, 5]",,up up up right right right right right,up up up right right right right right
1377,True,True,True,1,1,"[3, 3]",,up,up
1378,True,True,True,1,1,"[0, 2]",,right,right
1379,True,True,True,2,2,"[0, 5]",,up up,up up
1380,True,True,True,5,5,"[3, 4]",,right down down down right,right down down down right
1381,True,True,True,6,6,"[5, 2]",,left down down down down down,left down down down down down
1382,True,True,True,3,3,"[1, 1]",,up left left,up left left
1383,True,True,True,5,5,"[0, 2]",,up up up up right,up up up up right
1384,True,True,True,3,3,"[3, 1]",,left left left,left left left
1385,True,True,True,5,5,"[1, 1]",,up up up left left,up up up left left
1386,True,True,True,3,3,"[1, 5]",,right up up,right up up
1387,True,True,True,6,6,"[5, 1]",,left down down down down down,left down down down down down
1388,True,True,True,9,9,"[0, 1]",,up up up up left left up left left,up up up up left left up left left
1389,True,True,True,4,4,"[2, 0]",,up up up left,up up up left
1390,True,True,True,5,5,"[3, 0]",,left left left left left,left left left left left
1391,False,False,False,10,10,"[2, 5]",obstacle,up up up left left up left left left up,up up up left left up left left left up
1392,True,True,True,5,5,"[4, 2]",,left left down down down,left left down down down
1393,True,True,True,4,4,"[3, 4]",,right right down right,right right down right
1394,True,True,True,3,3,"[2, 2]",,up up up,up up up
1395,True,True,True,3,3,"[1, 5]",,down right right,down right right
1396,True,True,True,5,5,"[1, 5]",,up right right right right,up right right right right
1397,True,True,True,4,4,"[0, 3]",,up up right right,up up right right
1398,True,True,True,5,5,"[1, 3]",,up up up left left,up up up left left
1399,True,True,True,2,2,"[1, 4]",,up right,up right
1400,True,True,True,2,2,"[1, 1]",,up left,up left
1401,True,True,True,5,5,"[5, 1]",,down down down down down,down down down down down
1402,True,True,True,2,2,"[4, 0]",,left left,left left
1403,True,True,True,7,7,"[4, 3]",,right right right down down down down,right right right down down down down
1404,True,True,True,1,1,"[5, 2]",,down,down
1405,True,True,True,3,3,"[2, 5]",,right right down,right right down
1406,True,True,True,6,6,"[4, 5]",,right right right right right down,right right right right right down
1407,True,True,True,2,2,"[2, 5]",,right down,right down
1408,True,True,True,6,6,"[1, 1]",,up up left left left left,up up left left left left
1409,True,True,True,1,1,"[2, 1]",,right,right
1410,False,False,False,5,7,"[3, 4]",obstacle,up right right up up,up right right up up
1411,True,True,True,5,5,"[0, 5]",,up up up up up,up up up up up
1412,False,False,False,6,6,"[2, 1]",obstacle,left left down down right down,left left down down right down
1413,True,True,True,4,4,"[3, 3]",,right up up right,right up up right
1414,False,False,False,7,6,"[1, 3]",obstacle,up right right down right right up,up right right down right right up
1415,True,True,True,8,8,"[5, 2]",,down down down left left left down down,down down down left left left down down
1416,True,True,True,3,3,"[5, 4]",,right down down,right down down
1417,True,True,True,5,5,"[0, 1]",,left left up left left,left left up left left
1418,True,True,True,1,1,"[3, 0]",,up,up
1419,True,True,True,9,9,"[4, 5]",,right right down right right right down down down,right right down right right right down down down
1420,True,True,True,4,4,"[0, 0]",,up left left left,up left left left
1421,True,True,True,5,5,"[0, 5]",,up up up up up,up up up up up
1422,True,True,True,5,5,"[3, 0]",,up left left left left,up left left left left
1423,True,True,True,5,5,"[5, 0]",,left left left left left,left left left left left
1424,True,True,True,3,3,"[0, 2]",,up up right,up up right
1425,True,True,True,2,2,"[5, 5]",,right down,right down
1426,False,False,False,7,7,"[3, 2]",obstacle,up up left left up up right,up up left left up up right
1427,True,True,True,3,3,"[3, 1]",,up up right,up up right
1428,False,False,False,9,7,"[0, 0]",obstacle,up left left up left left left down down,up left left up left left left down down
1429,False,False,False,6,6,"[1, 3]",obstacle,left down down right down down,left down down right down down
1430,True,True,True,3,3,"[3, 5]",,right down down,right down down
1431,True,True,True,7,7,"[2, 5]",,right up right right right right down,right up right right right right down
1432,True,True,True,3,3,"[1, 5]",,right up up,right up up
1433,True,True,True,6,6,"[2, 1]",,up up left left left up,up up left left left up
1434,False,False,False,5,5,"[1, 3]",obstacle,left left down down left,left left down down left
1435,True,True,True,4,4,"[0, 3]",,up up right right,up up right right
1436,True,True,True,4,4,"[0, 2]",,left left up left,left left up left
1437,True,True,True,2,2,"[3, 4]",,right right,right right
1438,True,True,True,3,3,"[1, 2]",,right up right,right up right
1439,True,True,True,3,3,"[0, 3]",,left left up,left left up
1440,False,False,False,6,6,"[4, 2]",obstacle,up left left left left up,up left left left left up
1441,True,True,True,5,5,"[3, 1]",,up left left left down,up left left left down
1442,True,True,True,4,4,"[5, 2]",,right right down down,right right down down
1443,True,True,True,4,4,"[1, 1]",,left left left down,left left left down
1444,True,True,True,4,4,"[3, 2]",,right down down down,right down down down
1445,True,True,True,5,5,"[0, 2]",,up up left left left,up up left left left
1446,True,True,True,1,1,"[0, 4]",,right,right
1447,True,True,True,3,3,"[2, 4]",,right up up,right up up
1448,True,True,True,1,1,"[3, 5]",,right,right
1449,True,True,True,7,7,"[3, 0]",,down left left left left down left,down left left left left down left
1450,True,True,True,6,6,"[4, 4]",,right right down right down down,right right down right down down
1451,False,False,False,7,7,"[2, 1]",obstacle,down down left down down right down,down down left down down right down
1452,True,True,True,2,2,"[5, 1]",,down left,down left
1453,True,True,True,3,3,"[2, 4]",,up up left,up up left
1454,True,True,True,3,3,"[5, 2]",,left left left,left left left
1455,True,True,True,6,6,"[1, 5]",,up right up up right up,up right up up right up
1456,True,True,True,5,5,"[5, 1]",,left down down down left,left down down down left
1457,True,True,True,2,2,"[1, 3]",,left up,left up
1458,True,True,True,1,1,"[5, 4]",,left,left
1459,True,True,True,1,1,"[0, 1]",,right,right
1460,True,True,True,4,4,"[1, 3]",,up left left down,up left left down
1461,True,True,True,5,5,"[3, 1]",,up left left up left,up left left up left
1462,True,True,True,1,1,"[0, 3]",,up,up
1463,True,True,True,4,4,"[3, 1]",,up left up left,up left up left
1464,True,True,True,2,2,"[1, 1]",,right down,right down
1465,True,True,True,6,6,"[0, 4]",,up up up right right right,up up up right right right
1466,True,True,True,3,3,"[4, 3]",,left down left,left down left
1467,True,True,True,4,4,"[3, 0]",,left up left left,left up left left
1468,True,True,True,6,6,"[0, 4]",,up up up up up left,up up up up up left
1469,True,True,True,4,4,"[1, 5]",,up right right down,up right right down
1470,True,True,True,5,5,"[4, 0]",,left down left down down,left down left down down
1471,True,True,True,2,2,"[1, 1]",,right down,right down
1472,True,True,True,2,2,"[4, 5]",,up right,up right
1473,True,True,True,5,5,"[1, 5]",,down right right right right,down right right right right
1474,True,True,True,1,1,"[5, 3]",,down,down
1475,True,True,True,1,1,"[4, 1]",,left,left
1476,False,False,False,4,4,"[3, 1]",obstacle,right right down right,right right down right
1477,True,True,True,4,4,"[2, 0]",,left left down left,left left down left
1478,True,True,True,3,3,"[5, 3]",,down left down,down left down
1479,True,True,True,3,3,"[1, 1]",,left left left,left left left
1480,True,True,True,4,4,"[3, 4]",,right right right up,right right right up
1481,True,True,True,2,2,"[5, 2]",,right down,right down
1482,True,True,True,6,6,"[4, 2]",,left down left down down right,left down left down down right
1483,True,True,True,1,1,"[5, 3]",,down,down
1484,True,True,True,4,4,"[5, 0]",,left left left down,left left left down
1485,True,True,True,4,4,"[3, 1]",,left left left down,left left left down
1486,True,True,True,2,2,"[1, 5]",,right down,right down
1487,True,True,True,6,6,"[3, 4]",,down right right right down down,down right right right down down
1488,True,True,True,3,3,"[4, 5]",,up right right,up right right
1489,True,True,True,6,6,"[2, 1]",,up up up left left left,up up up left left left
1490,True,True,True,5,5,"[0, 4]",,up left up up up,up left up up up
1491,True,True,True,6,6,"[3, 0]",,up left left left up left,up left left left up left
1492,True,True,True,6,6,"[0, 0]",,up up up up up left,up up up up up left
1493,True,True,True,1,1,"[1, 2]",,left,left
1494,True,True,True,3,3,"[4, 1]",,up left left,up left left
1495,True,True,True,6,6,"[4, 5]",,right down right right right right,right down right right right right
1496,True,True,True,4,4,"[5, 0]",,left down down down,left down down down
1497,True,True,True,3,3,"[2, 0]",,up up left,up up left
1498,True,True,True,7,7,"[2, 0]",,left left down left left down left,left left down left left down left
1499,True,True,True,1,1,"[0, 5]",,right,right
1500,True,True,True,4,4,"[3, 5]",,up right right right,up right right right
1501,False,False,False,6,6,"[3, 3]",obstacle,right right up up up right,right right up up up right
1502,True,True,True,5,5,"[1, 3]",,up left up up left,up left up up left
1503,True,True,True,4,4,"[4, 4]",,right down down down,right down down down
1504,True,True,True,3,3,"[2, 0]",,up left up,up left up
1505,True,True,True,2,2,"[3, 3]",,left left,left left
1506,True,True,True,1,1,"[3, 2]",,left,left
1507,False,False,False,6,6,"[2, 0]",obstacle,down right down down left down,down right down down left down
1508,True,True,True,3,3,"[0, 4]",,right up right,right up right
1509,True,True,True,1,1,"[4, 5]",,right,right
1510,True,True,True,1,1,"[4, 2]",,right,right
1511,True,True,True,5,5,"[5, 4]",,right right right down down,right right right down down
1512,True,True,True,2,2,"[4, 4]",,down down,down down
1513,True,True,True,4,4,"[1, 0]",,left left up up,left left up up
1514,True,True,True,4,4,"[4, 5]",,right right right down,right right right down
1515,True,True,True,2,2,"[4, 1]",,up left,up left
1516,True,True,True,3,3,"[5, 2]",,right down down,right down down
1517,True,True,True,7,7,"[5, 5]",,right right right right right down down,right right right right right down down
1518,True,True,True,4,4,"[3, 5]",,right right right right,right right right right
1519,True,True,True,4,4,"[5, 2]",,left left down down,left left down down
1520,True,True,True,5,5,"[4, 5]",,up right right right down,up right right right down
1521,True,True,True,2,2,"[5, 4]",,left down,left down
1522,True,True,True,4,4,"[4, 5]",,right right up right,right right up right
1523,False,False,False,5,7,"[3, 1]",obstacle,up left up up right,up left up up right
1524,True,True,True,6,6,"[0, 4]",,right up up up up up,right up up up up up
1525,True,True,True,5,5,"[4, 4]",,right down down down down,right down down down down
1526,True,True,True,6,6,"[4, 1]",,down down left left down left,down down left left down left
1527,True,True,True,1,1,"[5, 3]",,left,left
1528,True,True,True,2,2,"[1, 3]",,up left,up left
1529,True,True,True,8,8,"[0, 1]",,up up left left up up up right,up up left left up up up right
1530,False,False,False,6,8,"[3, 3]",obstacle,right right up right up right,right right up right up right
1531,True,True,True,3,3,"[3, 1]",,up up left,up up left
1532,True,True,True,7,7,"[5, 4]",,right down down right down right down,right down down right down right down
1533,False,False,False,4,7,"[1, 4]",obstacle,left down down right,left down down right
1534,True,True,True,1,1,"[0, 3]",,left,left
1535,True,True,True,6,6,"[0, 3]",,up right up up up right,up right up up up right
1536,True,True,True,5,5,"[1, 1]",,up up up up left,up up up up left
1537,True,True,True,1,1,"[1, 5]",,up,up
1538,False,False,False,6,6,"[0, 3]",obstacle,left down down down left left,left down down down left left
1539,True,True,True,5,5,"[3, 0]",,right down down left left,right down down left left
1540,True,True,True,7,7,"[4, 1]",,right down right down down left down,right down right down down left down
1541,True,True,True,7,7,"[2, 5]",,right right right right right down down,right right right right right down down
1542,True,True,True,7,7,"[1, 1]",,up up right right up up left,up up right right up up left
1543,True,True,True,6,6,"[3, 5]",,right right right down down down,right right right down down down
1544,False,False,False,10,10,"[3, 1]",obstacle,up up right up right up up right right right,up up right up right up up right right right
1545,True,True,True,4,4,"[5, 3]",,right right down down,right right down down
1546,False,False,False,5,7,"[3, 3]",obstacle,right right up up right,right right up up right
1547,True,True,True,1,1,"[4, 3]",,down,down
1548,True,True,True,6,6,"[0, 0]",,up up up up left left,up up up up left left
1549,True,True,True,4,4,"[1, 5]",,right right right down,right right right down
1550,True,True,True,3,3,"[5, 4]",,down right down,down right down
1551,True,True,True,6,6,"[3, 0]",,up left up left left left,up left up left left left
1552,False,False,False,7,6,"[3, 1]",obstacle,left left up left up up right,left left up left up up right
1553,True,True,True,4,4,"[3, 3]",,down down down right,down down down right
1554,True,True,True,4,4,"[4, 2]",,down right right down,down right right down
1555,True,True,True,2,2,"[0, 4]",,right right,right right
1556,True,True,True,5,5,"[4, 3]",,down down down right down,down down down right down
1557,True,True,True,5,5,"[1, 5]",,up right right right down,up right right right down
1558,True,True,True,4,4,"[2, 0]",,up left left up,up left left up
1559,True,True,True,4,4,"[0, 1]",,up left left left,up left left left
1560,True,True,True,3,3,"[3, 2]",,up right right,up right right
1561,False,False,False,5,5,"[1, 2]",obstacle,left left down down right,left left down down right
1562,True,True,True,1,1,"[3, 1]",,left,left
1563,True,True,True,7,7,"[2, 4]",,up up right right right right up,up up right right right right up
1564,True,True,True,1,1,"[3, 2]",,left,left
1565,True,True,True,2,2,"[2, 4]",,down down,down down
1566,True,True,True,6,6,"[5, 4]",,down right right right down down,down right right right down down
1568,True,True,True,6,6,"[1, 3]",,left up up up up left,left up up up up left
1569,False,False,False,5,5,"[3, 2]",obstacle,up left up up right,up left up up right
1571,False,False,False,7,9,"[2, 1]",obstacle,up up up right up right up,up up up right up right up
1572,True,True,True,2,2,"[3, 1]",,up right,up right
1573,True,True,True,3,3,"[4, 4]",,left down down,left down down
1575,False,False,False,0,7,"[4, 1]",invalid_action,,Goal not reachable
1577,True,True,True,5,5,"[5, 0]",,left left left down down,left left left down down
1578,True,True,True,3,3,"[0, 4]",,up up up,up up up
1579,True,True,True,2,2,"[2, 4]",,up left,up left
1581,True,True,True,4,4,"[2, 4]",,right right right up,right right right up
1582,False,False,False,7,7,"[1, 3]",obstacle,left left down down left left up,left left down down left left up
1583,True,True,True,1,1,"[0, 1]",,right,right
1584,True,True,True,5,5,"[0, 4]",,up right up up up,up right up up up
1586,True,True,True,1,1,"[0, 4]",,up,up
1590,False,False,False,7,7,"[4, 2]",obstacle,left left left up left left down,left left left up left left down
1591,False,False,False,4,6,"[4, 2]",obstacle,left up left up,left up left up
1592,True,True,True,3,3,"[1, 0]",,down left left,down left left
1593,True,True,True,4,4,"[0, 2]",,left up up left,left up up left
1594,True,True,True,3,3,"[1, 0]",,left up up,left up up
1595,False,False,False,4,4,"[2, 2]",obstacle,left down down right,left down down right
1596,True,True,True,2,2,"[3, 4]",,up up,up up
1597,True,True,True,1,1,"[0, 3]",,right,right
1598,True,True,True,4,4,"[2, 4]",,right right down right,right right down right
1599,True,True,True,2,2,"[2, 4]",,left up,left up
1600,True,True,True,3,3,"[0, 2]",,right right up,right right up
1601,False,False,False,5,5,"[2, 3]",obstacle,right down down right right,right down down right right
1602,True,True,True,4,4,"[4, 5]",,up right right right,up right right right
1603,True,True,True,5,5,"[1, 0]",,left up left left left,left up left left left
1604,True,True,True,2,2,"[1, 0]",,up up,up up
1605,False,False,False,4,6,"[2, 2]",obstacle,down left left down,down left left down
1606,True,True,True,7,7,"[4, 3]",,right down down right down down left,right down down right down down left
1607,False,False,False,4,6,"[4, 2]",obstacle,left up up right,left up up right
1608,False,False,False,6,8,"[4, 0]",obstacle,down down right right right right,down down right right right right
1609,True,True,True,4,4,"[3, 5]",,down right down right,down right down right
1611,True,True,True,3,3,"[0, 3]",,up up right,up up right
1612,False,False,False,5,7,"[4, 2]",obstacle,up left up up right,up left up up right
1613,True,True,True,8,8,"[0, 4]",,up up up right right up right right,up up up right right up right right
1614,True,True,True,3,3,"[1, 1]",,left down left,left down left
1616,False,False,False,7,6,"[0, 4]",obstacle,down right right up right right down,down right right up right right down
1617,True,True,True,4,4,"[5, 3]",,left down left down,left down left down
1619,True,True,True,1,1,"[5, 2]",,right,right
1620,False,False,False,4,10,"[2, 3]",obstacle,up left left left,up left left left
1621,True,True,True,4,4,"[1, 0]",,up up left up,up up left up
1622,False,False,False,5,9,"[1, 2]",obstacle,down left down down down,down left down down down
1623,True,True,True,4,4,"[0, 5]",,up up up right,up up up right
1624,True,True,True,1,1,"[0, 4]",,left,left
1625,False,False,False,3,13,"[0, 0]",obstacle,up right right,up right right
1626,True,True,True,4,4,"[4, 4]",,left down down down,left down down down
1627,False,False,False,5,8,"[1, 2]",obstacle,left down down down left,left down down down left
1628,False,False,False,6,10,"[1, 0]",obstacle,down right right down right right,down right right down right right
1629,False,False,False,4,10,"[2, 3]",obstacle,up left left left,up left left left
1630,False,False,False,6,10,"[0, 2]",obstacle,up left left left down left,up left left left down left
1631,True,True,True,2,2,"[2, 5]",,right down,right down
1632,True,True,True,4,4,"[5, 3]",,right right right down,right right right down
1633,True,True,True,5,5,"[5, 3]",,down right down right down,down right down right down
1634,True,True,True,4,4,"[5, 1]",,left left left down,left left left down
1635,True,True,True,6,6,"[3, 0]",,up left left left up left,up left left left up left
1636,True,True,True,4,4,"[4, 1]",,down left left left,down left left left
1637,False,False,False,5,5,"[2, 3]",obstacle,down left down down left,down left down down left
1638,True,True,True,6,6,"[2, 5]",,right right right up up right,right right right up up right
1639,True,True,True,2,2,"[3, 0]",,up left,up left
1640,False,False,False,9,9,"[3, 4]",obstacle,left down down left left up left left down,left down down left left up left left down
1641,True,True,True,3,3,"[2, 5]",,up up right,up up right
1642,True,True,True,4,4,"[5, 3]",,down down left down,down down left down
1643,False,False,False,5,7,"[1, 2]",obstacle,down right right down down,down right right down down
1644,True,True,True,6,6,"[2, 5]",,right right right up up right,right right right up up right
1645,False,False,False,3,11,"[1, 2]",obstacle,down down left,down down left
1646,False,False,False,3,5,"[2, 3]",obstacle,left up up,left up up
1647,True,True,True,4,4,"[4, 4]",,down down down down,down down down down
1648,True,True,True,5,5,"[5, 4]",,right right right right down,right right right right down
1649,True,True,True,5,5,"[1, 0]",,up left up left up,up left up left up
1650,True,True,True,4,4,"[1, 0]",,up up up up,up up up up
1651,True,True,True,4,4,"[3, 1]",,down down right down,down down right down
1652,True,True,True,4,4,"[4, 1]",,down right down down,down right down down
1653,True,True,True,1,1,"[1, 3]",,right,right
1654,True,True,True,1,1,"[5, 4]",,right,right
1655,True,True,True,4,4,"[3, 1]",,left down left down,left down left down
1656,True,True,True,3,3,"[2, 1]",,up up up,up up up
1657,True,True,True,6,6,"[2, 2]",,left left up up up left,left left up up up left
1658,True,True,True,4,4,"[1, 3]",,up up up up,up up up up
1659,True,True,True,4,4,"[0, 3]",,up up up right,up up up right
1660,True,True,True,3,3,"[2, 3]",,right right right,right right right
1661,True,True,True,3,3,"[0, 0]",,left up up,left up up
1662,True,True,True,1,1,"[2, 3]",,down,down
1663,True,True,True,5,5,"[2, 1]",,up up up left left,up up up left left
1664,True,True,True,3,3,"[4, 2]",,left down down,left down down
1665,True,True,True,5,5,"[5, 3]",,down down down down down,down down down down down
1666,True,True,True,4,4,"[3, 3]",,up up right right,up up right right
1667,True,True,True,9,9,"[5, 0]",,left left left down left left down down down,left left left down left left down down down
1668,True,True,True,7,7,"[4, 3]",,down down right right right down down,down down right right right down down
1669,True,True,True,2,2,"[4, 2]",,up right,up right
1670,True,True,True,5,5,"[3, 1]",,left up up left left,left up up left left
1671,True,True,True,3,3,"[5, 1]",,left left down,left left down
1672,True,True,True,2,2,"[5, 1]",,left down,left down
1673,True,True,True,4,4,"[5, 3]",,left down down down,left down down down
1674,False,False,False,0,9,"[0, 0]",invalid_action,,Goal not reachable
1675,True,True,True,6,6,"[5, 1]",,down down left down down down,down down left down down down
1676,True,True,True,2,2,"[5, 3]",,left left,left left
1677,True,True,True,3,3,"[3, 1]",,up up left,up up left
1678,True,True,True,6,6,"[4, 0]",,down down left left down down,down down left left down down
1679,True,True,True,2,2,"[2, 0]",,down down,down down
1680,True,True,True,4,4,"[1, 0]",,left left left down,left left left down
1681,True,True,True,1,1,"[4, 1]",,right,right
1682,True,True,True,3,3,"[0, 0]",,left left left,left left left
1683,True,True,True,6,6,"[5, 4]",,right right right right down down,right right right right down down
1684,True,True,True,2,2,"[2, 3]",,down right,down right
1685,True,True,True,3,3,"[1, 0]",,up up left,up up left
1686,False,False,False,6,8,"[4, 1]",obstacle,up right right right right down,up right right right right down
1687,True,True,True,2,2,"[2, 0]",,up left,up left
1688,False,False,False,6,6,"[4, 1]",obstacle,up right up right right down,up right up right right down
1689,False,False,False,6,6,"[2, 3]",obstacle,right right up right right down,right right up right right down
1690,True,True,True,3,3,"[3, 1]",,left left down,left left down
1691,True,True,True,3,3,"[4, 0]",,left down down,left down down
1692,True,True,True,3,3,"[0, 0]",,left left left,left left left
1693,True,True,True,4,4,"[4, 0]",,left down down down,left down down down
1694,False,False,False,7,7,"[1, 2]",obstacle,right down right down right right down,right down right down right right down
1695,True,True,True,3,3,"[1, 0]",,up up up,up up up
1696,True,True,True,4,4,"[2, 2]",,up left up left,up left up left
1697,False,False,False,10,10,"[2, 5]",obstacle,up up up left left left up up left left,up up up left left left up up left left
1698,False,False,False,7,7,"[4, 1]",obstacle,up right up right right down down,up right up right right down down
1699,True,True,True,1,1,"[4, 0]",,left,left
1700,True,True,True,2,2,"[2, 1]",,down down,down down
1701,True,True,True,3,3,"[1, 5]",,up up up,up up up
1702,True,True,True,3,3,"[3, 0]",,left down down,left down down
1703,True,True,True,5,5,"[0, 0]",,up up up left left,up up up left left
1704,True,True,True,3,3,"[0, 2]",,up up right,up up right
1705,True,True,True,5,5,"[2, 3]",,right right down down right,right right down down right
1706,True,True,True,3,3,"[4, 1]",,right down down,right down down
1707,True,True,True,6,6,"[3, 3]",,right right down down right down,right right down down right down
1708,True,True,True,4,4,"[4, 0]",,left left down down,left left down down
1709,True,True,True,3,3,"[3, 3]",,up left left,up left left
1710,True,True,True,8,8,"[5, 1]",,down left left left left down down down,down left left left left down down down
1711,True,True,True,3,3,"[3, 4]",,down right down,down right down
1712,True,True,True,6,6,"[0, 0]",,left left up left up left,left left up left up left
1713,True,True,True,5,5,"[3, 0]",,left left left left down,left left left left down
1714,True,True,True,2,2,"[3, 1]",,up right,up right
1715,True,True,True,5,5,"[3, 2]",,right down right down down,right down right down down
1716,True,True,True,1,1,"[3, 0]",,down,down
1717,False,False,False,4,4,"[0, 5]",obstacle,up left left down,up left left down
1718,True,True,True,4,4,"[3, 1]",,left left down down,left left down down
1719,True,True,True,4,4,"[3, 2]",,up up right right,up up right right
1720,True,True,True,6,6,"[3, 4]",,up right up right right down,up right up right right down
1721,True,True,True,1,1,"[2, 4]",,up,up
1722,True,True,True,1,1,"[1, 3]",,right,right
1723,True,True,True,6,6,"[3, 1]",,left up left left left down,left up left left left down
1724,True,True,True,2,2,"[0, 3]",,right up,right up
1725,True,True,True,4,4,"[2, 3]",,up right right right,up right right right
1726,True,True,True,3,3,"[3, 1]",,up up right,up up right
1727,True,True,True,3,3,"[0, 1]",,up up up,up up up
1728,True,True,True,6,6,"[4, 5]",,down down right right down down,down down right right down down
1729,True,True,True,3,3,"[2, 0]",,up up up,up up up
1730,True,True,True,7,7,"[3, 5]",,right right right down right right down,right right right down right right down
1732,True,True,True,5,5,"[3, 2]",,down left left left down,down left left left down
1734,True,True,True,1,1,"[4, 0]",,up,up
1735,True,True,True,2,2,"[1, 5]",,right up,right up
1736,True,True,True,6,6,"[2, 5]",,up right right right right right,up right right right right right
1737,False,False,False,7,7,"[3, 4]",obstacle,down left left up left left down,down left left up left left down
1738,True,True,True,2,2,"[2, 2]",,left left,left left
1739,True,True,True,4,4,"[5, 2]",,down down down right,down down down right
1741,False,False,False,4,4,"[3, 2]",obstacle,left down down right,left down down right
1743,True,True,True,6,6,"[5, 0]",,down left down left left left,down left down left left left
1744,True,True,True,4,4,"[4, 1]",,left left left up,left left left up
1745,True,True,True,4,4,"[2, 2]",,up up left left,up up left left
1746,True,True,True,4,4,"[2, 5]",,right up up right,right up up right
1747,True,True,True,5,5,"[1, 5]",,up up up right up,up up up right up
1748,True,True,True,1,1,"[5, 1]",,left,left
1749,True,True,True,6,6,"[0, 5]",,up up right up right right,up up right up right right
1751,True,True,True,4,4,"[1, 2]",,left left up left,left left up left
1753,True,True,True,4,4,"[0, 5]",,up right up up,up right up up
1754,True,True,True,3,3,"[5, 2]",,down down right,down down right
1756,True,True,True,1,1,"[5, 3]",,right,right
1757,True,True,True,2,2,"[2, 4]",,up up,up up
1758,True,True,True,4,4,"[4, 1]",,down left down down,down left down down
1759,True,True,True,3,3,"[2, 3]",,down left left,down left left
1760,True,True,True,1,1,"[3, 1]",,left,left
1761,True,True,True,2,2,"[0, 5]",,up up,up up
1762,False,False,False,4,6,"[3, 2]",obstacle,up right right right,up right right right
1764,True,True,True,4,4,"[4, 3]",,right right right up,right right right up
1765,True,True,True,1,1,"[5, 3]",,left,left
1766,True,True,True,8,8,"[5, 2]",,down down down down left left down left,down down down down left left down left
1767,True,True,True,1,1,"[1, 5]",,down,down
1768,True,True,True,1,1,"[0, 5]",,up,up
1769,True,True,True,5,5,"[1, 5]",,up right right right up,up right right right up
1770,True,True,True,4,4,"[4, 0]",,left left down down,left left down down
1771,True,True,True,4,4,"[1, 0]",,up up left up,up up left up
1772,True,True,True,1,1,"[4, 0]",,left,left
1773,True,True,True,3,3,"[3, 1]",,down left down,down left down
1774,True,True,True,5,5,"[3, 1]",,down left left left left,down left left left left
1775,True,True,True,5,5,"[5, 1]",,left left down left left,left left down left left
1776,False,False,False,8,9,"[2, 3]",obstacle,down right right right up right right down,down right right right up right right down
1777,True,True,True,5,5,"[0, 5]",,up right up up up,up right up up up
1778,True,True,True,5,5,"[2, 0]",,left up up up left,left up up up left
1779,True,True,True,6,6,"[4, 0]",,left left left left left up,left left left left left up
1780,False,False,False,0,9,"[0, 5]",invalid_action,,Goal not reachable
1781,True,True,True,1,1,"[4, 4]",,left,left
1782,True,True,True,4,4,"[1, 5]",,right right up up,right right up up
1783,True,True,True,4,4,"[3, 4]",,right right right right,right right right right
1784,True,True,True,7,7,"[4, 5]",,right up right right right right down,right up right right right right down
1785,True,True,True,4,4,"[4, 3]",,up right right down,up right right down
1786,True,True,True,5,5,"[5, 5]",,down down down down down,down down down down down
1787,True,True,True,4,4,"[5, 3]",,right down right right,right down right right
1788,True,True,True,2,2,"[5, 2]",,left left,left left
1789,True,True,True,8,8,"[5, 5]",,right right right down right right down down,right right right down right right down down
1790,True,True,True,5,5,"[3, 5]",,right right down right right,right right down right right
1791,True,True,True,2,2,"[3, 2]",,right right,right right
1792,True,True,True,5,5,"[3, 0]",,left left left left left,left left left left left
1793,True,True,True,3,3,"[4, 0]",,left left down,left left down
1794,True,True,True,2,2,"[3, 4]",,down left,down left
1795,True,True,True,2,2,"[3, 1]",,up right,up right
1796,True,True,True,1,1,"[3, 2]",,left,left
1797,True,True,True,4,4,"[5, 2]",,right down down right,right down down right
1798,True,True,True,3,3,"[2, 1]",,up up up,up up up
1799,False,False,False,4,6,"[1, 4]",obstacle,down left left down,down left left down
1800,True,True,True,2,2,"[4, 1]",,down right,down right
1801,True,True,True,6,6,"[2, 4]",,up right up right up right,up right up right up right
1802,True,True,True,5,5,"[4, 5]",,up right right right down,up right right right down
1803,True,True,True,3,3,"[0, 3]",,up right right,up right right
1804,False,False,False,7,9,"[3, 2]",obstacle,up right up up up up right,up right up up up up right
1805,False,False,False,7,9,"[3, 2]",obstacle,left left down left left up left,left left down left left up left
1806,True,True,True,5,5,"[4, 0]",,left left down left left,left left down left left
1807,False,False,False,7,6,"[0, 3]",obstacle,up right right down right right up,up right right down right right up
1808,True,True,True,2,2,"[4, 1]",,down right,down right
1809,True,True,True,5,5,"[2, 3]",,right right down down left,right right down down left
1810,True,True,True,5,5,"[0, 1]",,up up left left left,up up left left left
1811,False,False,False,5,7,"[4, 2]",obstacle,down right right right right,down right right right right
1812,True,True,True,5,5,"[0, 1]",,up left left left left,up left left left left
1813,True,True,True,10,10,"[0, 5]",,up up up up up right right right right right,up up up up up right right right right right
1814,True,True,True,6,6,"[0, 2]",,up up up left left left,up up up left left left
1815,True,True,True,3,3,"[0, 0]",,up up up,up up up
1816,True,True,True,2,2,"[0, 2]",,left left,left left
1817,True,True,True,3,3,"[0, 5]",,up up up,up up up
1818,True,True,True,5,5,"[3, 3]",,up right right up right,up right right up right
1819,True,True,True,8,8,"[1, 5]",,up right up right right up up right,up right up right right up up right
1820,False,False,False,4,6,"[0, 2]",obstacle,right down down right,right down down right
1821,True,True,True,3,3,"[1, 4]",,up right up,up right up
1822,False,False,False,7,7,"[2, 3]",obstacle,up left left up up left left,up left left up up left left
1823,False,False,False,5,7,"[2, 1]",obstacle,right down down right right,right down down right right
1824,True,True,True,8,8,"[0, 1]",,up up up up left left left left,up up up up left left left left
1825,False,False,False,4,4,"[2, 3]",obstacle,left up up right,left up up right
1826,True,True,True,3,3,"[4, 0]",,down left left,down left left
1827,True,True,True,5,5,"[0, 3]",,up up up up left,up up up up left
1828,True,True,True,2,2,"[0, 1]",,up right,up right
1829,False,False,False,8,8,"[3, 2]",obstacle,right up up right up up right right,right up up right up up right right
1830,True,True,True,7,7,"[1, 0]",,left left left up left up left,left left left up left up left
1831,True,True,True,5,5,"[5, 0]",,left left left left down,left left left left down
1832,True,True,True,5,5,"[2, 4]",,up right right right up,up right right right up
1833,True,True,True,2,2,"[1, 1]",,up right,up right
1835,True,True,True,6,6,"[0, 4]",,up up right up up up,up up right up up up
1836,True,True,True,1,1,"[1, 1]",,down,down
1837,True,True,True,5,5,"[1, 1]",,up left up left up,up left up left up
1838,False,False,False,7,7,"[2, 2]",obstacle,up up right right up up right,up up right right up up right
1839,True,True,True,4,4,"[4, 4]",,right right right down,right right right down
1840,True,True,True,1,1,"[3, 3]",,right,right
1841,True,True,True,5,5,"[0, 1]",,left up up left up,left up up left up
1842,True,True,True,2,2,"[2, 2]",,right right,right right
1843,True,True,True,2,2,"[1, 2]",,right right,right right
1844,True,True,True,2,2,"[2, 1]",,right down,right down
1845,False,False,False,4,4,"[1, 4]",obstacle,up left left down,up left left down
1846,True,True,True,2,2,"[3, 1]",,down down,down down
1847,True,True,True,4,4,"[0, 4]",,right up up up,right up up up
1848,True,True,True,6,6,"[1, 1]",,down left left up up left,down left left up up left
1849,False,False,False,5,5,"[1, 2]",obstacle,right up right right down,right up right right down
1850,True,True,True,4,4,"[1, 2]",,left left up up,left left up up
1851,False,False,False,6,8,"[2, 4]",obstacle,down down left left up left,down down left left up left
1852,True,True,True,1,1,"[3, 1]",,down,down
1853,True,True,True,2,2,"[3, 0]",,up left,up left
1854,True,True,True,6,6,"[5, 2]",,down down left left down down,down down left left down down
1855,True,True,True,4,4,"[4, 3]",,down down right down,down down right down
1856,True,True,True,2,2,"[3, 2]",,left left,left left
1857,True,True,True,1,1,"[3, 0]",,up,up
1858,True,True,True,1,1,"[2, 1]",,right,right
1859,True,True,True,4,4,"[4, 0]",,left left left down,left left left down
1860,True,True,True,3,3,"[2, 4]",,right right right,right right right
1861,True,True,True,2,2,"[5, 3]",,right right,right right
1862,False,False,False,6,6,"[1, 2]",obstacle,right down right right down down,right down right right down down
1863,True,True,True,3,3,"[1, 4]",,right right up,right right up
1864,True,True,True,7,7,"[5, 4]",,right down right right down down down,right down right right down down down
1865,True,True,True,6,6,"[4, 1]",,left up left left down down,left up left left down down
1866,True,True,True,3,3,"[3, 0]",,up up left,up up left
1867,True,True,True,1,1,"[2, 3]",,right,right
1868,True,True,True,6,6,"[3, 1]",,left left up left left down,left left up left left down
1869,True,True,True,3,3,"[2, 5]",,up up right,up up right
1871,False,False,False,5,5,"[1, 4]",obstacle,up left left left down,up left left left down
1872,True,True,True,4,4,"[4, 4]",,right right down down,right right down down
1873,True,True,True,2,2,"[5, 1]",,down down,down down
1875,True,True,True,5,5,"[2, 1]",,up up left left left,up up left left left
1876,True,True,True,7,7,"[0, 0]",,left left left left up up left,left left left left up up left
1877,False,False,False,4,4,"[3, 3]",obstacle,up left left down,up left left down
1878,True,True,True,5,5,"[3, 1]",,left left left left down,left left left left down
1879,True,True,True,2,2,"[3, 1]",,down down,down down
1880,True,True,True,5,5,"[4, 1]",,left left left up left,left left left up left
1881,True,True,True,3,3,"[3, 4]",,right right down,right right down
1882,True,True,True,5,5,"[5, 2]",,left down down left left,left down down left left
1883,True,True,True,7,7,"[5, 3]",,right down down down down right right,right down down down down right right
1884,True,True,True,2,2,"[2, 4]",,up left,up left
1885,True,True,True,2,2,"[4, 4]",,right up,right up
1886,True,True,True,1,1,"[3, 5]",,down,down
1887,False,False,False,5,7,"[3, 3]",obstacle,down left down down left,down left down down left
1888,True,True,True,6,6,"[1, 1]",,up left left left up left,up left left left up left
1889,True,True,True,10,10,"[0, 0]",,up up up left left left up up left left,up up up left left left up up left left
1890,True,True,True,4,4,"[2, 0]",,up up up left,up up up left
1891,True,True,True,5,5,"[5, 1]",,left left down down down,left left down down down
1892,True,True,True,5,5,"[1, 3]",,up right up right right,up right up right right
1893,True,True,True,1,1,"[2, 2]",,down,down
1894,True,True,True,4,4,"[1, 5]",,left up up right,left up up right
1895,True,True,True,1,1,"[2, 4]",,up,up
1896,True,True,True,4,4,"[1, 4]",,up up right right,up up right right
1897,True,True,True,4,4,"[2, 2]",,right down right down,right down right down
1898,True,True,True,1,1,"[5, 1]",,right,right
1899,False,False,False,7,7,"[1, 1]",obstacle,left up up up up left up,left up up up up left up
1900,True,True,True,4,4,"[0, 0]",,up up up left,up up up left
1902,True,True,True,3,3,"[3, 5]",,right down right,right down right
1903,True,True,True,3,3,"[5, 1]",,left down down,left down down
1904,True,True,True,2,2,"[1, 2]",,up up,up up
1905,True,True,True,4,4,"[0, 1]",,up up left up,up up left up
1906,True,True,True,4,4,"[0, 3]",,up up right up,up up right up
1907,True,True,True,7,7,"[0, 3]",,up up left up up up left,up up left up up up left
1909,True,True,True,4,4,"[4, 5]",,down down right down,down down right down
1910,True,True,True,8,8,"[1, 4]",,up up up right up right right right,up up up right up right right right
1911,True,True,True,2,2,"[4, 1]",,left down,left down
1912,True,True,True,5,5,"[0, 1]",,up left left left up,up left left left up
1913,True,True,True,5,5,"[5, 5]",,down down right down down,down down right down down
1914,True,True,True,5,5,"[0, 0]",,down left left up left,down left left up left
1915,False,False,False,8,11,"[4, 1]",obstacle,right up right right down right right up,right up right right down right right up
1916,True,True,True,3,3,"[5, 2]",,right down right,right down right
1917,True,True,True,4,4,"[3, 5]",,right down down right,right down down right
1918,False,False,False,6,4,"[2, 0]",obstacle,left down left left up up,left down left left up up
1919,True,True,True,7,7,"[5, 1]",,down left left down down down down,down left left down down down down
1920,False,False,False,7,7,"[4, 4]",obstacle,down down down down left left down,down down down down left left down
1921,False,False,False,6,6,"[2, 5]",obstacle,up left left left up up,up left left left up up
1922,True,True,True,5,5,"[0, 5]",,right down right right up,right down right right up
1923,True,True,True,5,5,"[5, 2]",,down right down down down,down right down down down
1924,False,False,False,6,8,"[1, 1]",obstacle,left up left up up right,left up left up up right
1925,False,False,False,8,8,"[3, 3]",obstacle,up right right right up right right up,up right right right up right right up
1926,False,False,False,8,8,"[2, 2]",obstacle,up up up right right up right up,up up up right right up right up
1927,True,True,True,3,3,"[5, 2]",,left left left,left left left
1928,False,False,False,8,10,"[0, 2]",obstacle,left down left down down right down down,left down left down down right down down
1929,True,True,True,2,2,"[0, 5]",,right up,right up
1930,True,True,True,5,5,"[3, 5]",,right down right right right,right down right right right
1931,True,True,True,1,1,"[3, 4]",,up,up
1932,True,True,True,1,1,"[3, 0]",,up,up
1933,True,True,True,1,1,"[5, 3]",,right,right
1934,False,False,False,7,7,"[2, 2]",obstacle,up up right right up right up,up up right right up right up
1935,True,True,True,4,4,"[2, 2]",,left up up up,left up up up
1936,True,True,True,4,4,"[4, 0]",,left down left down,left down left down
1937,True,True,True,3,3,"[2, 5]",,right right down,right right down
1938,True,True,True,4,4,"[0, 3]",,up left left up,up left left up
1939,True,True,True,8,8,"[0, 5]",,right right right right right up up up,right right right right right up up up
1940,True,True,True,5,5,"[5, 4]",,down down left down down,down down left down down
1941,False,False,False,4,10,"[0, 2]",obstacle,up left left down,up left left down
1942,False,False,False,4,10,"[1, 1]",obstacle,left up up right,left up up right
1943,True,True,True,4,4,"[5, 4]",,right right down down,right right down down
1944,True,True,True,5,5,"[2, 2]",,up up right up right,up up right up right
1945,True,True,True,3,3,"[4, 4]",,right right down,right right down
1946,True,True,True,3,3,"[0, 2]",,left up left,left up left
1947,False,False,False,8,8,"[2, 2]",obstacle,up up left left up up up right,up up left left up up up right
1948,True,True,True,3,3,"[3, 2]",,up left left,up left left
1949,True,True,True,7,7,"[4, 5]",,right right up right right right down,right right up right right right down
1950,True,True,True,3,3,"[4, 2]",,up left left,up left left
1954,True,True,True,2,2,"[4, 3]",,up right,up right
1955,True,True,True,1,1,"[4, 2]",,right,right
1956,True,True,True,2,2,"[0, 3]",,left left,left left
1958,True,True,True,2,2,"[2, 5]",,down down,down down
1959,True,True,True,3,3,"[4, 0]",,left down left,left down left
1968,True,True,True,6,6,"[5, 4]",,up right right right down right,up right right right down right
1970,True,True,True,3,3,"[2, 3]",,left up up,left up up
1972,True,True,True,1,1,"[1, 4]",,down,down
1973,True,True,True,6,6,"[5, 4]",,up right right right down right,up right right right down right
1974,True,True,True,1,1,"[0, 1]",,right,right
1975,True,True,True,1,1,"[1, 2]",,right,right
1978,True,True,True,3,3,"[5, 0]",,down left down,down left down
1980,True,True,True,1,1,"[1, 1]",,down,down
1981,True,True,True,2,2,"[1, 3]",,up left,up left
1982,False,False,False,7,9,"[2, 3]",obstacle,left down down down left left down,left down down down left left down
1983,True,True,True,6,6,"[5, 1]",,down down down down right down,down down down down right down
1984,True,True,True,1,1,"[1, 1]",,up,up
1986,False,False,False,7,9,"[4, 3]",obstacle,right right right up right up right,right right right up right up right
1989,False,False,False,8,8,"[2, 1]",obstacle,up right right up right right right down,up right right up right right right down
1990,True,True,True,2,2,"[1, 2]",,up right,up right
1992,True,True,True,4,4,"[1, 5]",,right down right right,right down right right
1993,False,False,False,6,8,"[4, 1]",obstacle,left left up up up right,left left up up up right
1995,True,True,True,2,2,"[0, 3]",,right right,right right
1996,True,True,True,4,4,"[0, 0]",,up up up up,up up up up
1997,True,True,True,2,2,"[1, 4]",,down right,down right
1998,False,False,False,6,6,"[3, 0]",obstacle,up right up up up right,up right up up up right
1999,False,False,False,6,10,"[3, 4]",obstacle,down down left left left down,down down left left left down
2000,False,False,False,5,7,"[2, 3]",obstacle,down left left left down,down left left left down
2001,False,False,False,6,12,"[4, 3]",obstacle,up right up up up right,up right up up up right
2002,True,True,True,6,6,"[0, 1]",,down left left up left left,down left left up left left
2003,True,True,True,2,2,"[2, 5]",,right down,right down
2004,True,True,True,3,3,"[1, 3]",,up left left,up left left
2005,True,True,True,2,2,"[3, 0]",,left up,left up
2006,False,False,False,7,7,"[2, 1]",obstacle,right down down down right right down,right down down down right right down
2007,False,False,False,9,9,"[2, 3]",obstacle,down left left down down left left left down,down left left down down left left left down
2008,True,True,True,3,3,"[4, 0]",,down left left,down left left
2010,True,True,True,4,4,"[1, 2]",,up up up up,up up up up
2011,True,True,True,1,1,"[5, 2]",,right,right
2012,True,True,True,5,5,"[5, 5]",,down down down right down,down down down right down
2014,True,True,True,2,2,"[2, 4]",,up right,up right
2015,False,False,False,6,6,"[3, 4]",obstacle,left down down right down down,left down down right down down
2016,True,True,True,3,3,"[3, 2]",,up left left,up left left
2017,True,True,True,4,4,"[4, 5]",,up right right right,up right right right
2019,False,False,False,0,1,"[1, 0]",invalid_action,,Goal not reachable
2021,True,True,True,7,7,"[5, 5]",,right up right right right down right,right up right right right down right
2022,True,True,True,3,3,"[4, 0]",,up left left,up left left
2024,True,True,True,5,5,"[1, 5]",,up right right up right,up right right up right
2025,True,True,True,4,4,"[2, 3]",,up up up left,up up up left
2026,True,True,True,4,4,"[5, 4]",,right down down down,right down down down
2027,True,True,True,2,2,"[4, 1]",,left down,left down
2028,True,True,True,1,1,"[3, 2]",,left,left
2030,True,True,True,3,3,"[3, 4]",,right right down,right right down
2031,True,True,True,5,5,"[4, 5]",,down down down down right,down down down down right
2032,True,True,True,2,2,"[4, 2]",,left left,left left
2033,True,True,True,3,3,"[3, 2]",,up left left,up left left
2034,True,True,True,6,6,"[2, 5]",,up right up right right right,up right up right right right
2035,True,True,True,4,4,"[1, 4]",,left up up up,left up up up
2036,True,True,True,5,5,"[4, 0]",,down down left left down,down down left left down
2037,False,False,False,0,5,"[1, 2]",invalid_action,,Goal not reachable
2038,True,True,True,4,4,"[3, 2]",,up up right right,up up right right
2039,True,True,True,6,6,"[3, 0]",,down left left down left left,down left left down left left
2040,True,True,True,2,2,"[4, 0]",,left down,left down
2042,True,True,True,5,5,"[5, 0]",,left down down down down,left down down down down
2043,False,False,False,4,6,"[4, 2]",obstacle,right up up right,right up up right
2044,False,False,False,5,9,"[2, 3]",obstacle,left up left left down,left up left left down
2047,False,False,False,6,10,"[1, 2]",obstacle,right up right right right down,right up right right right down
2049,False,False,False,7,9,"[3, 3]",obstacle,up up left left left left up,up up left left left left up
2050,False,False,False,3,5,"[4, 2]",obstacle,left up left,left up left
2051,True,True,True,3,3,"[1, 4]",,up right up,up right up
2052,False,False,False,5,7,"[5, 3]",obstacle,right right up up up,right right up up up
2053,False,False,False,6,14,"[2, 3]",obstacle,left down left left up left,left down left left up left
2054,False,False,False,4,8,"[3, 1]",obstacle,down down down right,down down down right
2055,True,True,True,1,1,"[3, 5]",,right,right
2057,True,True,True,1,1,"[3, 4]",,right,right
2058,False,False,False,6,15,"[1, 2]",obstacle,down right right right down right,down right right right down right
2059,False,False,False,6,6,"[5, 3]",obstacle,right right up up up right,right right up up up right
2060,False,False,False,6,12,"[2, 3]",obstacle,down left left up left left,down left left up left left
2061,False,False,False,7,13,"[3, 3]",obstacle,left left down left left up up,left left down left left up up
2062,False,False,False,6,10,"[3, 3]",obstacle,left down down left left up,left down down left left up
2063,False,False,False,7,7,"[3, 3]",obstacle,left left down down left left left,left left down down left left left
2064,False,False,False,7,13,"[3, 3]",obstacle,left left down left left up up,left left down left left up up
2065,False,False,False,2,14,"[1, 2]",obstacle,right down,right down
2066,True,True,True,1,1,"[1, 1]",,left,left
2067,True,True,True,2,2,"[2, 4]",,up left,up left
2068,False,False,False,6,12,"[3, 3]",obstacle,left left down left left up,left left down left left up
2069,True,True,True,4,4,"[2, 0]",,left up up up,left up up up
2070,True,True,True,2,2,"[0, 3]",,left up,left up
2071,True,True,True,7,7,"[1, 4]",,up up up right up right right,up up up right up right right
2072,False,False,False,4,8,"[3, 4]",obstacle,up up right up,up up right up
2073,True,True,True,6,6,"[0, 1]",,left up up left up left,left up up left up left
2074,True,True,True,6,6,"[0, 5]",,up up up right right up,up up up right right up
2075,False,False,False,8,8,"[3, 4]",obstacle,left up up up up left up left,left up up up up left up left
2076,False,False,False,6,6,"[1, 2]",obstacle,up left left left left down,up left left left left down
2077,True,True,True,4,4,"[2, 5]",,down right right down,down right right down
2078,False,False,False,6,8,"[3, 4]",obstacle,right up up right right up,right up up right right up
2079,True,True,True,7,7,"[3, 1]",,down left left left down left down,down left left left down left down
2080,True,True,True,6,6,"[0, 1]",,down left left up left left,down left left up left left
2081,False,False,False,0,8,"[1, 5]",invalid_action,,Goal not reachable
2082,True,True,True,4,4,"[1, 5]",,up right right right,up right right right
2083,True,True,True,4,4,"[0, 3]",,right up up right,right up up right
2084,True,True,True,3,3,"[3, 1]",,down left down,down left down
2085,True,True,True,5,5,"[1, 5]",,up up up right right,up up up right right
2086,True,True,True,5,5,"[3, 4]",,right right up up right,right right up up right
2087,False,False,False,7,8,"[1, 2]",obstacle,down left left left left down left,down left left left left down left
2088,True,True,True,7,7,"[1, 4]",,right up up right up right right,right up up right up right right
2089,True,True,True,2,2,"[0, 3]",,right right,right right
2090,True,True,True,5,5,"[4, 3]",,right down down down down,right down down down down
2091,True,True,True,7,7,"[0, 3]",,right up up right up up right,right up up right up up right
2092,True,True,True,5,5,"[5, 4]",,down down right down down,down down right down down
2093,True,True,True,3,3,"[2, 3]",,left left down,left left down
2094,True,True,True,2,2,"[1, 3]",,left left,left left
2095,True,True,True,5,5,"[3, 1]",,left down down left down,left down down left down
2096,True,True,True,3,3,"[2, 0]",,down left left,down left left
2097,True,True,True,3,3,"[4, 4]",,down right down,down right down
2098,True,True,True,4,4,"[1, 5]",,up up right right,up up right right
2099,True,True,True,3,3,"[3, 2]",,left down down,left down down
2102,True,True,True,5,5,"[1, 2]",,up right right up up,up right right up up
2103,False,False,False,5,7,"[3, 3]",obstacle,right down down right right,right down down right right
2104,False,False,False,6,8,"[2, 5]",obstacle,up left left left left down,up left left left left down
2105,True,True,True,3,3,"[3, 5]",,up right up,up right up
2106,True,True,True,2,2,"[3, 1]",,left left,left left
2108,True,True,True,3,3,"[3, 2]",,left up up,left up up
2110,True,True,True,5,5,"[5, 2]",,down left down left left,down left down left left
2111,True,True,True,4,4,"[5, 1]",,down left left left,down left left left
2112,False,False,False,6,8,"[4, 2]",obstacle,down down down right right right,down down down right right right
2114,True,True,True,2,2,"[2, 2]",,up left,up left
2115,True,True,True,6,6,"[5, 1]",,down left down left left left,down left down left left left
2117,False,False,False,6,8,"[3, 3]",obstacle,down right right right down right,down right right right down right
2118,False,False,False,7,9,"[2, 3]",obstacle,right right right up right right down,right right right up right right down
2119,True,True,True,2,2,"[3, 2]",,right right,right right
2120,False,False,False,6,6,"[3, 3]",obstacle,right right up right right down,right right up right right down
2122,True,True,True,5,5,"[2, 2]",,left left up up up,left left up up up
2123,True,True,True,4,4,"[4, 0]",,down left left down,down left left down
2124,False,False,False,6,6,"[4, 4]",obstacle,up left left up up right,up left left up up right
2125,True,True,True,2,2,"[5, 2]",,down down,down down
2126,True,True,True,5,5,"[4, 0]",,left down left left down,left down left left down
2127,True,True,True,4,4,"[2, 0]",,left left left up,left left left up
2131,True,True,True,8,8,"[0, 0]",,up up left left up up left left,up up left left up up left left
2132,True,True,True,3,3,"[4, 4]",,right down down,right down down
2133,True,True,True,6,6,"[1, 0]",,up up left up left left,up up left up left left
2135,True,True,True,5,5,"[4, 3]",,left down left down down,left down left down down
2136,True,True,True,6,6,"[2, 1]",,up up up left left left,up up up left left left
2138,True,True,True,5,5,"[5, 2]",,left left down down down,left left down down down
2139,True,True,True,3,3,"[4, 3]",,right right down,right right down
2140,True,True,True,1,1,"[1, 4]",,left,left
2141,True,True,True,2,2,"[3, 2]",,left left,left left
2142,True,True,True,3,3,"[3, 2]",,left left down,left left down
2143,True,True,True,4,4,"[1, 4]",,up up up up,up up up up
2144,True,True,True,2,2,"[3, 4]",,right down,right down
2145,True,True,True,6,6,"[4, 3]",,right down down right down down,right down down right down down
2146,True,True,True,1,1,"[4, 4]",,up,up
2147,True,True,True,2,2,"[1, 4]",,right up,right up
2148,True,True,True,1,1,"[1, 2]",,right,right
2149,True,True,True,8,8,"[0, 0]",,left left left up up up left left,left left left up up up left left
2150,True,True,True,1,1,"[4, 2]",,left,left
2151,True,True,True,2,2,"[1, 0]",,up left,up left
2152,True,True,True,7,7,"[3, 5]",,right right down right right down right,right right down right right down right
2153,True,True,True,5,5,"[3, 3]",,right down down right down,right down down right down
2154,False,False,False,0,8,"[0, 3]",invalid_action,,Goal not reachable
2155,True,True,True,2,2,"[1, 2]",,right right,right right
2157,True,True,True,3,3,"[3, 1]",,right down down,right down down
2158,True,True,True,3,3,"[3, 1]",,up up left,up up left
2159,True,True,True,4,4,"[3, 3]",,right right right down,right right right down
2160,True,True,True,3,3,"[4, 0]",,left down down,left down down
2161,False,False,False,6,8,"[3, 4]",obstacle,up right right right right up,up right right right right up
2162,True,True,True,4,4,"[4, 1]",,right down down down,right down down down
2163,True,True,True,8,8,"[0, 0]",,left left down left left up up left,left left down left left up up left
2164,False,False,False,3,5,"[2, 5]",obstacle,down down left,down down left
2165,False,False,False,9,9,"[0, 2]",obstacle,right down right down right down down right down,right down right down right down down right down
2166,True,True,True,1,1,"[3, 0]",,up,up
2167,False,False,False,4,4,"[0, 2]",obstacle,up right right down,up right right down
2168,True,True,True,5,5,"[5, 4]",,right right right down down,right right right down down
2169,True,True,True,6,6,"[3, 4]",,right down right right down right,right down right right down right
2170,False,True,False,5,7,"[4, 5]",,right right right down right,right right right down right
2171,False,False,False,6,8,"[3, 4]",obstacle,up right right right right up,up right right right right up
2172,True,True,True,6,6,"[4, 3]",,down down right right down down,down down right right down down
2173,False,False,False,4,8,"[2, 5]",obstacle,down left down down,down left down down
2174,False,False,False,4,6,"[5, 2]",obstacle,left up up up,left up up up
2175,False,False,False,8,8,"[0, 2]",obstacle,right down right down down right down right,right down right down down right down right
2176,True,True,True,1,1,"[1, 1]",,down,down
2177,True,True,True,3,3,"[4, 3]",,right down down,right down down
2178,True,True,True,3,3,"[4, 3]",,right down down,right down down
2179,True,True,True,4,4,"[0, 0]",,up up up left,up up up left
2180,True,True,True,5,5,"[0, 2]",,up up up up right,up up up up right
2181,True,True,True,2,2,"[2, 1]",,up right,up right
2182,True,True,True,5,5,"[1, 3]",,right up up up up,right up up up up
2183,True,True,True,5,5,"[1, 3]",,right down right right up,right down right right up
2184,True,True,True,2,2,"[1, 4]",,up left,up left
2185,False,False,False,0,7,"[4, 1]",invalid_action,,Goal not reachable
2186,True,True,True,2,2,"[3, 4]",,left up,left up
2187,True,True,True,3,3,"[2, 2]",,down down right,down down right
2188,True,True,True,6,6,"[3, 0]",,left up left left left left,left up left left left left
2189,True,True,True,3,3,"[2, 2]",,up right right,up right right
2190,True,True,True,2,2,"[4, 1]",,right down,right down
2191,True,True,True,5,5,"[0, 5]",,right right right up right,right right right up right
2192,True,True,True,7,7,"[3, 0]",,down left left left left down down,down left left left left down down
2193,True,True,True,4,4,"[4, 1]",,right down down down,right down down down
2194,True,True,True,2,2,"[3, 0]",,up up,up up
2195,True,True,True,3,3,"[0, 2]",,left left up,left left up
2197,True,True,True,9,9,"[0, 4]",,up up up up right right right right up,up up up up right right right right up
2198,True,True,True,4,4,"[1, 4]",,up right right right,up right right right
2199,True,True,True,6,6,"[1, 0]",,up left up up up left,up left up up up left
2200,True,True,True,3,3,"[0, 2]",,left left up,left left up
2201,True,True,True,8,8,"[1, 5]",,up up up up right right right right,up up up up right right right right
2202,True,True,True,4,4,"[4, 1]",,left down down down,left down down down
2203,True,True,True,2,2,"[1, 5]",,right right,right right
2204,True,True,True,6,6,"[1, 5]",,up up right right right right,up up right right right right
2205,True,True,True,2,2,"[1, 2]",,left left,left left
2207,True,True,True,5,5,"[2, 4]",,right right right right down,right right right right down
2208,True,True,True,2,2,"[2, 2]",,up left,up left
2209,True,True,True,2,2,"[1, 3]",,up right,up right
2210,True,True,True,2,2,"[5, 1]",,down down,down down
2211,True,True,True,8,8,"[0, 4]",,up up up right right right right up,up up up right right right right up
2212,True,True,True,3,3,"[3, 3]",,left left down,left left down
2213,True,True,True,1,1,"[1, 1]",,left,left
2214,True,True,True,4,4,"[3, 0]",,left left down down,left left down down
2215,True,True,True,2,2,"[1, 5]",,right down,right down
2216,True,True,True,1,1,"[2, 2]",,down,down
2217,True,True,True,5,5,"[5, 2]",,left down down left down,left down down left down
2218,True,True,True,5,5,"[0, 4]",,up right right right up,up right right right up
2219,True,True,True,5,5,"[1, 4]",,right up up up right,right up up up right
2220,True,True,True,8,8,"[4, 0]",,left left down left left down down left,left left down left left down down left
2221,True,True,True,1,1,"[1, 0]",,left,left
2222,True,True,True,5,5,"[1, 5]",,right right up right right,right right up right right
2223,True,True,True,3,3,"[0, 2]",,right up right,right up right
2224,True,True,True,5,5,"[1, 4]",,right right right up right,right right right up right
2225,False,False,False,0,10,"[4, 5]",invalid_action,,Goal not reachable
2226,True,True,True,1,1,"[4, 1]",,down,down
2227,True,True,True,4,4,"[1, 3]",,right right right up,right right right up
2228,True,True,True,6,6,"[4, 1]",,left left left left down down,left left left left down down
2229,True,True,True,6,6,"[4, 1]",,left left left left down down,left left left left down down
2230,True,True,True,5,5,"[2, 0]",,down down left left left,down down left left left
2231,True,True,True,2,2,"[1, 0]",,down left,down left
2232,True,True,True,2,2,"[2, 0]",,up left,up left
2233,False,False,False,6,8,"[5, 3]",obstacle,left up up up up right,left up up up up right
2234,True,True,True,3,3,"[5, 2]",,down down down,down down down
2235,True,True,True,5,5,"[0, 1]",,right up up up up,right up up up up
2236,True,True,True,5,5,"[2, 5]",,right down right right down,right down right right down
2237,True,True,True,8,8,"[4, 5]",,right down right right right right down down,right down right right right right down down
2238,True,True,True,4,4,"[1, 0]",,up left up left,up left up left
2239,True,True,True,4,4,"[0, 1]",,up up up up,up up up up
2240,True,True,True,5,5,"[3, 1]",,left left left left down,left left left left down
2241,True,True,True,1,1,"[2, 4]",,down,down
2242,True,True,True,5,5,"[2, 0]",,up right up up left,up right up up left
2243,False,False,False,5,5,"[3, 3]",obstacle,right down down down right,right down down down right
2244,False,False,False,6,8,"[4, 5]",obstacle,down down down down left left,down down down down left left
2245,True,True,True,8,8,"[4, 0]",,left left down left left down down left,left left down left left down down left
2246,True,True,True,5,5,"[4, 2]",,left left left down down,left left left down down
2247,True,True,True,3,3,"[2, 2]",,down down left,down down left
2248,False,False,False,8,8,"[0, 2]",obstacle,right down down down down right down right,right down down down down right down right
2249,True,True,True,3,3,"[2, 0]",,up up left,up up left
2250,True,True,True,7,7,"[3, 0]",,left down left left down left down,left down left left down left down
2251,True,True,True,5,5,"[2, 3]",,right down right right up,right down right right up
2252,True,True,True,4,4,"[4, 0]",,up left left down,up left left down
2253,True,True,True,5,5,"[2, 1]",,left up left left down,left up left left down
2254,True,True,True,4,4,"[3, 5]",,right right down down,right right down down
2255,True,True,True,3,3,"[4, 5]",,down down down,down down down
2258,True,True,True,2,2,"[3, 0]",,up up,up up
2259,True,True,True,6,6,"[2, 4]",,right down right right up right,right down right right up right
2260,True,True,True,2,2,"[3, 1]",,down down,down down
2261,True,True,True,3,3,"[4, 2]",,down right down,down right down
2262,True,True,True,3,3,"[3, 2]",,up up left,up up left
2263,True,True,True,2,2,"[2, 4]",,down down,down down
2264,False,False,False,6,8,"[3, 3]",obstacle,up right right right right right,up right right right right right
2265,True,True,True,5,5,"[5, 3]",,right right right down down,right right right down down
2266,True,True,True,6,6,"[5, 4]",,right down down down right down,right down down down right down
2267,True,True,True,4,4,"[5, 4]",,down down left down,down down left down
2268,True,True,True,7,7,"[4, 5]",,right down right right down right right,right down right right down right right
2269,True,True,True,1,1,"[2, 4]",,left,left
2270,True,True,True,5,5,"[1, 2]",,up right up up left,up right up up left
2271,True,True,True,3,3,"[2, 1]",,left left up,left left up
2272,True,True,True,4,4,"[5, 5]",,down down down down,down down down down
2273,True,True,True,5,5,"[0, 5]",,up up up right right,up up up right right
2274,True,True,True,1,1,"[2, 4]",,left,left
2275,True,True,True,2,2,"[1, 3]",,up up,up up
2276,True,True,True,7,7,"[4, 0]",,left down down left left left down,left down down left left left down
2277,True,True,True,4,4,"[4, 3]",,left down down down,left down down down
2278,True,True,True,5,5,"[4, 5]",,right down down down down,right down down down down
2279,False,False,False,0,7,"[4, 0]",invalid_action,,Goal not reachable
2280,True,True,True,4,4,"[4, 5]",,right right right right,right right right right
2281,True,True,True,5,5,"[2, 4]",,up right right right right,up right right right right
2282,True,True,True,2,2,"[3, 4]",,left down,left down
2283,True,True,True,5,5,"[5, 2]",,left left left down down,left left left down down
2284,True,True,True,5,5,"[5, 2]",,right down down down down,right down down down down
2285,False,False,False,4,4,"[1, 2]",obstacle,left up up right,left up up right
2286,False,False,False,0,8,"[0, 3]",invalid_action,,Goal not reachable
2287,True,True,True,1,1,"[3, 1]",,left,left
2288,True,True,True,2,2,"[3, 0]",,left down,left down
2289,False,False,False,7,7,"[2, 3]",obstacle,up up right right up right up,up up right right up right up
2290,True,True,True,5,5,"[1, 2]",,up up up right right,up up up right right
2291,True,True,True,4,4,"[4, 2]",,up left left left,up left left left
2292,True,True,True,4,4,"[3, 4]",,right right right down,right right right down
2293,True,True,True,1,1,"[2, 3]",,left,left
2294,False,False,False,0,7,"[0, 4]",invalid_action,,Goal not reachable
2295,True,True,True,4,4,"[5, 2]",,right down down down,right down down down
2296,True,True,True,6,6,"[4, 0]",,left left left left down down,left left left left down down
2297,True,True,True,1,1,"[3, 1]",,up,up
2298,True,True,True,2,2,"[2, 3]",,up left,up left
2299,True,True,True,2,2,"[4, 4]",,left down,left down
2300,True,True,True,6,6,"[5, 2]",,down left left down down down,down left left down down down
2301,True,True,True,1,1,"[5, 2]",,down,down
2302,True,True,True,2,2,"[4, 3]",,right down,right down
2303,True,True,True,4,4,"[2, 2]",,up up left left,up up left left
2304,True,True,True,1,1,"[3, 1]",,left,left
2305,True,True,True,5,5,"[1, 2]",,down down left left up,down down left left up
2306,True,True,True,3,3,"[3, 3]",,up left left,up left left
2307,False,False,False,0,4,"[0, 4]",invalid_action,,Goal not reachable
2308,True,True,True,3,3,"[3, 5]",,right right down,right right down
2309,True,True,True,3,3,"[1, 1]",,up up right,up up right
2310,True,True,True,4,4,"[3, 3]",,up up left left,up up left left
2311,True,True,True,5,5,"[0, 2]",,up left up up left,up left up up left
2312,True,True,True,1,1,"[0, 5]",,right,right
2313,False,False,False,3,5,"[5, 4]",obstacle,left up left,left up left
2314,True,True,True,2,2,"[4, 2]",,right right,right right
2315,True,True,True,4,4,"[2, 4]",,left down down right,left down down right
2316,False,False,False,5,7,"[1, 3]",obstacle,right right up right right,right right up right right
2317,True,True,True,2,2,"[1, 1]",,left down,left down
2318,True,True,True,7,7,"[0, 5]",,left left up up up right right,left left up up up right right
2319,True,True,True,4,4,"[2, 3]",,right down right right,right down right right
2320,False,False,False,5,9,"[4, 3]",obstacle,right up right right down,right up right right down
2321,False,False,False,7,11,"[3, 0]",obstacle,up right right up right right right,up right right up right right right
2322,False,False,False,8,8,"[3, 0]",obstacle,up left left up up up up right,up left left up up up up right
2323,True,True,True,7,7,"[0, 2]",,right right up up up up left,right right up up up up left
2324,True,True,True,9,9,"[0, 5]",,up right right up up up up right right,up right right up up up up right right
2325,True,True,True,6,6,"[0, 1]",,up up up up left left,up up up up left left
2326,False,False,False,6,6,"[0, 4]",obstacle,up right right right down right,up right right right down right
2327,False,False,False,7,7,"[3, 3]",obstacle,up left left left left left down,up left left left left left down
2328,False,False,False,5,7,"[1, 3]",obstacle,right right up right right,right right up right right
2329,True,True,True,7,7,"[0, 0]",,up up up up left left left,up up up up left left left
2330,False,False,False,4,4,"[2, 2]",obstacle,left up left left,left up left left
2331,True,True,True,3,3,"[2, 2]",,up left left,up left left
2332,True,True,True,6,6,"[3, 3]",,right right right down down down,right right right down down down
2333,True,True,True,3,3,"[3, 0]",,left left up,left left up
2334,True,True,True,8,8,"[0, 5]",,up right up up up up right right,up right up up up up right right
2335,True,True,True,8,8,"[0, 0]",,right up up up up left left left,right up up up up left left left
2336,True,True,True,4,4,"[2, 3]",,left left down down,left left down down
2337,False,False,False,5,9,"[3, 0]",obstacle,up left up up up,up left up up up
2338,True,True,True,4,4,"[4, 1]",,left down left left,left down left left
2339,True,True,True,6,6,"[4, 5]",,right right right down right down,right right right down right down
2340,True,True,True,3,3,"[4, 3]",,right up right,right up right
2341,True,True,True,5,5,"[0, 3]",,up up up left left,up up up left left
2342,False,False,False,4,4,"[5, 1]",obstacle,right up right right,right up right right
2343,True,True,True,4,4,"[4, 4]",,left down down down,left down down down
2344,False,False,False,7,5,"[3, 0]",obstacle,up right right right down down down,up right right right down down down
2345,True,True,True,5,5,"[3, 4]",,right right down down down,right right down down down
2346,True,True,True,2,2,"[3, 4]",,up right,up right
2347,True,True,True,5,5,"[1, 4]",,up right up up right,up right up up right
2348,True,True,True,3,3,"[0, 2]",,left left left,left left left
2349,True,True,True,3,3,"[3, 5]",,right right down,right right down
2351,True,True,True,1,1,"[2, 4]",,left,left
2352,True,True,True,5,5,"[1, 2]",,up up left left left,up up left left left
2353,True,True,True,3,3,"[1, 3]",,left left down,left left down
2354,True,True,True,5,5,"[0, 3]",,up up up up left,up up up up left
2355,False,False,False,4,6,"[4, 0]",obstacle,down right right up,down right right up
2357,False,False,False,5,11,"[3, 0]",obstacle,right up up right up,right up up right up
2358,True,True,True,2,2,"[5, 4]",,right right,right right
2360,True,True,True,6,6,"[1, 5]",,left up up up up right,left up up up up right
2361,False,False,False,6,8,"[4, 0]",obstacle,right right right up up up,right right right up up up
2362,True,True,True,1,1,"[4, 2]",,down,down
2363,True,True,True,6,6,"[5, 1]",,down down down down left left,down down down down left left
2364,True,True,True,3,3,"[0, 2]",,up left left,up left left
2365,False,False,False,7,5,"[3, 0]",obstacle,up right right right down down down,up right right right down down down
2366,True,True,True,4,4,"[4, 2]",,down down left down,down down left down
2367,True,True,True,5,5,"[3, 4]",,right right down down down,right right down down down
2368,True,True,True,9,9,"[5, 0]",,left left down down down down left left left,left left down down down down left left left
2369,True,True,True,4,4,"[3, 2]",,left left down left,left left down left
2370,True,True,True,6,6,"[5, 1]",,left down down left down down,left down down left down down
2371,True,True,True,3,3,"[0, 2]",,up right right,up right right
2372,True,True,True,1,1,"[3, 4]",,left,left
2373,True,True,True,2,2,"[2, 5]",,right down,right down
2374,True,True,True,3,3,"[1, 5]",,right right right,right right right
2375,True,True,True,3,3,"[2, 2]",,up left left,up left left
2376,True,True,True,7,7,"[1, 5]",,up up up up right right right,up up up up right right right
2377,True,True,True,6,6,"[1, 0]",,up left left left left left,up left left left left left
2378,True,True,True,1,1,"[2, 4]",,right,right
2379,True,True,True,3,3,"[3, 3]",,up left left,up left left
2380,True,True,True,4,4,"[4, 5]",,right right down down,right right down down
2381,True,True,True,3,3,"[1, 5]",,up up up,up up up
2382,True,True,True,3,3,"[2, 2]",,up up up,up up up
2383,False,True,False,5,7,"[4, 0]",,left left left down left,left left left down left
2384,True,True,True,5,5,"[4, 1]",,left left down left down,left left down left down
2385,True,True,True,3,3,"[1, 1]",,up up left,up up left
2386,True,True,True,3,3,"[3, 2]",,left left down,left left down
2387,True,True,True,7,7,"[3, 4]",,right right down right right down down,right right down right right down down
2388,True,True,True,2,2,"[3, 2]",,left down,left down
2389,True,True,True,1,1,"[2, 2]",,down,down
2390,True,True,True,3,3,"[4, 0]",,left down left,left down left
2391,True,True,True,1,1,"[2, 3]",,right,right
2392,True,True,True,4,4,"[3, 3]",,up up right right,up up right right
2393,True,True,True,2,2,"[2, 5]",,right right,right right
2394,True,True,True,1,1,"[0, 1]",,right,right
2395,True,True,True,2,2,"[1, 2]",,right down,right down
2396,True,True,True,5,5,"[1, 3]",,up up up up right,up up up up right
2397,True,True,True,5,5,"[0, 1]",,up left left up left,up left left up left
2398,True,True,True,1,1,"[4, 1]",,right,right
2399,True,True,True,3,3,"[4, 0]",,left down left,left down left
2400,False,False,False,7,7,"[4, 0]",obstacle,up right right up right right down,up right right up right right down
2401,True,True,True,5,5,"[0, 5]",,up up up up right,up up up up right
2402,True,True,True,6,6,"[1, 0]",,up up left left left left,up up left left left left
2403,True,True,True,3,3,"[5, 3]",,down down down,down down down
2404,True,True,True,3,3,"[0, 3]",,up up up,up up up
2405,True,True,True,4,4,"[0, 4]",,up up up up,up up up up
2406,True,True,True,7,7,"[5, 5]",,right right right up right right down,right right right up right right down
2407,True,True,True,6,6,"[1, 5]",,down right right right right right,down right right right right right
2408,True,True,True,7,7,"[4, 5]",,right right right down down down right,right right right down down down right
2409,False,False,False,9,9,"[1, 2]",obstacle,down right right down right right down down right,down right right down right right down down right
2411,False,False,False,8,6,"[4, 2]",obstacle,left left left up left left down down,left left left up left left down down
2412,False,False,False,7,9,"[4, 0]",obstacle,right right right up up up up,right right right up up up up
2413,True,True,True,6,6,"[1, 5]",,up up up up right right,up up up up right right
2414,False,False,False,5,5,"[1, 2]",obstacle,up right right down right,up right right down right
2415,True,True,True,5,5,"[0, 4]",,up up up up right,up up up up right
2416,True,True,True,2,2,"[0, 4]",,up left,up left
2417,True,True,True,1,1,"[1, 3]",,right,right
2418,True,True,True,6,6,"[5, 3]",,right down down down down down,right down down down down down
2420,True,True,True,3,3,"[4, 4]",,right down down,right down down
2421,True,True,True,3,3,"[4, 5]",,right right right,right right right
2422,True,True,True,2,2,"[3, 4]",,left down,left down
2423,True,True,True,2,2,"[0, 4]",,up right,up right
2424,True,True,True,3,3,"[1, 3]",,up up left,up up left
2425,True,True,True,4,4,"[4, 3]",,down down down down,down down down down
2426,True,True,True,7,7,"[5, 5]",,right down down down down right down,right down down down down right down
2427,False,False,False,6,10,"[2, 0]",obstacle,down down down down right down,down down down down right down
2428,False,False,False,8,10,"[2, 0]",obstacle,down down right right right right right down,down down right right right right right down
2429,False,False,False,10,10,"[2, 5]",obstacle,down right right right right down right down down down,down right right right right down right down down down
2430,True,True,True,1,1,"[4, 2]",,up,up
2431,True,True,True,1,1,"[3, 4]",,right,right
2432,True,True,True,2,2,"[5, 1]",,down down,down down
2433,True,True,True,2,2,"[3, 2]",,left down,left down
2434,True,True,True,1,1,"[5, 0]",,down,down
2435,True,True,True,3,3,"[4, 0]",,left down left,left down left
2436,True,True,True,7,7,"[2, 5]",,right up up right right right right,right up up right right right right
2437,True,True,True,3,3,"[2, 2]",,left left down,left left down
2438,True,True,True,3,3,"[2, 5]",,right right right,right right right
2439,True,True,True,3,3,"[1, 3]",,up up right,up up right
2440,True,True,True,4,4,"[5, 3]",,right down down right,right down down right
2441,True,True,True,5,5,"[5, 5]",,right down right right right,right down right right right
2443,True,True,True,2,2,"[2, 3]",,up left,up left
2444,True,True,True,1,1,"[1, 4]",,down,down
2445,True,True,True,5,5,"[3, 1]",,left left up up left,left left up up left
2446,True,True,True,3,3,"[2, 4]",,up right right,up right right
2447,True,True,True,2,2,"[2, 1]",,up left,up left
2448,True,True,True,3,3,"[5, 0]",,down left down,down left down
2449,True,True,True,5,5,"[5, 4]",,right right down right right,right right down right right
2450,True,True,True,4,4,"[3, 1]",,left left left left,left left left left
2451,False,False,False,5,7,"[5, 3]",obstacle,left up up up right,left up up up right
2452,True,True,True,3,3,"[5, 0]",,left left down,left left down
2453,True,True,True,1,1,"[0, 4]",,up,up
2454,True,True,True,9,9,"[0, 4]",,up right up up right right up up right,up right up up right right up up right
2455,False,False,False,0,9,"[0, 5]",invalid_action,,Goal not reachable
2456,True,True,True,8,8,"[1, 5]",,up up up right up right right right,up up up right up right right right
2457,True,True,True,4,4,"[2, 2]",,up up up right,up up up right
2458,False,False,False,5,5,"[5, 4]",obstacle,left up up left left,left up up left left
2459,True,True,True,3,3,"[1, 2]",,right right up,right right up
2460,True,True,True,1,1,"[3, 4]",,down,down
2461,True,True,True,5,5,"[0, 3]",,up up up left up,up up up left up
2462,False,False,False,6,10,"[5, 3]",obstacle,left left up left left down,left left up left left down
2463,True,True,True,3,3,"[3, 0]",,left left up,left left up
2464,False,False,False,5,7,"[3, 2]",obstacle,right up right right down,right up right right down
2465,True,True,True,5,5,"[0, 5]",,up up up right up,up up up right up
2466,True,True,True,5,5,"[0, 2]",,up left left up left,up left left up left
2467,True,True,True,1,1,"[4, 1]",,right,right
2468,True,True,True,1,1,"[3, 4]",,down,down
2469,True,True,True,6,6,"[1, 3]",,right right up up up right,right right up up up right
2470,True,True,True,3,3,"[3, 4]",,right right down,right right down
2471,True,True,True,6,6,"[4, 1]",,left left down down down left,left left down down down left
2472,True,True,True,2,2,"[2, 2]",,left down,left down
2473,False,False,False,6,8,"[3, 0]",obstacle,up left up up up up,up left up up up up
2474,True,True,True,2,2,"[3, 0]",,left up,left up
2475,False,False,False,6,6,"[3, 0]",obstacle,up left up up up right,up left up up up right
2476,False,False,False,7,7,"[4, 2]",obstacle,up right right right up up right,up right right right up up right
2477,True,True,True,2,2,"[1, 3]",,up left,up left
2478,True,True,True,1,1,"[4, 2]",,right,right
2479,True,True,True,1,1,"[2, 4]",,right,right
2480,True,True,True,1,1,"[2, 2]",,right,right
2481,False,False,False,7,7,"[3, 0]",obstacle,up up right up up right right,up up right up up right right
2482,False,False,False,4,8,"[3, 0]",obstacle,right up up up,right up up up
2483,True,True,True,3,3,"[0, 2]",,up up up,up up up
2484,True,True,True,2,2,"[4, 2]",,right right,right right
2485,True,True,True,3,3,"[0, 2]",,up up left,up up left
2486,True,True,True,3,3,"[0, 1]",,up up left,up up left
2487,False,False,False,5,11,"[4, 2]",obstacle,down right right down right,down right right down right
2488,True,True,True,4,4,"[3, 2]",,up right right up,up right right up
2489,True,True,True,6,6,"[4, 1]",,left down down down down left,left down down down down left
2490,True,True,True,3,3,"[2, 3]",,right right down,right right down
2491,False,False,False,7,7,"[4, 2]",obstacle,up right up up up up right,up right up up up up right
2492,True,True,True,2,2,"[4, 4]",,right down,right down
2493,True,True,True,2,2,"[1, 2]",,up left,up left
2494,True,True,True,5,5,"[5, 1]",,left down left left down,left down left left down
2495,True,True,True,3,3,"[0, 5]",,up up up,up up up
2496,True,True,True,2,2,"[0, 4]",,up left,up left
2497,True,True,True,4,4,"[0, 2]",,up left left left,up left left left
2498,True,True,True,1,1,"[2, 2]",,right,right
2499,True,True,True,5,5,"[2, 0]",,left left left left down,left left left left down
2500,True,True,True,1,1,"[2, 3]",,up,up
2501,True,True,True,1,1,"[5, 2]",,down,down
2502,True,True,True,4,4,"[4, 2]",,left down down left,left down down left
2503,True,True,True,3,3,"[3, 4]",,down down down,down down down
2504,True,True,True,2,2,"[4, 3]",,left down,left down
2505,True,True,True,4,4,"[3, 3]",,left left down down,left left down down
2506,True,True,True,3,3,"[3, 3]",,up left left,up left left
2507,True,True,True,5,5,"[1, 5]",,up up up right right,up up up right right
2508,True,True,True,1,1,"[1, 2]",,down,down
2509,True,True,True,5,5,"[3, 0]",,up left left left down,up left left left down
2510,True,True,True,2,2,"[4, 2]",,left left,left left
2511,True,True,True,2,2,"[1, 4]",,up right,up right
2512,True,True,True,4,4,"[2, 5]",,right right right right,right right right right
2513,True,True,True,6,6,"[4, 5]",,right right down down down down,right right down down down down
2514,True,True,True,5,5,"[3, 5]",,right right down down down,right right down down down
2515,True,True,True,5,5,"[4, 5]",,up right right right right,up right right right right
2516,True,True,True,3,3,"[0, 3]",,up up left,up up left
2517,True,True,True,3,3,"[1, 0]",,down left left,down left left
2518,True,True,True,2,2,"[1, 4]",,up right,up right
2519,True,True,True,3,3,"[3, 5]",,up right right,up right right
2520,True,True,True,3,3,"[4, 2]",,up left left,up left left
2521,True,True,True,4,4,"[3, 1]",,up left left left,up left left left
2522,True,True,True,2,2,"[5, 3]",,down down,down down
2523,True,True,True,3,3,"[5, 1]",,left left down,left left down
2524,True,True,True,3,3,"[4, 3]",,right right right,right right right
2526,True,True,True,5,5,"[4, 2]",,left down down left down,left down down left down
2527,True,True,True,5,5,"[1, 3]",,up up up up left,up up up up left
2528,True,True,True,4,4,"[4, 5]",,right down down right,right down down right
2531,True,True,True,4,4,"[5, 4]",,left down down down,left down down down
2533,True,True,True,3,3,"[3, 2]",,up up right,up up right
2534,True,True,True,4,4,"[3, 2]",,left up left left,left up left left
2535,True,True,True,7,7,"[5, 0]",,left down left left down left down,left down left left down left down
2536,True,True,True,6,6,"[4, 1]",,left left down left left down,left left down left left down
2537,True,True,True,5,5,"[3, 4]",,up up right right right,up up right right right
2538,True,True,True,5,5,"[5, 1]",,left left left left down,left left left left down
2540,True,True,True,1,1,"[4, 2]",,left,left
2541,True,True,True,1,1,"[3, 2]",,right,right
2542,True,True,True,3,3,"[5, 5]",,down right down,down right down
2543,True,True,True,1,1,"[2, 3]",,up,up
2544,True,True,True,5,5,"[5, 1]",,left left left down down,left left left down down
2545,True,True,True,1,1,"[1, 4]",,up,up
2546,True,True,True,2,2,"[0, 0]",,up left,up left
2547,True,True,True,6,6,"[3, 0]",,left up left left left left,left up left left left left
2549,True,True,True,1,1,"[5, 0]",,down,down
2550,True,True,True,2,2,"[4, 3]",,up right,up right
2551,True,True,True,2,2,"[3, 4]",,up up,up up
2552,True,True,True,1,1,"[5, 4]",,right,right
2553,True,True,True,3,3,"[0, 3]",,left left up,left left up
2554,True,True,True,4,4,"[5, 2]",,down down down down,down down down down
2555,True,True,True,4,4,"[5, 1]",,down down down down,down down down down
2556,True,True,True,4,4,"[5, 1]",,left left left down,left left left down
2557,True,True,True,3,3,"[4, 5]",,up right right,up right right
2558,True,True,True,5,5,"[1, 5]",,up up up up right,up up up up right
2559,True,True,True,3,3,"[5, 5]",,down right down,down right down
2560,True,True,True,4,4,"[4, 2]",,right right down down,right right down down
2561,True,True,True,3,3,"[1, 2]",,up up up,up up up
2562,False,False,False,6,6,"[3, 2]",obstacle,right down right right down down,right down right right down down
2563,True,True,True,2,2,"[3, 4]",,down down,down down
2564,True,True,True,5,5,"[1, 5]",,right up up up right,right up up up right
2565,True,True,True,4,4,"[3, 4]",,up right right up,up right right up
2566,False,False,False,6,6,"[3, 4]",obstacle,left down down right down down,left down down right down down
2567,True,True,True,2,2,"[4, 3]",,down right,down right
2568,True,True,True,1,1,"[2, 2]",,down,down
2569,True,True,True,5,5,"[1, 1]",,up up up right up,up up up right up
2570,True,True,True,7,7,"[1, 4]",,up up right up right right right,up up right up right right right
2571,True,True,True,7,7,"[2, 5]",,right down right right up up right,right down right right up up right
2572,True,True,True,6,6,"[2, 2]",,up left left left up up,up left left left up up
2573,True,True,True,5,5,"[3, 2]",,left left left down down,left left left down down
2574,True,True,True,4,4,"[1, 1]",,up up up left,up up up left
2575,True,True,True,1,1,"[2, 4]",,left,left
2576,True,True,True,3,3,"[0, 3]",,up left up,up left up
2577,True,True,True,5,5,"[0, 3]",,up up right right up,up up right right up
2578,True,True,True,5,5,"[2, 4]",,up right right up up,up right right up up
2579,True,True,True,2,2,"[1, 4]",,right right,right right
2580,True,True,True,4,4,"[4, 5]",,up right right right,up right right right
2581,True,True,True,1,1,"[3, 5]",,right,right
2582,True,True,True,2,2,"[1, 2]",,up left,up left
2583,True,True,True,4,4,"[0, 4]",,up up up left,up up up left
2584,True,True,True,4,4,"[0, 4]",,up up up left,up up up left
2585,True,True,True,2,2,"[4, 2]",,right down,right down
2586,True,True,True,6,6,"[4, 5]",,right right up right right right,right right up right right right
2587,True,True,True,5,5,"[1, 1]",,left left left left down,left left left left down
2588,True,True,True,4,4,"[0, 5]",,up up right right,up up right right
2589,True,True,True,8,8,"[5, 1]",,left left down down down down down left,left left down down down down down left
2590,True,True,True,6,6,"[1, 2]",,right right up up up up,right right up up up up
2591,True,True,True,3,3,"[2, 2]",,up up left,up up left
2592,True,True,True,6,6,"[0, 5]",,up up up right right right,up up up right right right
2593,True,True,True,2,2,"[3, 5]",,right right,right right
2594,True,True,True,2,2,"[3, 4]",,up up,up up
2595,True,True,True,6,6,"[5, 4]",,down down down right down down,down down down right down down
2596,True,True,True,5,5,"[0, 1]",,up left left left left,up left left left left
2597,False,False,False,6,6,"[2, 3]",obstacle,right right down right down down,right right down right down down
2598,True,True,True,3,3,"[4, 4]",,down left down,down left down
2599,True,True,True,6,6,"[0, 3]",,up up up up left left,up up up up left left
2600,True,True,True,7,7,"[3, 1]",,left left left left down down down,left left left left down down down
2601,True,True,True,6,6,"[5, 3]",,right right down down down down,right right down down down down
2602,True,True,True,4,4,"[4, 3]",,down left left down,down left left down
2603,True,True,True,3,3,"[3, 3]",,right right down,right right down
2604,True,True,True,3,3,"[5, 2]",,left down down,left down down
2605,True,True,True,1,1,"[3, 3]",,left,left
2606,False,False,False,7,7,"[2, 3]",obstacle,up up up right right right up,up up up right right right up
2607,True,True,True,3,3,"[3, 2]",,left left left,left left left
2608,True,True,True,3,3,"[1, 0]",,up left left,up left left
2609,True,True,True,2,2,"[0, 2]",,up left,up left
2610,True,True,True,2,2,"[3, 4]",,up up,up up
2611,True,True,True,5,5,"[4, 1]",,left left down down down,left left down down down
2612,True,True,True,2,2,"[4, 1]",,up left,up left
2613,True,True,True,2,2,"[3, 3]",,down down,down down
2614,True,True,True,6,6,"[0, 4]",,right up up up up up,right up up up up up
2615,True,True,True,3,3,"[5, 2]",,right down down,right down down
2616,False,False,False,7,7,"[2, 4]",obstacle,right right right down right down down,right right right down right down down
2617,True,True,True,3,3,"[5, 5]",,right right right,right right right
2618,True,True,True,3,3,"[0, 2]",,up right up,up right up
2619,True,True,True,4,4,"[2, 0]",,left left left left,left left left left
2620,True,True,True,5,5,"[5, 5]",,right down right right right,right down right right right
2621,True,True,True,7,7,"[0, 5]",,right up up up up up right,right up up up up up right
2622,True,True,True,4,4,"[5, 2]",,left down down down,left down down down
2623,False,False,False,7,7,"[2, 4]",obstacle,right right right right down right down,right right right right down right down
2624,True,True,True,3,3,"[0, 2]",,up right up,up right up
2625,True,True,True,1,1,"[0, 4]",,right,right
2626,True,True,True,3,3,"[5, 4]",,left down down,left down down
2627,True,True,True,9,9,"[1, 0]",,up up left up up left left left left,up up left up up left left left left
2628,True,True,True,4,4,"[2, 3]",,up up right right,up up right right
2629,True,True,True,4,4,"[4, 2]",,left left left up,left left left up
2630,True,True,True,5,5,"[1, 4]",,up up left up up,up up left up up
2631,True,True,True,1,1,"[2, 2]",,right,right
2632,True,True,True,3,3,"[2, 1]",,up left left,up left left
2633,True,True,True,2,2,"[4, 2]",,left up,left up
2634,True,True,True,8,8,"[0, 5]",,up up up up up right right right,up up up up up right right right
2635,True,True,True,6,6,"[5, 5]",,right right down right down down,right right down right down down
2636,True,True,True,4,4,"[4, 4]",,right down down down,right down down down
2637,True,True,True,6,6,"[4, 4]",,right right right down down down,right right right down down down
2638,True,True,True,5,5,"[2, 3]",,left up up up right,left up up up right
2639,True,True,True,3,3,"[1, 4]",,up up up,up up up
2640,True,True,True,5,5,"[4, 4]",,up right right right right,up right right right right
2641,True,True,True,6,6,"[5, 0]",,up left left left left down,up left left left left down
2642,True,True,True,2,2,"[1, 3]",,right right,right right
2643,False,False,False,7,13,"[4, 4]",obstacle,right up up left up up right,right up up left up up right
2644,False,False,False,3,9,"[2, 3]",obstacle,left down left,left down left
2645,True,True,True,4,4,"[1, 1]",,left left left down,left left left down
2646,False,False,False,7,13,"[4, 4]",obstacle,right up up left up up right,right up up left up up right
2647,False,False,False,6,8,"[1, 2]",obstacle,left down down left down down,left down down left down down
2648,True,True,True,7,7,"[1, 1]",,left left up left up up right,left left up left up up right
2649,True,True,True,3,3,"[4, 0]",,left left down,left left down
2650,False,False,False,8,12,"[3, 2]",obstacle,up left left up up up up right,up left left up up up up right
2651,True,True,True,6,6,"[4, 1]",,left left down down right down,left left down down right down
2652,False,False,False,5,15,"[3, 5]",obstacle,down left down down right,down left down down right
2653,True,True,True,6,6,"[2, 5]",,right right down down right right,right right down down right right
2654,False,False,False,4,8,"[3, 2]",obstacle,right up up up,right up up up
2655,False,False,False,9,9,"[2, 3]",obstacle,right right right down down down down right down,right right right down down down down right down
2656,False,False,False,8,10,"[3, 2]",obstacle,up right right up up up right right,up right right up up up right right
2657,True,True,True,4,4,"[1, 3]",,right right right down,right right right down
2658,True,True,True,4,4,"[3, 2]",,up up right right,up up right right
2659,True,True,True,5,5,"[0, 4]",,left left up up right,left left up up right
2660,True,True,True,5,5,"[4, 3]",,down right right down right,down right right down right
2661,False,False,False,10,10,"[2, 3]",obstacle,right right right down down down right down down right,right right right down down down right down down right
2662,True,True,True,3,3,"[0, 1]",,up left left,up left left
2663,False,False,False,8,8,"[3, 2]",obstacle,left left up up up up left left,left left up up up up left left
2664,True,True,True,3,3,"[2, 0]",,left left up,left left up
2665,True,True,True,3,3,"[1, 1]",,left left down,left left down
2666,True,True,True,5,5,"[4, 4]",,right right down right right,right right down right right
2667,True,True,True,3,3,"[2, 5]",,down right right,down right right
2668,True,True,True,3,3,"[0, 3]",,up right right,up right right
2669,True,True,True,5,5,"[5, 1]",,up left left left down,up left left left down
2670,True,True,True,3,3,"[1, 3]",,left up left,left up left
2671,True,True,True,8,8,"[0, 4]",,up up up up right right right right,up up up up right right right right
2672,True,True,True,2,2,"[1, 4]",,left up,left up
2673,True,True,True,3,3,"[2, 4]",,right right down,right right down
2674,True,True,True,3,3,"[3, 2]",,right right down,right right down
2675,True,True,True,7,7,"[0, 1]",,up left up up left left left,up left up up left left left
2677,True,True,True,4,4,"[0, 1]",,up up up left,up up up left
2680,True,True,True,4,4,"[2, 2]",,right right down down,right right down down
2681,True,True,True,3,3,"[0, 1]",,left left left,left left left
2683,True,True,True,5,5,"[0, 1]",,up up left left left,up up left left left
2684,True,True,True,3,3,"[0, 2]",,up up left,up up left
2685,True,True,True,1,1,"[1, 4]",,up,up
2686,True,True,True,7,7,"[0, 1]",,up left up up left left left,up left up up left left left
2687,False,False,False,8,8,"[1, 4]",obstacle,right right right right down right down down,right right right right down right down down
2688,True,True,True,5,5,"[3, 5]",,right right right right down,right right right right down
2689,True,True,True,3,3,"[2, 1]",,left down down,left down down
2690,True,True,True,6,6,"[3, 4]",,right right right down down down,right right right down down down
2691,True,True,True,3,3,"[0, 1]",,left left left,left left left
2692,True,True,True,4,4,"[0, 3]",,left up up left,left up up left
2693,True,True,True,4,4,"[1, 2]",,right up up up,right up up up
2695,True,True,True,2,2,"[3, 4]",,left down,left down
2696,True,True,True,2,2,"[0, 4]",,up right,up right
2697,True,True,True,8,8,"[0, 3]",,up up up up up right right right,up up up up up right right right
2698,True,True,True,5,5,"[2, 3]",,right right right down down,right right right down down
2699,True,True,True,3,3,"[1, 4]",,up right right,up right right
2701,True,True,True,2,2,"[2, 2]",,up up,up up
2702,True,True,True,1,1,"[1, 3]",,left,left
2703,True,True,True,3,3,"[4, 0]",,up left left,up left left
2706,True,True,True,7,7,"[3, 0]",,left left down left down left left,left left down left down left left
2707,True,True,True,1,1,"[4, 1]",,down,down
2708,True,True,True,4,4,"[2, 1]",,left left left left,left left left left
2711,True,True,True,3,3,"[2, 3]",,up up left,up up left
2712,True,True,True,3,3,"[2, 3]",,up up left,up up left
2713,True,True,True,7,7,"[1, 5]",,up up right right up right right,up up right right up right right
2714,True,True,True,5,5,"[0, 4]",,right right up right up,right right up right up
2716,True,True,True,2,2,"[0, 4]",,up up,up up
2717,True,True,True,6,6,"[4, 2]",,left left down left down down,left left down left down down
2718,True,True,True,2,2,"[4, 4]",,left down,left down
2719,True,True,True,6,6,"[5, 0]",,left left left left down down,left left left left down down
2720,True,True,True,4,4,"[0, 4]",,up up up up,up up up up
2721,True,True,True,6,6,"[3, 2]",,left down left down left down,left down left down left down
2722,True,True,True,2,2,"[2, 1]",,up left,up left
2723,True,True,True,1,1,"[4, 1]",,down,down
2724,True,True,True,4,4,"[2, 2]",,up right up right,up right up right
2725,True,True,True,1,1,"[2, 5]",,up,up
2726,True,True,True,7,7,"[0, 4]",,up up right right up right up,up up right right up right up
2727,True,True,True,3,3,"[0, 5]",,right up right,right up right
2728,True,True,True,4,4,"[1, 3]",,up up right up,up up right up
2729,True,True,True,8,8,"[0, 5]",,up up up right up right up right,up up up right up right up right
2730,False,False,False,0,3,"[3, 4]",invalid_action,,Goal not reachable
2731,False,False,False,7,5,"[2, 3]",obstacle,left left down down left left up,left left down down left left up
2732,True,True,True,2,2,"[3, 0]",,up left,up left
2733,False,False,False,6,8,"[4, 3]",obstacle,left up up up up right,left up up up up right
2734,True,True,True,2,2,"[1, 1]",,right down,right down
2735,True,True,True,3,3,"[1, 5]",,right up up,right up up
2736,True,True,True,2,2,"[1, 1]",,left up,left up
2737,True,True,True,6,6,"[4, 1]",,left left down down down down,left left down down down down
2738,True,True,True,3,3,"[1, 5]",,right up up,right up up
2739,False,False,False,6,15,"[4, 1]",obstacle,left up right right right down,left up right right right down
2740,True,True,True,6,6,"[5, 2]",,right down down down down right,right down down down down right
2741,True,True,True,4,4,"[3, 1]",,down left left down,down left left down
2742,True,True,True,4,4,"[3, 0]",,down down down left,down down down left
2743,False,False,False,7,9,"[1, 4]",obstacle,right down down down down down right,right down down down down down right
2744,True,True,True,6,6,"[0, 0]",,up right up up up left,up right up up up left
2745,True,True,True,3,3,"[1, 3]",,right right down,right right down
2746,True,True,True,5,5,"[5, 5]",,down left down down right,down left down down right
2747,True,True,True,2,2,"[3, 0]",,down left,down left
2748,True,True,True,4,4,"[0, 0]",,left left left left,left left left left
2749,True,True,True,4,4,"[2, 3]",,up up right right,up up right right
2750,True,True,True,2,2,"[3, 5]",,up right,up right
2751,False,False,False,8,8,"[3, 2]",obstacle,up right right right up right up right,up right right right up right up right
2752,False,False,False,7,7,"[5, 2]",obstacle,right right up up up up left,right right up up up up left
2753,True,True,True,4,4,"[4, 4]",,down down left down,down down left down
2754,True,True,True,7,7,"[5, 0]",,right down down down left down down,right down down down left down down
2755,True,True,True,4,4,"[2, 2]",,left down down right,left down down right
2756,False,False,False,7,7,"[5, 2]",obstacle,right right up up up up left,right right up up up up left
2757,False,False,False,7,7,"[2, 3]",obstacle,down right right down right right up,down right right down right right up
2758,True,True,True,3,3,"[0, 1]",,left left left,left left left
2759,True,True,True,2,2,"[3, 1]",,up right,up right
2760,True,True,True,3,3,"[3, 4]",,right up up,right up up
2761,True,True,True,5,5,"[2, 2]",,left down down left left,left down down left left
2762,True,True,True,4,4,"[0, 4]",,up up up up,up up up up
2763,True,True,True,2,2,"[0, 5]",,right right,right right
2764,True,True,True,4,4,"[0, 5]",,right up up right,right up up right
2765,True,True,True,1,1,"[3, 1]",,left,left
2766,True,True,True,5,5,"[4, 1]",,left left left down down,left left left down down
2767,False,False,False,6,8,"[2, 3]",obstacle,right down right right up up,right down right right up up
2768,True,True,True,3,3,"[1, 4]",,up right up,up right up
2769,False,False,False,7,7,"[2, 3]",obstacle,right down right right up up right,right down right right up up right
2770,True,True,True,1,1,"[0, 4]",,left,left
2771,True,True,True,5,5,"[1, 4]",,up right right right up,up right right right up
2772,True,True,True,1,1,"[4, 5]",,up,up
2773,True,True,True,6,6,"[5, 0]",,left left up left left down,left left up left left down
2774,False,False,False,4,4,"[2, 2]",obstacle,left up up right,left up up right
2775,False,False,False,8,8,"[2, 2]",obstacle,left up up up up left up left,left up up up up left up left
2776,True,True,True,4,4,"[2, 2]",,left down left left,left down left left
2777,True,True,True,2,2,"[1, 4]",,right up,right up
2778,True,True,True,1,1,"[4, 0]",,up,up
2779,True,True,True,3,3,"[3, 1]",,right down down,right down down
2780,True,True,True,6,6,"[5, 3]",,down right down down down right,down right down down down right
2781,True,True,True,2,2,"[1, 5]",,right down,right down
2782,True,True,True,3,3,"[5, 5]",,right right right,right right right
2783,True,True,True,5,5,"[5, 4]",,right right right down down,right right right down down
2784,False,False,False,7,7,"[0, 1]",obstacle,right up right right right right down,right up right right right right down
2785,False,False,False,7,7,"[2, 3]",obstacle,right down right right up up right,right down right right up up right
2786,True,True,True,9,9,"[5, 0]",,left down left left down left down left down,left down left left down left down left down
2787,False,False,False,5,5,"[5, 3]",obstacle,left left up left left,left left up left left
2788,True,True,True,6,6,"[3, 3]",,right down down right right down,right down down right right down
2789,True,True,True,6,6,"[3, 1]",,down down left left left down,down down left left left down
2790,True,True,True,1,1,"[3, 3]",,up,up
2791,True,True,True,4,4,"[5, 5]",,down right right down,down right right down
2792,True,True,True,2,2,"[4, 3]",,down down,down down
2793,True,True,True,2,2,"[2, 4]",,up right,up right
2794,True,True,True,1,1,"[0, 3]",,left,left
2795,True,True,True,6,6,"[4, 0]",,down left left left left left,down left left left left left
2796,True,True,True,4,4,"[0, 1]",,up up right up,up up right up
2797,True,True,True,4,4,"[1, 2]",,up up right right,up up right right
2798,True,True,True,2,2,"[2, 4]",,up right,up right
2799,False,False,False,8,8,"[1, 2]",obstacle,up right right up right right right down,up right right up right right right down
2800,True,True,True,3,3,"[3, 3]",,left left up,left left up
2801,False,False,False,5,7,"[1, 3]",obstacle,up right right right right,up right right right right
2802,True,True,True,2,2,"[2, 3]",,down down,down down
2803,True,True,True,6,6,"[5, 4]",,down down down down right down,down down down down right down
2804,True,True,True,5,5,"[4, 4]",,down down down down right,down down down down right
2805,True,True,True,4,4,"[3, 1]",,left left down down,left left down down
2806,True,True,True,4,4,"[1, 0]",,up up up left,up up up left
2807,True,True,True,4,4,"[1, 2]",,left up up right,left up up right
2808,True,True,True,7,7,"[0, 1]",,up up up up left left up,up up up up left left up
2809,True,True,True,2,2,"[3, 3]",,right right,right right
2810,True,True,True,5,5,"[0, 4]",,right right right up right,right right right up right
2811,False,False,False,8,8,"[2, 3]",obstacle,left down down left left left down down,left down down left left left down down
2812,False,False,False,7,7,"[3, 2]",obstacle,right right up right right right up,right right up right right right up
2813,True,True,True,8,8,"[0, 4]",,up up up left left up up right,up up up left left up up right
2814,True,True,True,4,4,"[1, 0]",,up left left left,up left left left
2815,True,True,True,8,8,"[4, 0]",,down left left down left left left down,down left left down left left left down
2816,True,True,True,2,2,"[4, 3]",,up left,up left
2817,True,True,True,5,5,"[3, 5]",,down down right right down,down down right right down
2818,True,True,True,3,3,"[1, 2]",,up right right,up right right
2819,True,True,True,6,6,"[0, 4]",,up right right right up right,up right right right up right
2820,True,True,True,2,2,"[1, 0]",,up up,up up
2821,True,True,True,7,7,"[4, 4]",,right right right right down down down,right right right right down down down
2824,True,True,True,4,4,"[3, 2]",,left left down down,left left down down
2825,True,True,True,1,1,"[3, 4]",,down,down
2826,True,True,True,3,3,"[4, 4]",,up right right,up right right
2827,True,True,True,2,2,"[2, 2]",,up up,up up
2828,True,True,True,4,4,"[1, 3]",,right up up right,right up up right
2829,True,True,True,4,4,"[4, 2]",,left down left left,left down left left
2830,True,True,True,7,7,"[1, 3]",,up up up up right right right,up up up up right right right
2831,True,True,True,1,1,"[2, 5]",,up,up
2832,True,True,True,5,5,"[5, 2]",,down right right down down,down right right down down
2833,True,True,True,6,6,"[0, 1]",,left up up up left up,left up up up left up
2834,True,True,True,5,5,"[1, 4]",,right up up right right,right up up right right
2835,True,True,True,4,4,"[2, 2]",,right down right down,right down right down
2836,True,True,True,4,4,"[1, 3]",,right up up right,right up up right
2837,True,True,True,3,3,"[4, 4]",,down right right,down right right
2838,True,True,True,5,5,"[1, 4]",,up right right right right,up right right right right
2839,False,False,False,6,6,"[3, 1]",obstacle,up left left up up up,up left left up up up
2840,True,True,True,4,4,"[5, 3]",,right down right down,right down right down
2841,True,True,True,5,5,"[4, 0]",,up left left left left,up left left left left
2842,False,False,False,6,6,"[1, 3]",obstacle,down right right down right right,down right right down right right
2843,True,True,True,3,3,"[5, 2]",,left left down,left left down
2844,True,True,True,3,3,"[4, 2]",,down down down,down down down
2845,True,True,True,7,7,"[5, 5]",,right right down down down down right,right right down down down down right
2846,False,False,False,7,7,"[3, 5]",obstacle,down down left left left left left,down down left left left left left
2847,True,True,True,4,4,"[0, 1]",,up up up right,up up up right
2848,True,True,True,4,4,"[4, 0]",,up left left left,up left left left
2849,True,True,True,4,4,"[3, 5]",,right down right down,right down right down
2850,True,True,True,5,5,"[2, 5]",,up right right right up,up right right right up
2851,True,True,True,5,5,"[4, 1]",,right down down down down,right down down down down
2852,True,True,True,5,5,"[1, 2]",,up up up up right,up up up up right
2853,True,True,True,5,5,"[2, 1]",,left up up up left,left up up up left
2854,True,True,True,3,3,"[3, 3]",,right down right,right down right
2855,True,True,True,7,7,"[0, 0]",,up up up up up left left,up up up up up left left
2856,True,True,True,2,2,"[3, 2]",,right right,right right
2857,True,True,True,5,5,"[3, 5]",,up right right right right,up right right right right
2858,True,True,True,5,5,"[3, 3]",,right down down down right,right down down down right
2859,True,True,True,1,1,"[2, 1]",,left,left
2860,True,True,True,1,1,"[3, 1]",,left,left
2861,True,True,True,7,7,"[5, 2]",,right right down down down down down,right right down down down down down
2862,True,True,True,1,1,"[3, 4]",,right,right
2864,True,True,True,3,3,"[3, 2]",,left down down,left down down
2865,True,True,True,3,3,"[3, 1]",,down down down,down down down
2866,True,True,True,1,1,"[5, 2]",,down,down
2867,True,True,True,6,6,"[1, 1]",,left left left up up left,left left left up up left
2868,False,False,False,9,9,"[2, 2]",obstacle,right down down right right right down down down,right down down right right right down down down
2869,True,True,True,2,2,"[3, 1]",,left down,left down
2870,False,False,False,5,7,"[1, 3]",obstacle,right down down right down,right down down right down
2871,True,True,True,4,4,"[4, 0]",,left left down down,left left down down
2872,True,True,True,1,1,"[4, 1]",,left,left
2873,True,True,True,3,3,"[3, 3]",,right right right,right right right
2874,False,False,False,6,8,"[5, 3]",obstacle,right right down right right right,right right down right right right
2875,True,True,True,6,6,"[5, 3]",,right right down down down right,right right down down down right
2876,True,True,True,7,7,"[5, 0]",,right down down left down down down,right down down left down down down
2877,True,True,True,5,5,"[4, 1]",,left left left left down,left left left left down
2878,True,True,True,2,2,"[2, 0]",,down left,down left
2879,True,True,True,3,3,"[4, 1]",,left up left,left up left
2880,True,True,True,4,4,"[2, 5]",,right right right right,right right right right
2881,False,False,False,7,7,"[2, 3]",obstacle,left down down down left left left,left down down down left left left
2882,False,False,False,8,8,"[5, 1]",obstacle,right up up up right up right up,right up up up right up right up
2883,True,True,True,4,4,"[0, 1]",,left left left up,left left left up
2884,True,True,True,7,7,"[3, 1]",,left left down left left down down,left left down left left down down
2885,True,True,True,2,2,"[1, 2]",,up left,up left
2886,True,True,True,5,5,"[2, 2]",,left left down left down,left left down left down
2887,True,True,True,4,4,"[2, 1]",,down left left down,down left left down
2888,True,True,True,4,4,"[0, 3]",,up right right up,up right right up
2889,False,False,False,6,6,"[2, 3]",obstacle,left left down down left down,left left down down left down
2890,False,False,False,7,7,"[4, 2]",obstacle,up left left up up up right,up left left up up up right
2891,True,True,True,1,1,"[3, 1]",,down,down
2892,True,True,True,3,3,"[4, 4]",,right down down,right down down
2893,False,False,False,8,8,"[4, 3]",obstacle,down down down down left down left left,down down down down left down left left
2894,True,True,True,4,4,"[2, 1]",,left left left left,left left left left
2895,True,True,True,4,4,"[1, 5]",,up right right right,up right right right
2896,True,True,True,2,2,"[3, 4]",,down down,down down
2897,True,True,True,4,4,"[2, 1]",,up up right up,up up right up
2898,True,True,True,3,3,"[1, 1]",,left left left,left left left
2899,True,True,True,2,2,"[3, 4]",,left down,left down
2900,False,False,False,7,5,"[4, 2]",obstacle,left left up left left down down,left left up left left down down
2901,False,False,False,5,7,"[3, 0]",obstacle,left up up up up,left up up up up
2902,True,True,True,7,7,"[4, 0]",,left left left down down left down,left left left down down left down
2903,True,True,True,6,6,"[5, 0]",,left down down left down down,left down down left down down
2904,True,True,True,3,3,"[1, 0]",,up up left,up up left
2905,False,False,False,5,5,"[2, 2]",obstacle,down left down down right,down left down down right
2906,True,True,True,5,5,"[2, 4]",,down right right right down,down right right right down
2907,True,True,True,7,7,"[0, 5]",,up up right right up right right,up up right right up right right
2908,True,True,True,2,2,"[2, 1]",,left left,left left
2909,True,True,True,6,6,"[3, 4]",,down right right right down down,down right right right down down
2910,True,True,True,5,5,"[2, 0]",,up left left up up,up left left up up
2911,True,True,True,3,3,"[4, 0]",,left down down,left down down
2912,False,False,False,7,7,"[3, 2]",obstacle,down left left up up left left,down left left up up left left
2914,True,True,True,1,1,"[2, 1]",,down,down
2916,True,True,True,2,2,"[4, 5]",,right right,right right
2917,False,False,False,6,6,"[4, 3]",obstacle,right up up up left left,right up up up left left
2918,False,False,False,6,8,"[3, 4]",obstacle,left up up left left left,left up up left left left
2920,False,False,False,10,10,"[3, 4]",obstacle,up up left left up left left up left up,up up left left up left left up left up
2921,False,False,False,7,11,"[3, 4]",obstacle,up left left up up up right,up left left up up up right
2922,False,False,False,5,9,"[3, 4]",obstacle,left up up left left,left up up left left
2923,False,False,False,4,10,"[3, 2]",obstacle,right up up right,right up up right
2924,True,True,True,6,6,"[4, 5]",,down right right right right right,down right right right right right
2925,False,False,False,6,12,"[2, 3]",obstacle,down down right down right down,down down right down right down
2926,True,True,True,2,2,"[5, 0]",,down down,down down
2927,False,False,False,6,6,"[3, 2]",obstacle,up left left up up up,up left left up up up
2928,False,False,False,5,9,"[1, 2]",obstacle,left down left down right,left down left down right
2930,False,False,False,6,6,"[3, 2]",obstacle,up up left left up up,up up left left up up
2931,False,False,False,7,9,"[4, 1]",obstacle,up left left up up up right,up left left up up up right
2932,True,True,True,2,2,"[5, 5]",,right right,right right
2933,False,False,False,6,8,"[3, 4]",obstacle,right right right up up left,right right right up up left
2934,False,False,False,6,8,"[3, 2]",obstacle,right up up up up right,right up up up up right
2935,False,False,False,5,5,"[3, 2]",obstacle,up right right right down,up right right right down
2936,True,True,True,6,6,"[4, 0]",,up left left left left left,up left left left left left
2938,True,True,True,1,1,"[2, 3]",,down,down
2939,True,True,True,6,6,"[3, 0]",,up left left left down down,up left left left down down
2940,True,True,True,3,3,"[1, 4]",,right right up,right right up
2941,True,True,True,1,1,"[2, 2]",,right,right
2942,True,True,True,2,2,"[2, 2]",,up left,up left
2943,True,True,True,1,1,"[3, 3]",,down,down
2945,True,True,True,5,5,"[4, 4]",,down right right down down,down right right down down
2946,True,True,True,4,4,"[0, 4]",,up up up up,up up up up
2947,True,True,True,1,1,"[3, 5]",,down,down
2948,False,False,False,8,8,"[5, 3]",obstacle,right right up up up up up right,right right up up up up up right
2949,True,True,True,4,4,"[1, 0]",,up up left left,up up left left
2950,True,True,True,4,4,"[3, 4]",,right down down down,right down down down
2952,True,True,True,4,4,"[4, 4]",,down down down down,down down down down
2953,True,True,True,5,5,"[5, 5]",,down right right right right,down right right right right
2954,True,True,True,3,3,"[0, 4]",,up up left,up up left
2955,True,True,True,4,4,"[0, 0]",,left left left left,left left left left
2956,True,True,True,4,4,"[2, 5]",,up up up right,up up up right
2958,True,True,True,5,5,"[0, 1]",,up left up up left,up left up up left
2959,False,False,False,7,9,"[4, 1]",obstacle,left left up up up up up,left left up up up up up
2960,False,False,False,6,10,"[4, 1]",obstacle,up right up up up left,up right up up up left
2962,True,True,True,3,3,"[0, 4]",,right right right,right right right
2963,True,True,True,1,1,"[5, 2]",,left,left
2964,True,True,True,4,4,"[0, 1]",,up left left left,up left left left
2965,False,False,False,6,10,"[2, 1]",obstacle,right down down down down right,right down down down down right
2966,True,True,True,4,4,"[5, 4]",,down right right right,down right right right
2968,True,True,True,5,5,"[2, 5]",,left up up up right,left up up up right
2969,True,True,True,8,8,"[3, 5]",,right right right right right down down down,right right right right right down down down
2970,True,True,True,1,1,"[1, 2]",,up,up
2971,True,True,True,2,2,"[3, 0]",,down down,down down
2972,True,True,True,2,2,"[2, 1]",,left down,left down
2973,True,True,True,7,7,"[4, 4]",,right right right right down down down,right right right right down down down
2974,True,True,True,3,3,"[1, 0]",,up left left,up left left
2975,True,True,True,4,4,"[3, 0]",,up left left down,up left left down
2976,True,True,True,3,3,"[1, 2]",,up up left,up up left
2977,False,False,False,8,10,"[4, 0]",obstacle,up right right up right right right down,up right right up right right right down
2978,True,True,True,1,1,"[0, 2]",,right,right
2979,True,True,True,6,6,"[4, 4]",,right right right down down down,right right right down down down
2980,True,True,True,2,2,"[4, 0]",,down down,down down
2981,False,False,False,0,9,"[5, 1]",invalid_action,,Goal not reachable
2982,True,True,True,2,2,"[2, 3]",,up right,up right
2983,True,True,True,1,1,"[2, 1]",,down,down
2984,True,True,True,8,8,"[5, 5]",,right right down down down down right down,right right down down down down right down
2985,True,True,True,5,5,"[4, 3]",,left down down down down,left down down down down
2986,True,True,True,1,1,"[1, 2]",,up,up
2987,True,True,True,1,1,"[4, 4]",,down,down
2988,False,False,False,0,7,"[5, 1]",invalid_action,,Goal not reachable
2989,True,True,True,3,3,"[1, 2]",,up left left,up left left
2990,True,True,True,5,5,"[0, 2]",,up up up up left,up up up up left
2991,True,True,True,3,3,"[1, 2]",,right right down,right right down
2992,True,True,True,7,7,"[4, 3]",,right right right down down down down,right right right down down down down
2993,True,True,True,1,1,"[0, 1]",,right,right
2994,True,True,True,8,8,"[1, 0]",,up up up up left left left left,up up up up left left left left
2995,True,True,True,5,5,"[4, 4]",,right right down down down,right right down down down
2996,True,True,True,3,3,"[1, 1]",,left left left,left left left
2997,True,True,True,8,8,"[0, 1]",,up up up up up left left left,up up up up up left left left
2998,True,True,True,10,10,"[5, 0]",,left left left left left down down down down down,left left left left left down down down down down
2999,True,True,True,3,3,"[1, 2]",,left left down,left left down
3001,True,True,True,6,6,"[2, 5]",,up up right up right right,up up right up right right
3002,False,False,False,0,4,"[1, 4]",invalid_action,,Goal not reachable
3004,True,True,True,4,4,"[2, 5]",,down right right down,down right right down
3006,False,False,False,0,8,"[2, 1]",invalid_action,,Goal not reachable
3007,True,True,True,7,7,"[0, 0]",,up up left up left up up,up up left up left up up
3008,False,False,False,7,7,"[0, 1]",obstacle,right down down right down down down,right down down right down down down
3009,False,False,False,7,9,"[2, 3]",obstacle,down left left down left left left,down left left down left left left
3010,True,True,True,2,2,"[4, 3]",,right right,right right
3011,False,False,False,5,7,"[2, 1]",obstacle,down right right right right,down right right right right
3012,True,True,True,6,6,"[1, 0]",,up left left up left up,up left left up left up
3013,True,True,True,2,2,"[0, 2]",,right right,right right
3014,False,False,False,9,7,"[0, 2]",obstacle,up right right down down right right up right,up right right down down right right up right
3015,True,True,True,5,5,"[0, 2]",,up up left up left,up up left up left
3016,True,True,True,6,6,"[2, 5]",,up up right up right right,up up right up right right
3017,True,True,True,6,6,"[5, 2]",,left down down left down down,left down down left down down
3018,False,False,False,4,4,"[2, 1]",obstacle,right up up left,right up up left
3019,False,False,False,6,6,"[1, 3]",obstacle,left left up left left down,left left up left left down
3020,True,True,True,6,6,"[1, 4]",,up right right up up right,up right right up up right
3021,False,False,False,7,7,"[2, 1]",obstacle,up up left up up up right,up up left up up up right
3022,True,True,True,5,5,"[1, 5]",,up up up right right,up up up right right
3023,False,False,False,4,2,"[2, 1]",obstacle,right up up left,right up up left
3026,True,True,True,2,2,"[5, 2]",,down down,down down
3027,False,False,False,5,5,"[1, 3]",obstacle,up left left left down,up left left left down
3028,True,True,True,3,3,"[3, 1]",,up left left,up left left
3029,True,True,True,1,1,"[3, 1]",,left,left
3032,True,True,True,4,4,"[5, 4]",,down left down down,down left down down
3034,True,True,True,1,1,"[4, 5]",,up,up
3037,True,True,True,3,3,"[3, 4]",,right up up,right up up
3038,True,True,True,1,1,"[0, 0]",,up,up
3045,True,True,True,5,5,"[5, 0]",,down down down down down,down down down down down
3047,False,False,False,5,5,"[2, 1]",obstacle,down right down down left,down right down down left
3048,True,True,True,2,2,"[5, 5]",,down down,down down
3056,True,True,True,1,1,"[4, 4]",,left,left
3058,True,True,True,1,1,"[1, 1]",,right,right
3061,True,True,True,3,3,"[4, 2]",,up right right,up right right
3062,True,True,True,4,4,"[4, 4]",,down down down right,down down down right
3063,True,True,True,5,5,"[4, 4]",,right right down down right,right right down down right
3064,True,True,True,4,4,"[2, 0]",,right up up left,right up up left
3065,True,True,True,4,4,"[5, 2]",,right down down down,right down down down
3066,True,True,True,6,6,"[4, 5]",,up right right right right right,up right right right right right
3067,True,True,True,2,2,"[2, 3]",,up right,up right
3068,True,True,True,5,5,"[1, 0]",,up up up left left,up up up left left
3069,True,True,True,5,5,"[5, 0]",,left left down left down,left left down left down
3070,True,True,True,5,5,"[0, 4]",,up right right up right,up right right up right
3071,True,True,True,3,3,"[0, 3]",,up right up,up right up
3073,True,True,True,3,3,"[1, 2]",,up up right,up up right
3074,True,True,True,1,1,"[4, 2]",,down,down
3075,True,True,True,2,2,"[2, 4]",,down right,down right
3076,True,True,True,3,3,"[4, 4]",,right right right,right right right
3077,True,True,True,4,4,"[2, 0]",,up left left left,up left left left
3078,True,True,True,3,3,"[4, 5]",,right right right,right right right
3080,True,True,True,1,1,"[2, 3]",,up,up
3081,True,True,True,4,4,"[4, 0]",,left down down left,left down down left
3082,True,True,True,1,1,"[1, 2]",,left,left
3083,True,True,True,5,5,"[1, 0]",,right up up up left,right up up up left
3084,True,True,True,6,6,"[4, 0]",,left left left down down left,left left left down down left
3085,False,False,False,7,7,"[2, 4]",obstacle,down down right down down right down,down down right down down right down
3087,True,True,True,2,2,"[1, 1]",,left left,left left
3088,True,True,True,2,2,"[1, 2]",,right right,right right
3089,True,True,True,2,2,"[5, 2]",,right right,right right
3090,True,True,True,2,2,"[3, 2]",,right right,right right
3091,False,False,False,7,9,"[3, 2]",obstacle,left left up up up right right,left left up up up right right
3092,True,True,True,2,2,"[2, 5]",,down down,down down
3093,False,False,False,7,9,"[3, 4]",obstacle,up right right right right up up,up right right right right up up
3094,True,True,True,1,1,"[0, 1]",,left,left
3095,True,True,True,2,2,"[4, 3]",,right down,right down
3096,False,False,False,8,9,"[2, 5]",obstacle,down down left left down left left left,down down left left down left left left
3097,False,False,False,9,9,"[3, 2]",obstacle,down down right right down right right down right,down down right right down right right down right
3098,False,False,False,7,7,"[1, 5]",obstacle,up left up left left left down,up left up left left left down
3099,True,True,True,3,3,"[0, 0]",,left left left,left left left
3100,False,False,False,5,11,"[3, 4]",obstacle,up right right up up,up right right up up
3101,False,False,False,5,15,"[2, 5]",obstacle,left down down down right,left down down down right
3102,True,True,False,7,5,"[0, 2]",,left left up up up right right,left left up up up right right
3103,True,True,True,4,4,"[1, 0]",,left left left down,left left left down
3104,True,True,True,2,2,"[0, 5]",,up up,up up
3105,False,False,False,7,7,"[1, 1]",obstacle,up right up right right right down,up right up right right right down
3106,True,True,True,1,1,"[5, 4]",,down,down
3107,True,True,True,7,7,"[5, 4]",,down down right right down right down,down down right right down right down
3108,True,True,True,1,1,"[3, 2]",,right,right
3109,True,True,True,6,6,"[0, 1]",,up up up up up right,up up up up up right
3110,True,True,True,5,5,"[2, 1]",,up left left left up,up left left left up
3111,True,True,True,1,1,"[3, 0]",,up,up
3112,True,True,True,3,3,"[4, 1]",,left left down,left left down
3113,True,True,True,8,8,"[0, 4]",,up up up up right right right right,up up up up right right right right
3114,True,True,True,1,1,"[1, 1]",,right,right
3115,True,True,True,3,3,"[4, 1]",,right down down,right down down
3116,True,True,True,6,6,"[0, 5]",,up up right right right right,up up right right right right
3117,True,True,True,3,3,"[3, 1]",,down down down,down down down
3118,False,False,False,7,7,"[3, 2]",obstacle,up up left left up left up,up up left left up left up
3119,True,True,True,5,5,"[4, 4]",,up right right right down,up right right right down
3120,True,True,True,1,1,"[4, 2]",,right,right
3121,True,True,True,3,3,"[2, 1]",,up up left,up up left
3122,True,True,True,3,3,"[1, 3]",,up up right,up up right
3123,True,True,True,1,1,"[2, 4]",,down,down
3125,True,True,True,3,3,"[3, 0]",,left left down,left left down
3126,True,True,True,2,2,"[1, 2]",,right down,right down
3127,True,True,True,4,4,"[4, 2]",,left left down down,left left down down
3128,True,True,True,2,2,"[4, 0]",,left left,left left
3129,True,True,True,3,3,"[3, 0]",,up left up,up left up
3130,True,True,True,3,3,"[1, 0]",,left left down,left left down
3131,True,True,True,2,2,"[3, 4]",,down down,down down
3132,True,True,True,1,1,"[4, 1]",,left,left
3134,True,True,True,5,5,"[4, 2]",,left left down down down,left left down down down
3135,True,True,True,1,1,"[0, 2]",,right,right
3136,True,True,True,3,3,"[4, 2]",,down down down,down down down
3137,True,True,True,2,2,"[0, 1]",,up right,up right
3138,True,True,True,2,2,"[1, 4]",,down right,down right
3139,False,False,False,5,5,"[2, 4]",obstacle,right right down right down,right right down right down
3140,True,True,True,4,4,"[2, 1]",,up left left left,up left left left
3141,False,False,False,6,6,"[2, 1]",obstacle,left left left down down left,left left left down down left
3142,True,True,True,3,3,"[0, 2]",,left up left,left up left
3143,True,True,True,7,7,"[1, 0]",,left up left left left left up,left up left left left left up
3144,True,True,True,1,1,"[2, 2]",,left,left
3146,False,False,False,6,8,"[3, 4]",obstacle,up left left left left down,up left left left left down
3150,False,False,False,6,12,"[3, 2]",obstacle,right right up up right up,right right up up right up
3151,False,False,False,8,10,"[4, 4]",obstacle,left left up up up up left left,left left up up up up left left
3152,True,True,True,1,1,"[3, 2]",,right,right
3153,False,False,False,8,12,"[3, 2]",obstacle,right right up up right up up right,right right up up right up up right
3154,True,True,True,5,5,"[4, 4]",,down down right right up,down down right right up
3155,False,False,False,5,5,"[3, 2]",obstacle,right up up up left,right up up up left
3156,True,True,True,6,6,"[3, 1]",,down right right up up left,down right right up up left
3157,False,False,False,5,11,"[2, 3]",obstacle,down down down down right,down down down down right
3158,False,False,False,8,10,"[4, 4]",obstacle,left left up up up up left left,left left up up up up left left
3159,True,True,True,2,2,"[0, 1]",,up right,up right
3160,True,True,True,7,7,"[3, 1]",,left left left left down down down,left left left left down down down
3161,True,True,True,1,1,"[1, 4]",,down,down
3162,False,False,False,6,10,"[2, 3]",obstacle,down down left down down left,down down left down down left
3163,True,True,True,6,6,"[1, 0]",,left up left left left down,left up left left left down
3164,False,False,False,7,7,"[3, 2]",obstacle,right down down right right up right,right down down right right up right
3165,True,True,True,3,3,"[0, 0]",,up up left,up up left
3166,True,True,True,1,1,"[1, 4]",,down,down
3167,True,True,True,5,5,"[2, 3]",,right right right down down,right right right down down
3168,False,False,False,3,9,"[3, 2]",obstacle,right up right,right up right
3169,True,True,True,2,2,"[1, 3]",,right down,right down
3170,False,False,False,6,6,"[4, 0]",obstacle,left up up up up right,left up up up up right
3171,True,True,True,2,2,"[4, 0]",,left up,left up
3172,False,False,False,4,14,"[2, 3]",obstacle,left down down right,left down down right
3173,True,True,True,3,3,"[5, 1]",,left left left,left left left
3174,True,True,True,2,2,"[5, 2]",,left left,left left
3175,False,False,False,5,11,"[3, 2]",obstacle,left up up up right,left up up up right
3176,True,True,True,6,6,"[2, 4]",,up right right right down down,up right right right down down
3177,False,False,False,7,11,"[3, 2]",obstacle,right right up up right up up,right right up up right up up
3178,True,True,True,2,2,"[1, 5]",,right right,right right
3179,True,True,True,3,3,"[2, 3]",,right down down,right down down
3180,True,True,True,6,6,"[3, 5]",,right right right up up right,right right right up up right
3182,True,True,True,5,5,"[5, 3]",,down down down left down,down down down left down
3183,True,True,True,3,3,"[0, 3]",,up right up,up right up
3184,True,True,True,5,5,"[0, 3]",,up up up up left,up up up up left
3185,False,False,False,8,8,"[0, 3]",obstacle,left down left down down right down down,left down left down down right down down
3186,True,True,True,1,1,"[3, 4]",,down,down
3187,True,True,True,7,7,"[1, 1]",,up up up up left left left,up up up up left left left
3188,False,False,False,5,9,"[5, 1]",obstacle,left up up up right,left up up up right
3189,True,True,True,5,5,"[5, 4]",,down down down down down,down down down down down
3190,False,False,False,7,9,"[1, 3]",obstacle,down down down down left down left,down down down down left down left
3191,True,True,True,4,4,"[5, 4]",,left down down down,left down down down
3192,True,True,True,4,4,"[5, 4]",,left down down down,left down down down
3193,True,True,True,6,6,"[5, 0]",,down down left left left left,down down left left left left
3194,False,False,False,7,9,"[3, 4]",obstacle,up up left left left up left,up up left left left up left
3195,False,False,False,6,12,"[5, 2]",obstacle,right right up up up left,right right up up up left
3196,True,True,True,6,6,"[5, 1]",,down down down left left left,down down down left left left
3197,True,True,True,4,4,"[5, 0]",,down left left left,down left left left
3198,True,True,True,4,4,"[5, 5]",,right right right right,right right right right
3199,False,False,False,6,6,"[1, 4]",obstacle,right down right down down down,right down right down down down
3200,True,True,True,4,4,"[0, 4]",,right right up right,right right up right
3201,False,False,False,3,7,"[4, 3]",obstacle,left up up,left up up
3202,False,False,False,7,7,"[4, 3]",obstacle,right right up up up up right,right right up up up up right
3203,True,True,True,3,3,"[1, 2]",,left down left,left down left
3204,True,True,True,2,2,"[2, 2]",,right right,right right
3205,True,True,True,5,5,"[1, 4]",,up right up up up,up right up up up
3206,True,True,True,2,2,"[3, 1]",,left down,left down
3207,False,False,False,6,6,"[1, 3]",obstacle,left down down left left down,left down down left left down
3210,True,True,True,1,1,"[0, 4]",,right,right
3211,False,False,False,0,9,"[0, 4]",invalid_action,,Goal not reachable
3212,True,True,True,3,3,"[3, 4]",,right down right,right down right
3213,True,True,True,1,1,"[0, 2]",,right,right
3214,True,True,True,3,3,"[4, 4]",,right right right,right right right
3215,True,True,True,5,5,"[1, 0]",,up up up left left,up up up left left
3216,False,False,False,5,7,"[2, 3]",obstacle,right right down right right,right right down right right
3217,False,False,False,5,5,"[3, 2]",obstacle,right down down left down,right down down left down
3218,True,True,True,2,2,"[3, 5]",,right right,right right
3219,True,True,True,1,1,"[4, 1]",,up,up
3220,True,True,True,1,1,"[3, 2]",,up,up
3221,True,True,True,3,3,"[0, 1]",,up up left,up up left
3222,True,True,True,1,1,"[1, 1]",,left,left
3223,True,True,True,3,3,"[1, 2]",,left left down,left left down
3224,False,False,False,6,6,"[2, 3]",obstacle,right right down down right down,right right down down right down
3225,True,True,True,5,5,"[0, 3]",,up left up up up,up left up up up
3227,True,True,True,5,5,"[1, 3]",,up up up up right,up up up up right
3228,True,True,True,3,3,"[3, 2]",,down down down,down down down
3229,True,True,True,5,5,"[0, 4]",,up up up right right,up up up right right
3230,True,True,True,4,4,"[4, 4]",,down down right down,down down right down
3231,True,True,True,7,7,"[0, 2]",,right right up up up up up,right right up up up up up
3232,True,True,True,2,2,"[3, 4]",,up up,up up
3233,True,True,True,3,3,"[4, 1]",,down down left,down down left
3234,True,True,True,1,1,"[4, 3]",,right,right
3235,True,True,True,2,2,"[1, 3]",,right right,right right
3236,True,True,True,7,7,"[0, 3]",,up right up up up up right,up right up up up up right
3237,True,True,True,5,5,"[0, 4]",,left up up up right,left up up up right
3238,False,False,False,7,7,"[1, 3]",obstacle,right right down right down right down,right right down right down right down
3239,True,True,True,3,3,"[4, 1]",,left down left,left down left
3240,True,True,True,5,5,"[5, 4]",,down down right down down,down down right down down
3241,True,True,True,3,3,"[1, 3]",,down left left,down left left
3242,True,True,True,5,5,"[2, 0]",,left left left up left,left left left up left
3243,True,True,True,8,8,"[5, 0]",,left down down left left left down down,left down down left left left down down
3244,True,True,True,2,2,"[4, 0]",,left down,left down
3245,True,True,True,6,6,"[4, 5]",,down right right down down down,down right right down down down
3246,True,True,True,2,2,"[4, 0]",,up left,up left
3247,True,True,True,4,4,"[2, 3]",,up left left down,up left left down
3248,False,False,False,7,6,"[3, 2]",obstacle,left left left up up up right,left left left up up up right
3249,True,True,True,2,2,"[5, 1]",,left down,left down
3250,True,True,True,4,4,"[1, 3]",,up left up up,up left up up
3251,True,True,True,6,6,"[3, 5]",,right down right right right right,right down right right right right
3252,True,True,True,3,3,"[2, 1]",,up up up,up up up
3253,True,True,True,3,3,"[5, 1]",,down down down,down down down
3254,True,True,True,3,3,"[3, 5]",,up up right,up up right
3255,True,True,True,4,4,"[2, 5]",,right right right up,right right right up
3256,True,True,True,2,2,"[2, 3]",,left up,left up
3257,True,True,True,7,7,"[5, 4]",,right right up right right down down,right right up right right down down
3258,True,True,True,1,1,"[4, 4]",,up,up
3259,True,True,True,1,1,"[1, 5]",,up,up
3260,True,True,True,4,4,"[4, 2]",,left left left down,left left left down
3261,True,True,True,5,5,"[5, 4]",,down down right down down,down down right down down
3262,True,True,True,6,6,"[4, 5]",,right up right right right down,right up right right right down
3263,True,True,True,4,4,"[3, 2]",,down left left left,down left left left
3264,True,True,True,4,4,"[3, 0]",,left left left left,left left left left
3265,True,True,True,4,4,"[2, 3]",,down left left down,down left left down
3266,True,True,True,4,4,"[3, 5]",,up right right right,up right right right
3267,False,False,False,0,9,"[1, 1]",invalid_action,,Goal not reachable
3268,True,True,True,4,4,"[0, 2]",,left left up left,left left up left
3269,True,True,True,5,5,"[3, 5]",,right right right right right,right right right right right
3271,False,False,False,4,6,"[2, 0]",obstacle,up up right up,up up right up
3275,True,True,True,1,1,"[3, 2]",,down,down
3276,True,True,True,2,2,"[4, 1]",,right down,right down
3278,True,True,True,3,3,"[5, 5]",,right right down,right right down
3279,True,True,True,1,1,"[3, 1]",,left,left
3280,True,True,True,3,3,"[2, 0]",,up left up,up left up
3281,True,True,True,1,1,"[4, 0]",,down,down
3285,True,True,True,1,1,"[5, 1]",,right,right
3286,True,True,True,2,2,"[2, 3]",,down right,down right
3292,True,True,True,2,2,"[3, 0]",,up left,up left
3293,True,True,True,5,5,"[2, 3]",,up right right up right,up right right up right
3295,True,True,True,2,2,"[4, 3]",,left left,left left
3297,False,False,False,5,7,"[1, 1]",obstacle,down down left down down,down down left down down
3299,False,False,False,7,7,"[3, 1]",obstacle,left up up up up up right,left up up up up up right
3301,True,True,True,7,7,"[5, 1]",,down left left left left down down,down left left left left down down
3304,True,True,True,3,3,"[0, 2]",,up right right,up right right
3309,True,True,True,2,2,"[3, 1]",,up up,up up
3310,True,True,True,1,1,"[4, 2]",,down,down
3313,True,True,True,5,5,"[5, 0]",,left left down left down,left left down left down
3320,True,True,True,2,2,"[3, 1]",,right up,right up
3321,True,True,True,1,1,"[1, 4]",,right,right
3322,True,True,True,2,2,"[5, 3]",,down right,down right
3325,True,True,True,4,4,"[3, 5]",,up right right right,up right right right
3326,True,True,True,4,4,"[3, 3]",,left up up right,left up up right
3328,True,True,True,2,2,"[1, 4]",,right right,right right
3329,True,True,True,4,4,"[2, 5]",,up up right up,up up right up
3330,True,True,True,8,8,"[5, 5]",,down right right down right right right down,down right right down right right right down
3332,True,True,True,1,1,"[5, 2]",,down,down
3334,True,True,True,5,5,"[4, 1]",,left left left left down,left left left left down
3335,True,True,True,2,2,"[4, 2]",,right right,right right
3336,True,True,True,1,1,"[5, 5]",,down,down
3337,True,True,True,6,6,"[2, 4]",,up right right right right up,up right right right right up
3339,True,True,True,2,2,"[0, 3]",,right right,right right
3341,True,True,True,3,3,"[3, 0]",,left left left,left left left
3342,True,True,True,1,1,"[3, 3]",,right,right
3344,True,True,True,2,2,"[3, 0]",,up left,up left
3346,True,True,True,2,2,"[2, 5]",,up up,up up
3347,True,True,True,5,5,"[2, 0]",,left left left up left,left left left up left
3348,True,True,True,1,1,"[4, 3]",,up,up
3349,True,True,True,4,4,"[4, 2]",,down left left down,down left left down
3352,True,True,True,5,5,"[4, 0]",,left left left left down,left left left left down
3353,True,True,True,6,6,"[5, 2]",,left down left left down down,left down left left down down
3354,True,True,True,2,2,"[2, 0]",,up left,up left
3358,True,True,True,1,1,"[4, 2]",,down,down
3360,True,True,True,2,2,"[2, 3]",,left down,left down
3361,True,True,True,2,2,"[0, 2]",,up right,up right
3363,True,True,True,3,3,"[2, 0]",,left down down,left down down
3371,True,True,True,1,1,"[5, 2]",,right,right
3372,True,True,True,3,3,"[0, 4]",,up up up,up up up
3376,True,True,True,2,2,"[2, 3]",,left down,left down
3379,True,True,True,2,2,"[0, 5]",,up up,up up
3387,True,True,True,3,3,"[2, 4]",,left down down,left down down
3389,True,True,True,1,1,"[1, 3]",,left,left
3394,True,True,True,3,3,"[2, 0]",,down left left,down left left
3396,True,True,True,1,1,"[2, 2]",,down,down
3397,True,True,True,6,6,"[1, 3]",,up up right right up right,up up right right up right
3400,True,True,True,3,3,"[4, 3]",,left down left,left down left
3401,True,True,True,3,3,"[1, 3]",,right up right,right up right
3402,True,True,True,6,6,"[5, 0]",,down left left down down down,down left left down down down
3403,True,True,True,3,3,"[3, 5]",,down down down,down down down
3404,True,True,True,1,1,"[3, 1]",,right,right
3406,True,True,True,1,1,"[2, 5]",,up,up
3407,True,True,True,6,6,"[1, 3]",,up up right right up right,up up right right up right
3408,True,True,True,5,5,"[4, 4]",,down down left down down,down down left down down
3409,True,True,True,4,4,"[3, 0]",,left left up up,left left up up
3411,True,True,True,1,1,"[3, 1]",,down,down
3412,True,True,True,1,1,"[5, 0]",,left,left
3413,True,True,True,2,2,"[2, 1]",,up left,up left
3414,True,True,True,2,2,"[2, 0]",,up left,up left
3419,True,True,True,3,3,"[4, 0]",,left left down,left left down
3420,False,False,False,3,5,"[3, 4]",obstacle,left down left,left down left
3421,False,False,False,7,11,"[3, 4]",obstacle,left down left left up up right,left down left left up up right
3422,True,True,True,4,4,"[5, 3]",,right down right down,right down right down
3423,True,True,True,4,4,"[4, 3]",,up right right right,up right right right
3424,False,False,False,5,5,"[1, 3]",obstacle,right down down left down,right down down left down
3425,False,False,False,0,13,"[1, 5]",invalid_action,,Goal not reachable
3426,False,False,False,6,8,"[4, 3]",obstacle,down down right right up right,down down right right up right
3427,True,True,True,2,2,"[3, 5]",,right down,right down
3428,False,False,False,5,5,"[4, 3]",obstacle,right up up up left,right up up up left
3429,True,True,True,3,3,"[2, 4]",,up up left,up up left
3430,True,True,True,4,4,"[4, 2]",,left down down down,left down down down
3431,True,True,True,1,1,"[4, 2]",,down,down
3432,True,True,True,4,4,"[4, 1]",,down down left down,down down left down
3433,False,False,False,7,7,"[2, 2]",obstacle,up right right up up left up,up right right up up left up
3434,True,True,True,5,5,"[5, 4]",,right down right down right,right down right down right
3435,False,False,False,6,10,"[4, 3]",obstacle,right down right right up up,right down right right up up
3436,False,False,False,5,9,"[3, 4]",obstacle,down left left up up,down left left up up
3437,False,False,False,7,7,"[1, 3]",obstacle,right down down down down down right,right down down down down down right
3438,True,True,True,5,5,"[4, 1]",,left down down left down,left down down left down
3439,False,False,False,8,10,"[4, 3]",obstacle,right right right up up right right up,right right right up up right right up
3440,False,False,False,7,9,"[4, 3]",obstacle,right down right right up up right,right down right right up up right
3441,False,False,False,4,6,"[3, 4]",obstacle,left down down left,left down down left
3442,False,False,False,5,9,"[1, 3]",obstacle,right down right down down,right down right down down
3443,False,False,False,7,7,"[1, 3]",obstacle,right down right right down down down,right down right right down down down
3444,False,False,False,6,8,"[4, 3]",obstacle,right down right right up right,right down right right up right
3445,False,False,False,7,9,"[2, 4]",obstacle,up up left left left up left,up up left left left up left
3446,False,False,False,6,8,"[3, 4]",obstacle,left down left left up left,left down left left up left
3448,True,True,True,3,3,"[3, 4]",,down left down,down left down
3449,True,True,True,3,3,"[4, 0]",,left down left,left down left
3450,False,False,False,8,8,"[2, 3]",obstacle,up up left left left up up right,up up left left left up up right
3451,True,True,True,4,4,"[5, 4]",,left down down down,left down down down
3452,True,True,True,1,1,"[4, 4]",,left,left
3453,False,False,False,5,7,"[2, 1]",obstacle,down right right right right,down right right right right
3454,True,True,True,5,5,"[5, 0]",,left left down left down,left left down left down
3455,True,True,True,3,3,"[2, 1]",,right up up,right up up
3456,True,True,True,4,4,"[2, 4]",,up left up up,up left up up
3457,False,False,False,5,9,"[0, 2]",obstacle,right down right down right,right down right down right
3458,True,True,True,3,3,"[2, 3]",,up right up,up right up
3459,True,True,True,2,2,"[4, 2]",,up left,up left
3460,False,False,False,6,8,"[0, 2]",obstacle,right down right down down left,right down right down down left
3461,True,True,True,2,2,"[3, 4]",,left down,left down
3462,True,True,True,3,3,"[2, 1]",,left left up,left left up
3463,True,True,True,2,2,"[3, 4]",,right down,right down
3464,True,True,True,5,5,"[0, 0]",,left up left up up,left up left up up
3465,True,True,True,3,3,"[4, 2]",,down left down,down left down
3466,True,True,True,3,3,"[4, 3]",,up left left,up left left
3467,False,False,False,7,7,"[2, 1]",obstacle,up up right right up up left,up up right right up up left
3468,False,False,False,6,8,"[1, 3]",obstacle,left left up left left left,left left up left left left
3469,True,True,True,2,2,"[0, 2]",,right right,right right
3470,True,True,True,8,8,"[0, 1]",,up right up up left up up right,up right up up left up up right
3471,False,False,False,8,8,"[2, 0]",obstacle,down down right right right up right right,down down right right right up right right
3472,True,True,True,5,5,"[2, 1]",,up left left left up,up left left left up
3473,True,True,True,8,8,"[5, 5]",,right down right right right down right down,right down right right right down right down
3474,True,True,True,5,5,"[1, 3]",,left up up left up,left up up left up
3475,True,True,True,3,3,"[4, 3]",,down down down,down down down
3476,False,False,False,5,5,"[2, 1]",obstacle,up right right right down,up right right right down
3477,True,True,True,4,4,"[3, 1]",,down down right down,down down right down
3478,True,True,True,1,1,"[2, 3]",,left,left
3479,True,True,True,2,2,"[3, 1]",,up left,up left
3480,True,True,True,3,3,"[5, 0]",,left left down,left left down
3481,True,True,True,5,5,"[1, 1]",,right up up up left,right up up up left
3482,True,True,True,3,3,"[3, 4]",,right down down,right down down
3483,True,True,True,1,1,"[1, 4]",,left,left
3484,True,True,True,1,1,"[0, 2]",,right,right
3485,True,True,True,4,4,"[2, 4]",,right right right down,right right right down
3486,True,True,True,2,2,"[2, 4]",,up left,up left
3487,True,True,True,4,4,"[1, 5]",,down right right right,down right right right
3488,True,True,True,4,4,"[5, 4]",,right right down down,right right down down
3489,False,False,False,3,5,"[4, 2]",obstacle,up right right,up right right
3490,True,True,True,6,6,"[5, 1]",,down left left down left down,down left left down left down
3491,True,True,True,1,1,"[3, 4]",,down,down
3492,True,True,True,3,3,"[0, 5]",,right right up,right right up
3493,True,True,True,4,4,"[3, 5]",,right right down down,right right down down
3494,True,True,True,1,1,"[2, 4]",,down,down
3495,True,True,True,5,5,"[4, 5]",,up right right right down,up right right right down
3496,True,True,True,6,6,"[0, 2]",,up right up up up up,up right up up up up
3497,True,True,True,3,3,"[4, 2]",,left left down,left left down
3498,True,True,True,1,1,"[4, 1]",,right,right
3500,True,True,True,4,4,"[4, 2]",,down left left down,down left left down
3501,True,True,True,2,2,"[2, 5]",,up right,up right
3502,True,True,True,5,5,"[3, 4]",,right right up right right,right right up right right
3504,True,True,True,4,4,"[5, 2]",,left left down down,left left down down
3505,False,False,False,3,5,"[4, 4]",obstacle,up left left,up left left
3506,True,True,True,1,1,"[1, 1]",,left,left
3507,False,False,False,0,6,"[4, 5]",invalid_action,,Goal not reachable
3508,True,True,True,4,4,"[1, 4]",,up up up left,up up up left
3509,True,True,True,2,2,"[3, 4]",,up left,up left
3510,True,True,True,4,4,"[3, 3]",,left up up right,left up up right
3511,True,True,True,1,1,"[4, 4]",,down,down
3512,True,True,True,4,4,"[3, 5]",,up right right right,up right right right
3513,True,True,True,4,4,"[4, 2]",,down left left down,down left left down
3514,True,True,True,5,5,"[5, 0]",,left up left left down,left up left left down
3515,True,True,True,4,4,"[5, 0]",,left down left down,left down left down
3516,True,True,True,8,8,"[5, 0]",,left down left left down left left down,left down left left down left left down
3517,True,True,True,4,4,"[3, 4]",,right right down down,right right down down
3518,False,False,False,4,10,"[2, 0]",obstacle,down right right down,down right right down
3519,True,True,True,5,5,"[3, 1]",,up left left left left,up left left left left
3520,True,True,True,3,3,"[1, 4]",,up up left,up up left
3521,True,True,True,2,2,"[5, 5]",,right down,right down
3522,True,True,True,1,1,"[4, 0]",,up,up
3523,True,True,True,2,2,"[4, 4]",,up left,up left
3524,True,True,True,4,4,"[4, 4]",,right right right down,right right right down
3525,True,True,True,3,3,"[4, 1]",,left up left,left up left
3526,True,True,True,1,1,"[2, 5]",,down,down
3527,True,True,True,7,7,"[3, 5]",,up right up right right right right,up right up right right right right
3528,True,True,True,1,1,"[4, 4]",,left,left
3529,True,True,True,7,7,"[5, 2]",,down down down left left down down,down down down left left down down
3530,False,False,False,8,10,"[2, 0]",obstacle,down right right down right right right down,down right right down right right right down
3531,False,False,False,6,6,"[1, 3]",obstacle,left down down left left down,left down down left left down
3532,True,True,True,2,2,"[4, 4]",,left down,left down
3533,True,True,True,2,2,"[3, 2]",,up up,up up
3534,True,True,True,2,2,"[5, 2]",,right down,right down
3535,False,False,False,7,9,"[3, 1]",obstacle,up left left left left left up,up left left left left left up
3536,True,True,True,7,7,"[5, 2]",,down down down left left down down,down down down left left down down
3537,True,True,True,4,4,"[2, 0]",,left left left down,left left left down
3538,True,True,True,5,5,"[1, 5]",,right right up up right,right right up up right
3539,False,False,False,5,11,"[3, 1]",obstacle,right up up up left,right up up up left
3544,True,True,True,7,7,"[0, 2]",,up up up up left left left,up up up up left left left
3545,True,True,True,4,4,"[0, 3]",,up up left left,up up left left
3546,True,True,True,3,3,"[3, 4]",,right right down,right right down
3548,True,True,True,5,5,"[5, 2]",,down down down left left,down down down left left
3551,True,True,True,4,4,"[3, 5]",,right right right down,right right right down
3553,True,True,True,1,1,"[5, 0]",,down,down
3554,False,False,False,5,5,"[2, 2]",obstacle,left down down down right,left down down down right
3555,True,True,True,1,1,"[0, 3]",,up,up
3556,False,False,False,6,6,"[5, 2]",obstacle,left left up up up right,left left up up up right
3557,True,True,True,1,1,"[5, 5]",,right,right
3564,True,True,True,6,6,"[5, 4]",,down down left down down down,down down left down down down
3565,True,True,True,1,1,"[5, 4]",,left,left
3569,True,True,True,1,1,"[0, 0]",,up,up
3571,True,True,True,4,4,"[4, 0]",,up left left left,up left left left
3572,True,True,True,2,2,"[2, 3]",,right right,right right
3574,True,True,True,4,4,"[2, 2]",,up up left left,up up left left
3575,True,True,True,3,3,"[2, 1]",,left left left,left left left
3576,True,True,True,1,1,"[5, 3]",,left,left
3577,True,True,True,3,3,"[3, 2]",,up right up,up right up
3578,True,True,True,1,1,"[2, 1]",,left,left
3579,False,False,False,4,4,"[4, 1]",obstacle,up right up right,up right up right
3581,True,True,True,4,4,"[4, 2]",,left down down down,left down down down
3583,True,True,True,2,2,"[4, 0]",,up left,up left
3584,True,True,True,5,5,"[2, 1]",,up up left left left,up up left left left
3587,True,True,True,3,3,"[3, 4]",,down left down,down left down
3588,True,True,True,5,5,"[5, 4]",,down right down down down,down right down down down
3589,True,True,True,2,2,"[2, 3]",,left left,left left
3590,True,True,True,5,5,"[3, 4]",,up right up right right,up right up right right
3592,True,True,True,3,3,"[4, 3]",,left up left,left up left
3593,True,True,True,3,3,"[1, 2]",,left up left,left up left
3594,True,True,True,2,2,"[3, 4]",,up right,up right
3595,True,True,True,2,2,"[5, 3]",,left down,left down
3597,True,True,True,3,3,"[4, 2]",,left left down,left left down
3599,True,True,True,3,3,"[2, 3]",,down right down,down right down
3600,True,True,True,1,1,"[3, 2]",,down,down
3601,True,True,True,2,2,"[3, 5]",,right down,right down
3602,False,False,False,5,7,"[4, 3]",obstacle,up left up up right,up left up up right
3603,True,True,True,3,3,"[4, 3]",,down left left,down left left
3604,True,True,True,4,4,"[2, 3]",,left left down down,left left down down
3606,True,True,True,6,6,"[2, 4]",,right right right right down down,right right right right down down
3607,True,True,True,5,5,"[3, 5]",,right right down down down,right right down down down
3608,False,False,False,8,10,"[4, 3]",obstacle,left left up up up up left left,left left up up up up left left
3609,True,True,True,6,6,"[5, 4]",,down down down down left down,down down down down left down
3611,False,False,False,6,6,"[2, 3]",obstacle,down left down down right down,down left down down right down
3612,False,False,False,5,7,"[3, 2]",obstacle,left down down right down,left down down right down
3613,True,True,True,4,4,"[1, 5]",,right right right down,right right right down
3614,True,True,True,6,6,"[0, 5]",,right right up up up up,right right up up up up
3615,True,True,True,5,5,"[1, 5]",,right right up up up,right right up up up
3617,True,True,True,2,2,"[0, 2]",,left left,left left
3618,False,False,False,7,13,"[5, 3]",obstacle,left left up up up left up,left left up up up left up
3620,True,True,True,1,1,"[1, 4]",,left,left
3622,True,True,True,3,3,"[0, 0]",,left left left,left left left
3623,False,False,False,7,7,"[4, 3]",obstacle,up left up up up up right,up left up up up up right
3626,True,True,True,2,2,"[4, 5]",,down down,down down
3628,True,True,True,6,6,"[0, 5]",,up right up up right right,up right up up right right
3630,True,True,True,1,1,"[2, 3]",,up,up
3631,True,True,True,2,2,"[4, 3]",,left left,left left
3632,True,True,True,6,6,"[4, 4]",,left down down right down down,left down down right down down
3633,True,True,True,5,5,"[2, 1]",,up up left left left,up up left left left
3634,True,True,True,3,3,"[0, 4]",,right up right,right up right
3635,False,False,False,5,7,"[1, 5]",obstacle,right down down down down,right down down down down
3636,True,True,True,5,5,"[4, 4]",,down down right down down,down down right down down
3637,True,True,False,8,6,"[1, 0]",,left left down down left left up left,left left down down left left up left
3638,True,True,True,1,1,"[3, 5]",,right,right
3639,True,True,True,1,1,"[4, 3]",,down,down
3640,True,True,True,1,1,"[2, 1]",,up,up
3641,False,False,False,6,6,"[3, 1]",obstacle,right up right right down down,right up right right down down
3642,True,True,True,2,2,"[3, 4]",,up left,up left
3643,True,True,True,2,2,"[2, 4]",,left up,left up
3644,True,True,True,6,6,"[2, 1]",,up left up left left left,up left up left left left
3645,True,True,True,8,8,"[0, 0]",,left left up up left left left up,left left up up left left left up
3646,False,False,False,0,5,"[5, 2]",invalid_action,,Goal not reachable
3647,True,True,True,3,3,"[2, 3]",,up up left,up up left
3650,False,False,False,6,6,"[4, 3]",obstacle,right right down down left down,right right down down left down
3651,True,True,True,3,3,"[0, 3]",,up right up,up right up
3652,True,True,True,4,4,"[0, 1]",,up left left up,up left left up
3653,True,True,True,2,2,"[5, 3]",,down down,down down
3654,True,True,True,2,2,"[1, 1]",,left left,left left
3655,True,True,True,7,7,"[3, 4]",,right down right right down right down,right down right right down right down
3657,True,True,True,2,2,"[1, 2]",,up left,up left
3658,True,True,True,5,5,"[0, 4]",,up left up up right,up left up up right
3659,False,True,False,8,7,"[1, 5]",,right down right right up right right down,right down right right up right right down
3660,True,True,True,5,5,"[2, 5]",,right up up up right,right up up up right
3661,False,False,False,6,12,"[0, 3]",obstacle,right right up right right down,right right up right right down
3662,True,True,True,4,4,"[3, 4]",,right right up up,right right up up
3663,False,False,False,4,8,"[2, 4]",obstacle,left up left left,left up left left
3664,False,False,False,6,10,"[1, 3]",obstacle,right right down right right down,right right down right right down
3665,False,False,False,7,14,"[0, 3]",obstacle,down right right up right right down,down right right up right right down
3666,True,True,True,1,1,"[1, 5]",,down,down
3667,False,False,False,0,11,"[0, 5]",invalid_action,,Goal not reachable
3668,False,False,False,8,10,"[2, 2]",obstacle,down down right right right right down down,down down right right right right down down
3669,False,False,False,7,7,"[4, 4]",obstacle,down down left down left left down,down down left down left left down
3670,True,True,True,4,4,"[3, 2]",,left left up up,left left up up
3671,True,True,True,1,1,"[4, 0]",,up,up
3672,True,True,True,4,4,"[3, 4]",,right right up up,right right up up
3673,True,True,True,5,5,"[5, 2]",,left down down left left,left down down left left
3674,False,False,False,7,7,"[1, 3]",obstacle,right right down right down down down,right right down right down down down
3675,True,True,True,5,5,"[1, 5]",,up up up right up,up up up right up
3676,True,True,True,5,5,"[5, 2]",,right right down down down,right right down down down
3677,False,False,False,7,8,"[0, 3]",obstacle,right down down right down down down,right down down right down down down
3678,True,True,True,2,2,"[1, 1]",,up up,up up
3679,True,True,True,3,3,"[4, 2]",,left left up,left left up
3680,False,False,False,8,10,"[3, 4]",obstacle,down left down left left left down left,down left down left left left down left
3681,False,False,False,5,5,"[2, 0]",obstacle,left down left down down,left down left down down
3682,False,False,False,6,6,"[5, 4]",obstacle,right right up up up up,right right up up up up
3683,True,True,True,4,4,"[0, 5]",,up right up up,up right up up
3684,True,True,True,2,2,"[2, 0]",,left left,left left
3685,True,True,True,3,3,"[3, 2]",,right right down,right right down
3686,True,True,True,2,2,"[4, 4]",,right up,right up
3687,True,True,True,5,5,"[5, 2]",,left down down down down,left down down down down
3688,True,True,True,3,3,"[1, 2]",,up up up,up up up
3689,True,True,True,5,5,"[2, 0]",,down left left down left,down left left down left
3690,True,True,True,4,4,"[1, 5]",,up right up right,up right up right
3691,True,True,True,1,1,"[3, 2]",,up,up
3694,True,True,True,5,5,"[0, 4]",,up up right up up,up up right up up
3697,True,True,True,6,6,"[0, 5]",,up right right up up right,up right right up up right
3698,True,True,True,5,5,"[3, 2]",,down down left left down,down down left left down
3699,True,True,True,4,4,"[4, 4]",,down down down left,down down down left
3702,True,True,True,5,5,"[2, 2]",,left down down left left,left down down left left
3703,True,True,True,1,1,"[3, 3]",,up,up
3704,True,True,True,4,4,"[3, 2]",,right right down down,right right down down
3705,True,True,True,5,5,"[4, 4]",,right right down down right,right right down down right
3707,True,True,True,3,3,"[4, 4]",,down down left,down down left
3709,True,True,True,2,2,"[0, 2]",,up up,up up
3710,True,True,True,5,5,"[2, 1]",,down down left left left,down down left left left
3711,True,True,True,1,1,"[3, 2]",,left,left
3712,True,True,True,3,3,"[2, 3]",,down down left,down down left
3713,True,True,True,4,4,"[4, 5]",,right down down down,right down down down
3714,True,True,True,5,5,"[2, 1]",,down down left left left,down down left left left
3716,True,True,True,4,4,"[3, 2]",,down left left down,down left left down
3718,True,True,True,6,6,"[1, 2]",,up left up up left up,up left up up left up
3720,True,True,True,5,5,"[4, 4]",,up right right right right,up right right right right
3721,True,True,True,1,1,"[1, 1]",,right,right
3722,True,True,True,3,3,"[1, 0]",,left down left,left down left
3723,True,True,True,3,3,"[5, 4]",,down down down,down down down
3724,True,True,True,5,5,"[1, 1]",,up up up up right,up up up up right
3725,True,True,True,5,5,"[4, 0]",,up left left left left,up left left left left
3726,True,True,True,4,4,"[2, 0]",,left down left down,left down left down
3727,True,True,True,5,5,"[0, 2]",,left left up up right,left left up up right
3728,True,True,True,6,6,"[0, 3]",,up up right up right right,up up right up right right
3729,True,True,True,2,2,"[3, 1]",,right down,right down
3730,True,True,True,4,4,"[1, 4]",,up right right up,up right right up
3731,True,True,True,5,5,"[4, 1]",,left down down down down,left down down down down
3732,True,True,True,3,3,"[0, 2]",,right up right,right up right
3733,True,True,True,3,3,"[4, 0]",,left down down,left down down
3734,True,True,True,4,4,"[2, 1]",,up up up right,up up up right
3735,True,True,True,4,4,"[2, 4]",,down right right right,down right right right
3736,True,True,True,6,6,"[4, 1]",,left left down down down down,left left down down down down
3738,True,True,True,4,4,"[3, 0]",,left left left down,left left left down
3739,True,True,True,5,5,"[1, 0]",,left left left up left,left left left up left
3740,True,True,True,3,3,"[5, 2]",,left left down,left left down
3741,True,True,True,2,2,"[2, 3]",,down left,down left
3742,True,True,True,5,5,"[1, 4]",,right right right right up,right right right right up
3743,True,True,True,2,2,"[4, 2]",,right right,right right
3744,True,True,True,5,5,"[3, 4]",,right right right right up,right right right right up
3745,True,True,True,2,2,"[4, 4]",,right right,right right
3746,True,True,True,5,5,"[4, 5]",,right right right right right,right right right right right
3747,True,True,True,5,5,"[2, 3]",,up up right right right,up up right right right
3748,True,True,True,5,5,"[3, 4]",,down right right right down,down right right right down
3749,True,True,True,1,1,"[4, 1]",,left,left
3750,False,False,False,4,4,"[2, 1]",obstacle,left down down right,left down down right
3751,True,True,True,4,4,"[1, 0]",,left left left down,left left left down
3752,True,True,True,3,3,"[2, 3]",,right right right,right right right
3753,False,False,False,5,7,"[2, 2]",obstacle,right right down down left,right right down down left
3754,True,True,True,8,8,"[0, 1]",,up up left left left left up up,up up left left left left up up
3755,True,True,True,5,5,"[5, 2]",,left down down left down,left down down left down
3756,False,False,False,4,6,"[4, 1]",obstacle,left up up right,left up up right
3757,True,True,True,3,3,"[3, 5]",,right right down,right right down
3758,True,True,True,3,3,"[2, 5]",,up up up,up up up
3759,True,True,True,3,3,"[1, 0]",,left up left,left up left
3760,True,True,True,5,5,"[0, 1]",,left left left up up,left left left up up
3761,True,True,True,5,5,"[5, 2]",,left down down left down,left down down left down
3762,True,True,True,4,4,"[0, 1]",,left left up up,left left up up
3763,True,True,True,5,5,"[5, 2]",,down left left left down,down left left left down
3764,True,True,True,2,2,"[2, 3]",,right right,right right
3765,True,True,True,2,2,"[1, 4]",,right up,right up
3766,True,True,True,3,3,"[2, 5]",,right up up,right up up
3767,True,True,True,2,2,"[0, 3]",,right right,right right
3768,True,True,True,4,4,"[2, 0]",,up left left left,up left left left
3769,True,True,True,1,1,"[0, 2]",,right,right
3770,False,False,False,4,6,"[4, 1]",obstacle,left left up left,left left up left
3771,True,True,True,3,3,"[4, 4]",,down down right,down down right
3772,True,True,True,5,5,"[2, 0]",,left left left left left,left left left left left
3773,True,True,True,7,7,"[5, 4]",,down right right down down right down,down right right down down right down
3774,True,True,True,6,6,"[4, 1]",,down left down down left left,down left down down left left
3775,False,False,False,2,8,"[3, 0]",obstacle,down right,down right
3776,True,True,True,5,5,"[2, 5]",,up up up right right,up up up right right
3777,True,True,True,5,5,"[4, 3]",,down right right down down,down right right down down
3778,True,True,True,4,4,"[2, 2]",,left up up left,left up up left
3779,True,True,True,4,4,"[4, 5]",,down right down down,down right down down
3780,True,True,True,1,1,"[4, 4]",,left,left
3781,True,True,True,2,2,"[1, 1]",,up right,up right
3782,False,False,False,4,6,"[1, 4]",obstacle,left up left left,left up left left
3783,True,True,True,5,5,"[5, 3]",,right right down down down,right right down down down
3784,True,True,True,5,5,"[4, 4]",,down right right down down,down right right down down
3785,True,True,True,2,2,"[1, 2]",,right right,right right
3786,True,True,True,8,8,"[5, 5]",,right right right right down down right down,right right right right down down right down
3787,True,True,True,5,5,"[0, 1]",,right up up up up,right up up up up
3788,True,True,True,2,2,"[0, 1]",,up up,up up
3789,True,True,True,1,1,"[1, 1]",,left,left
3790,True,True,True,2,2,"[0, 3]",,up right,up right
3791,True,True,True,2,2,"[4, 0]",,down left,down left
3792,True,True,True,3,3,"[0, 3]",,up right right,up right right
3793,True,True,True,3,3,"[2, 2]",,left down down,left down down
3794,True,True,True,5,5,"[0, 2]",,up up up up right,up up up up right
3795,True,True,True,1,1,"[2, 3]",,left,left
3796,True,True,True,6,6,"[3, 1]",,left down left left left down,left down left left left down
3797,False,False,False,7,9,"[1, 4]",obstacle,up left up up up left up,up left up up up left up
3798,True,True,True,3,3,"[4, 3]",,up left left,up left left
3799,True,True,True,6,6,"[4, 5]",,down right right down down right,down right right down down right
3800,True,True,True,6,6,"[0, 2]",,up up left left up up,up up left left up up
3801,True,True,True,3,3,"[4, 1]",,right down down,right down down
3802,True,True,True,1,1,"[4, 1]",,left,left
3803,True,True,True,6,6,"[5, 2]",,left left down down left down,left left down down left down
3804,True,True,True,5,5,"[2, 5]",,right right right right right,right right right right right
3805,True,True,True,6,6,"[3, 4]",,right right down right right down,right right down right right down
3806,True,True,True,7,7,"[0, 1]",,left down left left up up left,left down left left up up left
3807,True,True,True,6,6,"[0, 1]",,up up left up up left,up up left up up left
3808,True,True,True,5,5,"[2, 1]",,up up up left left,up up up left left
3809,True,True,True,5,5,"[3, 1]",,down left left left down,down left left left down
3810,True,True,True,2,2,"[4, 0]",,down down,down down
3811,True,True,True,2,2,"[0, 2]",,left left,left left
3812,True,True,True,1,1,"[5, 1]",,right,right
3813,True,True,True,3,3,"[4, 2]",,down down down,down down down
3816,True,True,True,4,4,"[1, 2]",,up up right right,up up right right
3817,True,True,True,3,3,"[3, 2]",,left down down,left down down
3819,True,True,True,3,3,"[2, 0]",,left left down,left left down
3821,True,True,True,3,3,"[3, 0]",,left left down,left left down
3823,True,True,True,2,2,"[4, 0]",,left down,left down
3824,True,True,True,2,2,"[0, 4]",,right right,right right
3825,False,False,False,6,6,"[4, 2]",obstacle,down down down down left down,down down down down left down
3826,True,True,True,1,1,"[0, 4]",,right,right
3827,True,True,True,4,4,"[0, 3]",,up up right right,up up right right
3829,True,True,True,2,2,"[3, 0]",,left left,left left
3830,False,False,False,4,4,"[2, 4]",obstacle,left down down right,left down down right
3833,True,True,True,3,3,"[3, 1]",,up up left,up up left
3834,True,True,True,4,4,"[0, 3]",,right up right right,right up right right
3835,True,True,True,2,2,"[3, 3]",,up right,up right
3836,True,True,True,2,2,"[0, 2]",,left left,left left
3837,True,True,True,5,5,"[3, 3]",,up up right right right,up up right right right
3838,True,True,True,5,5,"[5, 0]",,left down down down down,left down down down down
3840,True,True,True,8,8,"[2, 0]",,left up up up left left left left,left up up up left left left left
3841,True,True,True,3,3,"[3, 1]",,down right down,down right down
3842,True,True,True,8,8,"[4, 0]",,down down left left left left down down,down down left left left left down down
3843,True,True,True,1,1,"[2, 2]",,left,left
3844,False,False,False,0,7,"[0, 1]",invalid_action,,Goal not reachable
3845,True,True,True,3,3,"[3, 1]",,down right down,down right down
3846,False,False,False,4,6,"[4, 3]",obstacle,left up up left,left up up left
3847,True,True,True,4,4,"[0, 1]",,right up up left,right up up left
3848,True,True,True,1,1,"[2, 0]",,left,left
3849,False,False,False,6,6,"[2, 3]",obstacle,up right right up right right,up right right up right right
3850,True,True,True,4,4,"[3, 5]",,left down down right,left down down right
3851,True,True,True,3,3,"[4, 4]",,right down down,right down down
3852,True,True,True,1,1,"[1, 4]",,up,up
3853,True,True,True,2,2,"[1, 5]",,right down,right down
3854,True,True,True,4,4,"[1, 4]",,right right right up,right right right up
3855,True,True,True,3,3,"[2, 1]",,down down left,down down left
3856,False,True,False,7,6,"[3, 0]",,left down left left left down left,left down left left left down left
3857,False,False,False,9,9,"[5, 2]",obstacle,right right up up up right right up right,right right up up up right right up right
3858,True,True,True,5,5,"[1, 4]",,up right right right up,up right right right up
3859,True,True,True,6,6,"[3, 1]",,left up left left left down,left up left left left down
3860,True,True,True,4,4,"[0, 1]",,up up up left,up up up left
3861,True,True,True,5,5,"[5, 5]",,down down down down right,down down down down right
3862,False,False,False,7,9,"[5, 2]",obstacle,right right up right right right up,right right up right right right up
3863,True,True,True,1,1,"[4, 4]",,up,up
3864,True,True,True,5,5,"[1, 0]",,left up up up up,left up up up up
3865,True,True,True,2,2,"[2, 3]",,up right,up right
3866,True,True,True,4,4,"[3, 2]",,down right right down,down right right down
3867,False,False,False,5,9,"[5, 2]",obstacle,right up up up right,right up up up right
3868,True,True,True,6,6,"[5, 0]",,left left left down down down,left left left down down down
3869,True,True,True,2,2,"[5, 5]",,down right,down right
3870,True,True,True,3,3,"[2, 4]",,right right up,right right up
3871,True,True,True,1,1,"[1, 1]",,up,up
3872,True,True,True,3,3,"[3, 0]",,left down down,left down down
3873,True,True,True,6,6,"[0, 1]",,up up up up up right,up up up up up right
3875,True,True,True,7,7,"[0, 2]",,right up up left up up right,right up up left up up right
3876,True,True,True,4,4,"[3, 0]",,left left left up,left left left up
3878,True,True,True,1,1,"[4, 0]",,up,up
3879,True,True,True,5,5,"[4, 0]",,left down down down down,left down down down down
3880,True,True,True,5,5,"[2, 1]",,up left left down down,up left left down down
3881,True,True,True,2,2,"[4, 4]",,left down,left down
3882,True,True,True,2,2,"[2, 0]",,left left,left left
3883,False,False,False,4,6,"[2, 2]",obstacle,down right right right,down right right right
3884,True,True,True,1,1,"[3, 3]",,right,right
3885,True,True,True,1,1,"[4, 2]",,right,right
3886,True,True,True,7,7,"[0, 2]",,right up up left up up right,right up up left up up right
3887,False,False,False,8,10,"[2, 4]",obstacle,up up up left left up up right,up up up left left up up right
3888,True,True,True,6,6,"[1, 1]",,left left left up left up,left left left up left up
3889,True,True,True,2,2,"[2, 0]",,left down,left down
3890,False,False,False,6,8,"[2, 2]",obstacle,up left up up up right,up left up up up right
3891,True,True,True,3,3,"[1, 0]",,left up left,left up left
3893,False,False,False,6,10,"[1, 3]",obstacle,down down right down down down,down down right down down down
3894,True,True,True,2,2,"[2, 2]",,left up,left up
3897,True,True,True,1,1,"[0, 3]",,right,right
3898,True,True,True,1,1,"[4, 3]",,right,right
3899,True,True,True,4,4,"[5, 0]",,down left left down,down left left down
3900,True,True,True,3,3,"[4, 0]",,down down down,down down down
3901,False,False,False,5,13,"[0, 4]",obstacle,left down down right down,left down down right down
3902,True,True,True,7,7,"[5, 4]",,right up right right right down down,right up right right right down down
3903,False,False,False,7,7,"[0, 2]",obstacle,left left down down down left left,left left down down down left left
3904,True,True,True,5,5,"[3, 0]",,up left left left left,up left left left left
3905,True,True,True,3,3,"[3, 2]",,down right right,down right right
3906,True,True,True,3,3,"[3, 2]",,up right right,up right right
3907,False,False,False,6,8,"[2, 3]",obstacle,up left left left left up,up left left left left up
3908,False,False,False,4,6,"[4, 1]",obstacle,up right right down,up right right down
3909,True,True,True,3,3,"[2, 0]",,up left up,up left up
3910,True,True,True,4,4,"[3, 4]",,up right right right,up right right right
3911,True,True,True,4,4,"[3, 5]",,left up up right,left up up right
3912,False,False,False,3,11,"[2, 4]",obstacle,right up up,right up up
3913,True,True,True,3,3,"[1, 1]",,left left down,left left down
3914,False,False,False,6,8,"[4, 1]",obstacle,up right right right down right,up right right right down right
3915,True,True,True,2,2,"[0, 5]",,right right,right right
3916,True,True,True,5,5,"[2, 3]",,up right right right up,up right right right up
3917,True,True,True,5,5,"[3, 4]",,up right right right right,up right right right right
3918,True,True,True,9,9,"[1, 1]",,up up left left left left up up right,up up left left left left up up right
3919,True,True,True,7,7,"[5, 0]",,left left left left left down down,left left left left left down down
3920,True,True,True,4,4,"[5, 5]",,right down down right,right down down right
3921,True,True,True,3,3,"[5, 4]",,left down down,left down down
3922,True,True,True,3,3,"[1, 1]",,up up right,up up right
3923,False,False,False,6,8,"[1, 1]",obstacle,down down right right up right,down down right right up right
3924,False,False,False,6,6,"[1, 1]",obstacle,down right down down left down,down right down down left down
3925,True,True,True,1,1,"[3, 2]",,right,right
3926,True,True,True,6,6,"[5, 0]",,down left down down down down,down left down down down down
3927,False,False,False,8,8,"[2, 0]",obstacle,up up right right up up right right,up up right right up up right right
3928,True,True,True,1,1,"[4, 3]",,down,down
3929,True,True,True,6,6,"[5, 0]",,down left left left down down,down left left left down down
3930,False,False,False,4,6,"[1, 4]",obstacle,right down down left,right down down left
3931,False,False,False,5,7,"[3, 3]",obstacle,left up up up right,left up up up right
3932,False,False,False,4,8,"[3, 3]",obstacle,up left left up,up left left up
3933,True,True,True,4,4,"[4, 4]",,right right right right,right right right right
3934,True,True,True,4,4,"[1, 2]",,up left left left,up left left left
3935,False,False,False,3,7,"[2, 2]",obstacle,right down right,right down right
3936,True,True,True,3,3,"[4, 3]",,right right right,right right right
3937,False,False,False,5,9,"[2, 2]",obstacle,down right right down down,down right right down down
3938,True,True,True,5,5,"[1, 5]",,up up right up up,up up right up up
3939,False,False,False,3,7,"[3, 3]",obstacle,left up up,left up up
3940,True,True,True,3,3,"[1, 3]",,up left left,up left left
3941,False,False,False,5,9,"[2, 2]",obstacle,left left down down left,left left down down left
3942,True,True,True,4,4,"[4, 0]",,up left left left,up left left left
3943,False,False,False,6,10,"[3, 1]",obstacle,up left up up up right,up left up up up right
3944,False,False,False,6,6,"[1, 3]",obstacle,left down down right down down,left down down right down down
3945,False,False,False,4,4,"[1, 4]",obstacle,left down down left,left down down left
3946,True,True,True,6,6,"[4, 0]",,left left down left left left,left left down left left left
3947,True,True,True,6,6,"[5, 4]",,down down down left down down,down down down left down down
3948,False,False,False,7,9,"[3, 3]",obstacle,up up left up up up right,up up left up up up right
3949,True,True,True,3,3,"[2, 5]",,right right down,right right down
3950,True,True,True,6,6,"[5, 3]",,down down left left down down,down down left left down down
3951,False,False,False,6,12,"[2, 2]",obstacle,down down down left down down,down down down left down down
3952,False,False,False,5,7,"[1, 3]",obstacle,right right down down right,right right down down right
3953,True,True,True,2,2,"[5, 2]",,left left,left left
3954,False,False,False,4,4,"[1, 3]",obstacle,left down down right,left down down right
3955,True,True,True,3,3,"[1, 2]",,left left down,left left down
3956,True,True,True,1,1,"[1, 4]",,right,right
3957,False,False,False,6,8,"[3, 3]",obstacle,up left up up up right,up left up up up right
3958,False,False,False,6,8,"[3, 3]",obstacle,up right up up up right,up right up up up right
3959,False,False,False,7,9,"[3, 3]",obstacle,up right up up up up right,up right up up up up right
3960,False,False,False,5,5,"[2, 1]",obstacle,down left left up left,down left left up left
3961,True,True,True,5,5,"[1, 3]",,up right right right up,up right right right up
3962,True,True,True,3,3,"[3, 4]",,right down down,right down down
3963,True,True,True,5,5,"[4, 3]",,down left down down right,down left down down right
3964,False,False,False,0,7,"[0, 3]",invalid_action,,Goal not reachable
3965,True,True,True,1,1,"[4, 2]",,right,right
3966,True,True,True,1,1,"[1, 3]",,left,left
3967,True,True,True,4,4,"[4, 4]",,right down down down,right down down down
3968,True,True,True,3,3,"[0, 3]",,up left up,up left up
3969,True,True,True,7,7,"[1, 0]",,up left left left left left up,up left left left left left up
3971,True,True,True,2,2,"[4, 0]",,left left,left left
3972,True,True,True,5,5,"[2, 2]",,up up left left left,up up left left left
3973,True,True,True,6,6,"[2, 1]",,up up left left left left,up up left left left left
3974,True,True,True,5,5,"[3, 4]",,right down right right up,right down right right up
3975,True,True,True,3,3,"[4, 3]",,up left left,up left left
3976,True,True,True,3,3,"[2, 2]",,left up up,left up up
3977,True,True,True,1,1,"[5, 4]",,down,down
3978,False,False,False,9,9,"[3, 2]",obstacle,down right down right right right right down down,down right down right right right right down down
3979,True,True,True,3,3,"[3, 2]",,up up right,up up right
3981,True,True,True,1,1,"[1, 4]",,up,up
3982,True,True,True,5,5,"[1, 3]",,up up left up left,up up left up left
3983,True,True,True,2,2,"[3, 4]",,right down,right down
3984,True,True,True,5,5,"[4, 1]",,left down left left left,left down left left left
3985,True,True,True,2,2,"[4, 1]",,left down,left down
3986,True,True,True,1,1,"[4, 3]",,right,right
3987,True,True,True,1,1,"[2, 0]",,left,left
3989,True,True,True,4,4,"[3, 1]",,left left left down,left left left down
3990,True,True,True,4,4,"[2, 0]",,up left left up,up left left up
3991,True,True,True,2,2,"[5, 0]",,down down,down down
3992,False,False,False,7,7,"[4, 5]",obstacle,up left up left left down down,up left up left left down down
3993,False,False,False,5,7,"[2, 3]",obstacle,up left left left up,up left left left up
3994,True,True,True,3,3,"[2, 0]",,left left up,left left up
3995,True,True,True,5,5,"[4, 5]",,down down right down down,down down right down down
3996,True,True,True,7,7,"[5, 0]",,left down left left left down down,left down left left left down down
3997,False,False,False,9,9,"[2, 3]",obstacle,up up up left left left up left left,up up up left left left up left left
3998,True,True,True,1,1,"[5, 4]",,left,left
3999,True,True,True,3,3,"[2, 0]",,left left up,left left up
4000,True,True,True,1,1,"[2, 4]",,right,right
4001,True,True,True,6,6,"[0, 4]",,up right right up right right,up right right up right right
4002,True,True,True,1,1,"[2, 4]",,left,left
4003,True,True,True,1,1,"[4, 0]",,down,down
4004,False,False,False,5,5,"[3, 1]",obstacle,up right up up right,up right up up right
4005,True,True,True,5,5,"[2, 4]",,up up right up right,up up right up right
4006,True,True,True,2,2,"[2, 0]",,left up,left up
4007,True,True,True,3,3,"[3, 1]",,down down right,down down right
4008,False,False,False,4,4,"[2, 3]",obstacle,left up up right,left up up right
4009,True,True,True,2,2,"[5, 2]",,right down,right down
4010,True,True,True,6,6,"[3, 5]",,up right right right right right,up right right right right right
4011,True,True,True,2,2,"[5, 0]",,down down,down down
4012,True,True,True,1,1,"[2, 0]",,up,up
4013,False,False,False,7,7,"[4, 2]",obstacle,down right right down right right right,down right right down right right right
4014,False,False,False,0,9,"[4, 0]",invalid_action,,Goal not reachable
4015,True,True,True,5,5,"[5, 0]",,left down down down down,left down down down down
4016,False,False,False,7,9,"[1, 2]",obstacle,down right right right down down down,down right right right down down down
4017,False,False,False,7,7,"[1, 2]",obstacle,left down down left down down right,left down down left down down right
4018,True,True,True,2,2,"[1, 2]",,right right,right right
4019,True,True,True,3,3,"[1, 0]",,left up up,left up up
4020,True,True,True,5,5,"[5, 5]",,right down right right down,right down right right down
4021,True,True,True,2,2,"[5, 2]",,left left,left left
4022,False,False,False,3,5,"[2, 0]",obstacle,up right right,up right right
4023,True,True,True,5,5,"[0, 1]",,right up up up left,right up up up left
4024,True,True,True,1,1,"[5, 3]",,left,left
4025,False,False,False,8,10,"[5, 2]",obstacle,right up up up up up right right,right up up up up up right right
4026,True,True,True,4,4,"[5, 1]",,left left left left,left left left left
4027,False,False,False,9,9,"[1, 3]",obstacle,right right right down down down right right down,right right right down down down right right down
4028,True,True,True,1,1,"[0, 2]",,right,right
4029,True,True,True,1,1,"[1, 5]",,up,up
4030,False,False,False,7,9,"[3, 5]",obstacle,down left left left up up up,down left left left up up up
4031,False,False,False,3,7,"[1, 1]",obstacle,down down left,down down left
4032,True,True,True,5,5,"[1, 1]",,up left up up left,up left up up left
4033,True,True,True,4,4,"[3, 2]",,left left up left,left left up left
4034,True,True,True,3,3,"[4, 5]",,down right right,down right right
4035,False,False,False,3,9,"[1, 5]",obstacle,up left left,up left left
4036,True,True,True,5,5,"[5, 3]",,down down right down down,down down right down down
4037,False,False,False,7,9,"[3, 5]",obstacle,down left left left up up up,down left left left up up up
4038,False,False,False,6,8,"[1, 3]",obstacle,down right right down down down,down right right down down down
4039,False,False,False,7,7,"[3, 3]",obstacle,right right right up right right down,right right right up right right down
4040,True,True,True,4,4,"[3, 3]",,down down down right,down down down right
4041,False,False,False,8,8,"[4, 3]",obstacle,left left up up up up left left,left left up up up up left left
4042,True,True,True,4,4,"[0, 4]",,up up right right,up up right right
4043,False,False,False,7,9,"[2, 5]",obstacle,up up up left left up up,up up up left left up up
4044,True,True,True,1,1,"[3, 2]",,right,right
4045,False,False,False,8,10,"[2, 5]",obstacle,down left left down left left left down,down left left down left left left down
4046,True,True,True,2,2,"[3, 3]",,right right,right right
4047,False,False,False,7,9,"[2, 2]",obstacle,up right right up right right right,up right right up right right right
4048,True,True,True,1,1,"[4, 5]",,right,right
4049,False,False,False,8,10,"[2, 5]",obstacle,down left left down left left up left,down left left down left left up left
4050,True,True,True,4,4,"[2, 2]",,up up left up,up up left up
4051,False,False,False,6,6,"[1, 2]",obstacle,up left up up up right,up left up up up right
4052,True,True,True,6,6,"[3, 0]",,left up left left left up,left up left left left up
4053,True,True,True,3,3,"[1, 4]",,left up up,left up up
4054,True,True,True,4,4,"[3, 3]",,right right up right,right right up right
4055,False,False,False,5,5,"[3, 2]",obstacle,up left left up up,up left left up up
4056,True,True,True,5,5,"[1, 4]",,up right right right right,up right right right right
4057,True,True,True,5,5,"[0, 4]",,up up right up right,up up right up right
4058,True,True,True,4,4,"[5, 5]",,right down right right,right down right right
4059,False,False,False,5,5,"[3, 3]",obstacle,left up up up right,left up up up right
4060,True,True,True,4,4,"[2, 2]",,up left left down,up left left down
4061,False,False,False,0,5,"[0, 4]",invalid_action,,Goal not reachable
4062,False,False,False,5,3,"[3, 0]",obstacle,up right up up left,up right up up left
4063,True,True,True,4,4,"[1, 0]",,down left left left,down left left left
4064,True,True,True,5,5,"[1, 4]",,up up left up up,up up left up up
4065,True,True,True,2,2,"[3, 2]",,down down,down down
4066,True,True,True,5,5,"[3, 3]",,down left down down right,down left down down right
4067,True,True,True,7,7,"[3, 0]",,down left left down left left up,down left left down left left up
4068,False,False,False,6,6,"[1, 3]",obstacle,up right right right down right,up right right right down right
4069,True,True,True,5,5,"[2, 4]",,right right right right down,right right right right down
4070,True,True,True,4,4,"[0, 4]",,up right up right,up right up right
4071,True,True,True,4,4,"[1, 3]",,up right right right,up right right right
4072,True,True,True,1,1,"[0, 3]",,up,up
4073,True,True,True,1,1,"[4, 3]",,up,up
4074,True,True,True,4,4,"[2, 0]",,left left up up,left left up up
4075,False,False,False,7,7,"[2, 2]",obstacle,down right right down right right down,down right right down right right down
4076,True,True,True,5,5,"[5, 4]",,down left down down right,down left down down right
4077,True,True,True,2,2,"[5, 3]",,down down,down down
4078,False,False,False,6,6,"[2, 0]",obstacle,up right right right down right,up right right right down right
4079,True,True,True,4,4,"[3, 2]",,right right down down,right right down down
4080,True,True,True,3,3,"[3, 4]",,left down down,left down down
4082,True,True,True,5,5,"[0, 2]",,left up up up up,left up up up up
4083,True,True,True,3,3,"[2, 2]",,right down down,right down down
4084,True,True,True,3,3,"[0, 5]",,right up right,right up right
4085,True,True,True,6,6,"[1, 2]",,up up up left left left,up up up left left left
4086,True,True,True,1,1,"[2, 4]",,right,right
4087,True,True,True,5,5,"[1, 4]",,right up up right right,right up up right right
4088,True,True,True,3,3,"[1, 2]",,up left left,up left left
4089,False,False,False,6,8,"[4, 3]",obstacle,right up up up up right,right up up up up right
4090,True,True,True,5,5,"[4, 1]",,left left down left down,left left down left down
4091,True,True,True,2,2,"[2, 3]",,left left,left left
4092,True,True,True,4,4,"[5, 5]",,right down right right,right down right right
4093,False,False,False,6,8,"[3, 4]",obstacle,left down down down down left,left down down down down left
4094,False,False,False,6,6,"[4, 3]",obstacle,left up up left left left,left up up left left left
4095,True,True,True,6,6,"[5, 5]",,right down down down down down,right down down down down down
4096,True,True,True,5,5,"[0, 5]",,down right right up right,down right right up right
4097,True,True,True,2,2,"[0, 4]",,right up,right up
4098,True,True,True,3,3,"[2, 4]",,right right down,right right down
4099,True,True,True,3,3,"[5, 3]",,down left left,down left left
4100,True,True,True,2,2,"[2, 3]",,right down,right down
4101,True,True,True,2,2,"[5, 3]",,left left,left left
4102,True,True,True,7,7,"[1, 3]",,left left up up up up right,left left up up up up right
4103,True,True,True,2,2,"[2, 4]",,right down,right down
4104,True,True,True,4,4,"[1, 2]",,left up up up,left up up up
4105,False,False,False,7,7,"[4, 3]",obstacle,up right up up up up right,up right up up up up right
4106,True,True,True,1,1,"[5, 2]",,down,down
4107,True,True,True,4,4,"[3, 2]",,left left left down,left left left down
4108,True,True,True,4,4,"[3, 1]",,left down down left,left down down left
4109,True,True,True,1,1,"[0, 2]",,right,right
4110,True,True,True,3,3,"[0, 4]",,up up right,up up right
4111,True,True,True,6,6,"[1, 0]",,up left up left left left,up left up left left left
4112,True,True,True,4,4,"[1, 2]",,left left up left,left left up left
4113,True,True,True,4,4,"[0, 3]",,up left up up,up left up up
4114,False,False,False,5,7,"[2, 4]",obstacle,up left up up right,up left up up right
4115,False,False,False,5,5,"[1, 1]",obstacle,up right up right right,up right up right right
4116,True,True,True,5,5,"[4, 5]",,down right right down down,down right right down down
4117,True,True,True,8,8,"[0, 5]",,up right up right up right right right,up right up right up right right right
4118,True,True,True,4,4,"[2, 3]",,up right right down,up right right down
4119,False,False,False,5,7,"[2, 1]",obstacle,right down right right down,right down right right down
4120,True,True,True,2,2,"[4, 3]",,left left,left left
4121,False,False,False,0,7,"[0, 4]",invalid_action,,Goal not reachable
4122,True,True,True,7,7,"[0, 5]",,up up up up up right right,up up up up up right right
4123,True,True,True,1,1,"[1, 3]",,up,up
4124,True,True,True,4,4,"[5, 3]",,left down down down,left down down down
4125,True,True,True,3,3,"[4, 5]",,right right down,right right down
4126,True,True,True,5,5,"[3, 3]",,up right right down down,up right right down down
4127,True,True,True,5,5,"[0, 0]",,up left left left up,up left left left up
4128,True,True,True,4,4,"[2, 4]",,right right down right,right right down right
4129,True,True,True,4,4,"[2, 5]",,up up right right,up up right right
4130,True,True,True,6,6,"[1, 0]",,up left up left left left,up left up left left left
4131,True,True,True,3,3,"[1, 3]",,up left up,up left up
4132,True,True,True,2,2,"[5, 3]",,right down,right down
4133,True,True,True,7,7,"[0, 5]",,up up up up up right right,up up up up up right right
4134,True,True,True,1,1,"[4, 5]",,down,down
4135,True,True,True,5,5,"[1, 2]",,up left left up left,up left left up left
4136,False,False,False,5,7,"[3, 2]",obstacle,right up up up left,right up up up left
4137,True,True,True,7,7,"[1, 0]",,up up left up left left left,up up left up left left left
4138,True,True,True,3,3,"[0, 0]",,up up up,up up up
4139,True,True,True,8,8,"[0, 5]",,up right up right up right right right,up right up right up right right right
4140,False,False,False,4,4,"[3, 3]",obstacle,right down right down,right down right down
4141,False,False,False,6,10,"[3, 0]",obstacle,down right right right right right,down right right right right right
4142,False,False,False,6,8,"[4, 1]",obstacle,left left left up left up,left left left up left up
4143,True,True,True,3,3,"[3, 3]",,down down right,down down right
4144,True,True,True,4,4,"[4, 2]",,left down down down,left down down down
4145,True,True,True,3,3,"[3, 2]",,up right up,up right up
4146,True,True,True,2,2,"[5, 3]",,down right,down right
4147,True,True,True,6,6,"[1, 5]",,up right right right right right,up right right right right right
4148,True,True,True,4,4,"[1, 1]",,left left left left,left left left left
4149,True,True,True,1,1,"[0, 5]",,up,up
4150,True,True,True,1,1,"[1, 0]",,up,up
4151,False,False,False,7,9,"[2, 5]",obstacle,right down down right down down left,right down down right down down left
4152,True,True,True,5,5,"[4, 2]",,down right down down down,down right down down down
4153,True,True,True,3,3,"[3, 2]",,up right up,up right up
4154,True,True,True,5,5,"[4, 1]",,left down down down left,left down down down left
4155,True,True,True,2,2,"[2, 1]",,down down,down down
4156,True,True,True,5,5,"[3, 2]",,right down right down down,right down right down down
4157,False,False,False,7,9,"[4, 4]",obstacle,left left up left up left left,left left up left up left left
4158,True,True,True,2,2,"[5, 4]",,left down,left down
4159,True,True,True,4,4,"[5, 5]",,right right right right,right right right right
4160,True,True,True,5,5,"[5, 1]",,down down down left down,down down down left down
4161,True,True,True,1,1,"[5, 3]",,right,right
4162,False,False,False,4,6,"[4, 4]",obstacle,left up left left,left up left left
4163,False,False,False,6,10,"[4, 4]",obstacle,left up left up up right,left up left up up right
4164,False,False,False,6,6,"[3, 3]",obstacle,right down right right up up,right down right right up up
4165,True,True,True,2,2,"[4, 2]",,left up,left up
4166,False,False,False,8,10,"[1, 3]",obstacle,right right right down down down right right,right right right down down down right right
4167,False,False,False,8,10,"[1, 3]",obstacle,left left down left down down right right,left left down left down down right right
4168,True,True,True,3,3,"[4, 2]",,right down down,right down down
4169,True,True,True,2,2,"[4, 1]",,up left,up left
4170,True,True,True,2,2,"[3, 4]",,up right,up right
4171,False,False,False,7,7,"[2, 2]",obstacle,up right right right right down down,up right right right right down down
4172,True,True,True,1,1,"[3, 5]",,down,down
4173,True,True,True,3,3,"[2, 0]",,left left down,left left down
4174,True,True,True,3,3,"[0, 3]",,up right right,up right right
4175,True,True,True,2,2,"[0, 3]",,right right,right right
4176,False,False,False,6,8,"[0, 4]",obstacle,left down down down left down,left down down down left down
4177,True,True,True,2,2,"[0, 2]",,up right,up right
4178,True,True,True,5,5,"[0, 5]",,up right right right right,up right right right right
4179,False,False,False,6,8,"[2, 4]",obstacle,up up right up up up,up up right up up up
4180,True,True,True,2,2,"[1, 0]",,left left,left left
4181,False,False,False,6,10,"[2, 4]",obstacle,up up left up up right,up up left up up right
4182,False,False,False,7,8,"[0, 4]",obstacle,right down down right down down down,right down down right down down down
4183,True,True,True,2,2,"[1, 0]",,left left,left left
4184,False,False,False,7,7,"[2, 4]",obstacle,up left left left up up left,up left left left up up left
4185,False,False,False,6,7,"[0, 4]",obstacle,right down down right down down,right down down right down down
4186,True,True,True,4,4,"[3, 5]",,up up right right,up up right right
4187,True,True,True,3,3,"[5, 4]",,right down down,right down down
4188,True,True,True,7,7,"[1, 0]",,up up left up left up left,up up left up left up left
4189,True,True,True,4,4,"[5, 3]",,down right down down,down right down down
4190,True,True,True,3,3,"[5, 4]",,down down down,down down down
4191,True,True,True,3,3,"[4, 3]",,down left down,down left down
4192,True,True,True,2,2,"[1, 1]",,left down,left down
4193,True,True,True,1,1,"[0, 2]",,left,left
4194,False,False,False,5,7,"[2, 4]",obstacle,left up up left left,left up up left left
4195,True,True,True,2,2,"[0, 3]",,up right,up right
4196,True,True,True,1,1,"[3, 3]",,up,up
4197,True,True,True,3,3,"[2, 5]",,up up up,up up up
4198,True,True,True,2,2,"[1, 0]",,left left,left left
4199,True,True,True,2,2,"[3, 4]",,up left,up left
4200,False,False,False,6,6,"[4, 4]",obstacle,down left down left left left,down left down left left left
4201,True,True,True,5,5,"[5, 4]",,down right down down down,down right down down down
4202,False,False,False,5,9,"[2, 2]",obstacle,down down down left left,down down down left left
4203,True,True,True,3,3,"[2, 4]",,right down right,right down right
4205,True,True,True,3,3,"[1, 2]",,left down left,left down left
4206,True,True,True,2,2,"[2, 4]",,down right,down right
4207,False,False,False,6,8,"[2, 4]",obstacle,right up up up up up,right up up up up up
4209,True,True,True,5,5,"[1, 1]",,left left up left left,left left up left left
4210,True,True,True,8,8,"[5, 1]",,down left down down down left left left,down left down down down left left left
4211,False,False,False,5,7,"[2, 3]",obstacle,left left down down left,left left down down left
4212,True,True,True,4,4,"[1, 2]",,left left up left,left left up left
4213,True,True,True,1,1,"[5, 2]",,down,down
4214,True,True,True,4,4,"[2, 2]",,down left left left,down left left left
4215,True,True,True,3,3,"[5, 2]",,down left left,down left left
4217,True,True,True,3,3,"[2, 2]",,right right down,right right down
4218,True,True,True,6,6,"[0, 1]",,left left left up left up,left left left up left up
4220,True,True,True,1,1,"[5, 3]",,right,right
4222,True,True,True,1,1,"[5, 4]",,down,down
4224,True,True,True,4,4,"[2, 3]",,down right right down,down right right down
4225,True,True,True,2,2,"[3, 4]",,left down,left down
4226,True,True,True,5,5,"[1, 0]",,left down left left left,left down left left left
4227,True,True,True,1,1,"[3, 4]",,up,up
4228,True,True,True,2,2,"[0, 3]",,up up,up up
4229,True,True,True,3,3,"[1, 2]",,left down left,left down left
4230,True,True,True,2,2,"[3, 3]",,up right,up right
4231,True,True,True,2,2,"[4, 3]",,left left,left left
4232,False,False,False,9,9,"[4, 2]",obstacle,left left left down down down down left left,left left left down down down down left left
4233,False,False,False,4,6,"[2, 2]",obstacle,up left left left,up left left left
4234,True,True,True,4,4,"[1, 4]",,left up up right,left up up right
4235,True,True,True,4,4,"[4, 5]",,down right right down,down right right down
4236,True,True,True,5,5,"[3, 4]",,left left down down right,left left down down right
4237,False,False,False,6,10,"[5, 1]",obstacle,right up right up right right,right up right up right right
4238,False,False,False,7,7,"[4, 2]",obstacle,left down down down down left left,left down down down down left left
4239,True,True,True,1,1,"[2, 0]",,up,up
4240,False,False,False,9,11,"[5, 1]",obstacle,right up up up up right up right right,right up up up up right up right right
4241,True,True,True,4,4,"[3, 3]",,left down down down,left down down down
4242,True,True,True,2,2,"[1, 5]",,right down,right down
4243,True,True,True,6,6,"[4, 2]",,left down left down down down,left down left down down down
4244,True,True,True,3,3,"[3, 5]",,up right right,up right right
4245,False,False,False,8,8,"[1, 4]",obstacle,up right right right right down right down,up right right right right down right down
4246,True,True,True,8,8,"[3, 0]",,left left down left left left down down,left left down left left left down down
4247,False,False,False,5,7,"[2, 0]",obstacle,up right right down down,up right right down down
4248,True,True,True,2,2,"[1, 3]",,up up,up up
4249,True,True,True,2,2,"[4, 3]",,left down,left down
4250,True,True,True,1,1,"[1, 0]",,left,left
4251,True,True,True,4,4,"[3, 3]",,left down down down,left down down down
4252,True,True,True,1,1,"[1, 1]",,left,left
4253,True,True,True,5,5,"[1, 0]",,left left left left left,left left left left left
4254,True,True,True,2,2,"[3, 4]",,right right,right right
4255,False,False,False,7,11,"[3, 2]",obstacle,up left up left left left left,up left up left left left left
4256,True,True,True,4,4,"[2, 2]",,up left up left,up left up left
4257,True,True,True,7,7,"[0, 5]",,up up up right up right right,up up up right up right right
4258,True,True,True,5,5,"[1, 4]",,down right right right right,down right right right right
4259,True,True,True,3,3,"[1, 4]",,up right right,up right right
4260,True,True,True,5,5,"[2, 2]",,up left left up up,up left left up up
4261,True,True,True,2,2,"[4, 3]",,up left,up left
4262,True,True,True,2,2,"[4, 2]",,down down,down down
4264,True,True,True,5,5,"[0, 4]",,up up right up right,up up right up right
4265,True,True,True,4,4,"[4, 4]",,down down right right,down down right right
4266,True,True,True,4,4,"[4, 4]",,down down right right,down down right right
4267,False,False,False,7,7,"[3, 2]",obstacle,down left down down right down down,down left down down right down down
4268,True,True,True,4,4,"[2, 2]",,down left left left,down left left left
4269,True,True,True,5,5,"[4, 3]",,right right down down right,right right down down right
4270,True,True,True,2,2,"[4, 1]",,right up,right up
4271,True,True,True,1,1,"[3, 0]",,down,down
4274,True,True,True,3,3,"[4, 2]",,right down down,right down down
4275,True,True,True,3,3,"[3, 2]",,up left up,up left up
4276,True,True,True,4,4,"[3, 1]",,left down left down,left down left down
4277,False,False,False,6,10,"[1, 5]",obstacle,down left down down right down,down left down down right down
4278,True,True,True,2,2,"[0, 3]",,right up,right up
4279,True,True,True,2,2,"[0, 5]",,right right,right right
4280,True,True,True,5,5,"[5, 3]",,right down down right down,right down down right down
4281,True,True,True,4,4,"[2, 3]",,left left down down,left left down down
4282,True,True,True,2,2,"[1, 2]",,up up,up up
4283,False,False,False,6,4,"[3, 0]",obstacle,left up left left down down,left up left left down down
4284,True,True,True,1,1,"[5, 0]",,left,left
4285,False,False,False,5,6,"[2, 4]",obstacle,right down down left down,right down down left down
4286,True,True,True,3,3,"[4, 4]",,right right right,right right right
4287,True,True,True,3,3,"[4, 5]",,up right right,up right right
4288,True,True,True,6,6,"[5, 0]",,down left down down down left,down left down down down left
4289,True,True,True,2,2,"[5, 0]",,down left,down left
4290,True,True,True,2,2,"[5, 3]",,left left,left left
4291,True,True,True,4,4,"[2, 3]",,up up up left,up up up left
4292,True,True,True,5,5,"[1, 1]",,up up left left left,up up left left left
4293,True,True,True,4,4,"[0, 3]",,up right right up,up right right up
4294,True,True,True,6,6,"[1, 0]",,left up up up left left,left up up up left left
4295,True,True,True,1,1,"[3, 4]",,up,up
4296,True,True,True,1,1,"[3, 4]",,up,up
4297,True,True,True,3,3,"[3, 4]",,up right up,up right up
4298,True,True,True,7,7,"[1, 4]",,up right up up up right right,up right up up up right right
4299,True,True,True,6,6,"[1, 1]",,up right up up up left,up right up up up left
4300,False,False,False,0,8,"[5, 1]",invalid_action,,Goal not reachable
4301,True,True,True,4,4,"[5, 4]",,left down down down,left down down down
4302,True,True,True,5,5,"[2, 3]",,down right right right down,down right right right down
4303,True,True,True,5,5,"[3, 5]",,up right right right down,up right right right down
4304,True,True,True,1,1,"[2, 5]",,up,up
4305,True,True,True,3,3,"[3, 4]",,right down down,right down down
4306,True,True,True,5,5,"[1, 2]",,up left up left left,up left up left left
4307,True,True,True,4,4,"[1, 4]",,up up up up,up up up up
4308,True,True,True,7,7,"[2, 5]",,up right up up right right right,up right up up right right right
4309,True,True,True,3,3,"[0, 0]",,up up up,up up up
4310,True,True,True,1,1,"[1, 4]",,up,up
4311,True,True,True,4,4,"[2, 5]",,up right right right,up right right right
4312,True,True,True,5,5,"[4, 1]",,left left down down left,left left down down left
4313,True,True,True,7,7,"[1, 0]",,up up up left left left left,up up up left left left left
4314,True,True,True,2,2,"[5, 4]",,right down,right down
4315,True,True,True,7,7,"[5, 4]",,right right right right down down down,right right right right down down down
4316,True,True,True,4,4,"[1, 2]",,left up left left,left up left left
4317,True,True,True,1,1,"[2, 2]",,up,up
4318,True,True,True,6,6,"[2, 5]",,right right right right down right,right right right right down right
4319,True,True,True,5,5,"[5, 3]",,right down down right down,right down down right down
4320,True,True,True,5,5,"[3, 5]",,up right right right right,up right right right right
4321,True,True,True,3,3,"[3, 5]",,right down down,right down down
4322,True,True,True,6,6,"[5, 5]",,right right right right down down,right right right right down down
4323,True,True,True,3,3,"[4, 1]",,left up left,left up left
4324,True,True,True,6,6,"[3, 4]",,up right up right right right,up right up right right right
4325,True,True,True,5,5,"[2, 4]",,up right right right up,up right right right up
4326,False,False,False,7,7,"[1, 3]",obstacle,down left down left down down down,down left down left down down down
4327,True,True,True,3,3,"[4, 2]",,down down down,down down down
4328,False,False,False,5,5,"[5, 3]",obstacle,right up up right right,right up up right right
4329,True,True,True,5,5,"[1, 2]",,left up up up up,left up up up up
4330,True,True,True,3,3,"[3, 3]",,up up left,up up left
4331,True,True,True,5,5,"[4, 5]",,down right down down down,down right down down down
4332,True,True,True,4,4,"[4, 2]",,left down down down,left down down down
4333,True,True,True,3,3,"[2, 5]",,up up up,up up up
4334,True,True,True,5,5,"[4, 4]",,right up right right down,right up right right down
4335,False,False,False,0,3,"[3, 1]",invalid_action,,Goal not reachable
4336,True,True,True,5,5,"[5, 3]",,up right right down right,up right right down right
4337,True,True,True,3,3,"[3, 2]",,left up up,left up up
4338,True,True,True,2,2,"[3, 2]",,up right,up right
4339,True,True,True,1,1,"[2, 5]",,right,right
4340,True,True,True,2,2,"[5, 5]",,down down,down down
4341,True,True,True,4,4,"[5, 3]",,down down down right,down down down right
4342,True,True,True,3,3,"[4, 1]",,left left down,left left down
4343,True,True,True,6,6,"[4, 5]",,right up right right right down,right up right right right down
4345,True,True,True,2,2,"[3, 2]",,down down,down down
4346,True,True,True,3,3,"[2, 5]",,up up right,up up right
4347,True,True,True,2,2,"[5, 5]",,down down,down down
4348,True,True,True,1,1,"[4, 0]",,up,up
4349,True,True,True,6,6,"[1, 3]",,right up up up right right,right up up up right right
4350,True,True,True,6,6,"[4, 0]",,left left left left left down,left left left left left down
4352,True,True,True,2,2,"[1, 2]",,down left,down left
4353,True,True,True,3,3,"[3, 3]",,down down down,down down down
4354,True,True,True,4,4,"[4, 0]",,down down down down,down down down down
4356,True,True,True,4,4,"[1, 0]",,up left up up,up left up up
4357,True,True,True,3,3,"[4, 4]",,down right down,down right down
4358,False,False,False,7,7,"[1, 2]",obstacle,left down left down down right down,left down left down down right down
4359,True,True,True,3,3,"[4, 0]",,left left down,left left down
4360,False,False,False,5,5,"[1, 0]",obstacle,up right right down right,up right right down right
4361,True,True,True,2,2,"[4, 1]",,up left,up left
4362,False,False,False,6,8,"[1, 2]",obstacle,down left down left left up,down left down left left up
4363,True,True,True,1,1,"[4, 4]",,down,down
4365,True,True,True,4,4,"[5, 2]",,left left down down,left left down down
4366,True,True,True,2,2,"[3, 3]",,left left,left left
4367,True,True,True,1,1,"[3, 1]",,right,right
4368,True,True,True,5,5,"[4, 5]",,down down right right down,down down right right down
4369,False,False,False,5,5,"[2, 3]",obstacle,up left up left up,up left up left up
4370,True,True,True,5,5,"[5, 3]",,down down down down down,down down down down down
4371,True,True,True,4,4,"[2, 5]",,up right right up,up right right up
4372,True,True,True,2,2,"[4, 2]",,right right,right right
4373,True,True,True,2,2,"[1, 3]",,up up,up up
4374,True,True,True,3,3,"[5, 1]",,right down down,right down down
4375,True,True,True,4,4,"[3, 5]",,right right right right,right right right right
4376,False,False,False,0,6,"[0, 1]",invalid_action,,Goal not reachable
4377,True,True,True,5,5,"[3, 0]",,down down left left left,down down left left left
4378,False,False,False,0,7,"[0, 3]",invalid_action,,Goal not reachable
4379,False,False,False,10,10,"[3, 2]",obstacle,up up left left left up left up up left,up up left left left up left up up left
4380,True,True,True,6,6,"[0, 0]",,up up left up up up,up up left up up up
4381,True,True,True,4,4,"[4, 1]",,left left left down,left left left down
4382,True,True,True,6,6,"[2, 0]",,left left left left down down,left left left left down down
4383,True,True,True,1,1,"[1, 2]",,left,left
4384,True,True,True,7,7,"[0, 2]",,left up up up up up left,left up up up up up left
4385,True,True,True,4,4,"[1, 3]",,up right right right,up right right right
4386,True,True,True,7,7,"[5, 1]",,right down down left left down down,right down down left left down down
4387,True,True,True,3,3,"[0, 0]",,up left left,up left left
4388,True,True,True,2,2,"[0, 3]",,up left,up left
4389,True,True,True,3,3,"[5, 4]",,right right right,right right right
4390,True,True,True,2,2,"[2, 3]",,right down,right down
4391,True,True,True,4,4,"[1, 1]",,up left left left,up left left left
4392,True,True,True,3,3,"[0, 3]",,up right right,up right right
4393,True,True,True,7,7,"[5, 3]",,right right down down down down down,right right down down down down down
4394,True,True,True,4,4,"[2, 4]",,up up up right,up up up right
4395,True,True,True,4,4,"[3, 1]",,left down left left,left down left left
4396,True,True,True,4,4,"[0, 2]",,up up left left,up up left left
4397,True,True,True,4,4,"[3, 0]",,left up up left,left up up left
4398,True,True,True,2,2,"[1, 3]",,up up,up up
4400,True,True,True,3,3,"[0, 1]",,up left left,up left left
4401,True,True,True,2,2,"[1, 0]",,up up,up up
4402,True,True,True,2,2,"[3, 3]",,right right,right right
4403,True,True,True,3,3,"[0, 1]",,up left left,up left left
4404,True,True,True,1,1,"[3, 1]",,right,right
4405,True,True,True,2,2,"[0, 4]",,up right,up right
4406,False,False,False,6,6,"[2, 0]",obstacle,up right up up right right,up right up up right right
4407,False,False,False,8,8,"[1, 2]",obstacle,right down down right down down left down,right down down right down down left down
4408,True,True,True,6,6,"[2, 0]",,left left up up left up,left left up up left up
4409,False,False,False,4,4,"[4, 3]",obstacle,down down left left,down down left left
4410,True,True,True,1,1,"[4, 1]",,right,right
4411,True,True,True,4,4,"[3, 3]",,left left down down,left left down down
4412,True,True,True,6,6,"[0, 0]",,left down left left up left,left down left left up left
4413,True,True,True,1,1,"[0, 1]",,right,right
4414,True,True,True,3,3,"[5, 3]",,right down down,right down down
4415,True,True,True,1,1,"[4, 3]",,up,up
4417,True,True,True,1,1,"[5, 0]",,left,left
4418,True,True,True,4,4,"[3, 0]",,down left left left,down left left left
4419,True,True,True,4,4,"[2, 1]",,up left left up,up left left up
4420,True,True,True,2,2,"[1, 4]",,up left,up left
4421,True,True,True,3,3,"[0, 3]",,left up left,left up left
4422,True,True,True,2,2,"[0, 3]",,up up,up up
4423,True,True,True,1,1,"[3, 3]",,down,down
4424,True,True,True,2,2,"[4, 0]",,up left,up left
4425,True,True,True,5,5,"[4, 2]",,down down down left down,down down down left down
4426,False,False,False,7,7,"[1, 2]",obstacle,right down right down right right down,right down right down right right down
4427,False,False,False,6,6,"[3, 4]",obstacle,right right down right up up,right right down right up up
4428,True,True,True,4,4,"[4, 1]",,left down down down,left down down down
4430,True,True,True,3,3,"[3, 2]",,right down right,right down right
4431,False,False,False,7,9,"[3, 4]",obstacle,up right right right right right up,up right right right right right up
4432,True,True,True,8,8,"[1, 5]",,up up up up right right right right,up up up up right right right right
4433,True,True,True,2,2,"[0, 1]",,left up,left up
4435,True,True,True,3,3,"[4, 3]",,down down down,down down down
4436,True,True,True,3,3,"[4, 2]",,down right down,down right down
4437,False,False,False,2,6,"[3, 4]",obstacle,up right,up right
4438,True,True,True,4,4,"[2, 0]",,up left up left,up left up left
4439,True,True,True,5,5,"[2, 3]",,up up right right up,up up right right up
4440,False,False,False,8,10,"[2, 5]",out_of_bounds,right down down right down down left down,right down down right down down left down
4441,True,True,True,3,3,"[1, 5]",,right right up,right right up
4442,True,True,True,4,4,"[0, 4]",,up up right right,up up right right
4443,True,True,True,1,1,"[2, 1]",,up,up
4444,True,True,True,4,4,"[4, 3]",,left down down right,left down down right
4445,True,True,True,6,6,"[0, 1]",,up up left left left left,up up left left left left
4446,True,True,True,1,1,"[4, 5]",,right,right
4447,True,True,True,3,3,"[4, 4]",,right right right,right right right
4448,True,True,True,3,3,"[1, 2]",,left left down,left left down
4449,True,True,True,2,2,"[3, 2]",,up right,up right
4450,True,True,True,5,5,"[4, 3]",,right right down down right,right right down down right
4451,True,True,True,6,6,"[0, 1]",,up up right up up left,up up right up up left
4452,True,True,True,5,5,"[3, 1]",,right down down left down,right down down left down
4453,False,False,False,8,8,"[2, 3]",obstacle,right right down down down right down right,right right down down down right down right
4454,True,True,True,1,1,"[3, 0]",,left,left
4455,False,False,False,6,8,"[4, 5]",out_of_bounds,right right up up up left,right right up up up left
4456,True,True,True,5,5,"[1, 3]",,up right right up right,up right right up right
4457,True,True,True,6,6,"[1, 0]",,left left left left left up,left left left left left up
4458,True,True,True,5,5,"[4, 3]",,down down down down right,down down down down right
4459,True,True,True,1,1,"[0, 3]",,up,up
4460,True,True,True,2,2,"[5, 1]",,left down,left down
4461,True,True,True,1,1,"[4, 1]",,down,down
4462,True,True,True,5,5,"[2, 0]",,left down down left left,left down down left left
4463,True,True,True,1,1,"[1, 2]",,left,left
4464,True,True,True,4,4,"[4, 3]",,down down down right,down down down right
4465,True,True,True,2,2,"[1, 3]",,left up,left up
4466,True,True,True,5,5,"[1, 0]",,up up up left up,up up up left up
4467,False,False,False,8,8,"[4, 4]",obstacle,up left up up up up left left,up left up up up up left left
4468,True,True,True,1,1,"[0, 2]",,left,left
4469,False,False,False,8,10,"[4, 3]",obstacle,up left left up up up up right,up left left up up up up right
4470,False,False,False,6,6,"[4, 2]",obstacle,right right up up up right,right right up up up right
4471,True,True,True,7,7,"[0, 1]",,up up up up up left left,up up up up up left left
4473,True,True,True,5,5,"[5, 2]",,left left down left down,left left down left down
4474,True,True,True,7,7,"[0, 1]",,left left up up up left left,left left up up up left left
4475,True,True,True,6,6,"[0, 4]",,up up left up up right,up up left up up right
4476,True,True,True,5,5,"[5, 0]",,left left left left down,left left left left down
4477,True,True,True,4,4,"[0, 3]",,right up up right,right up up right
4480,True,True,True,4,4,"[5, 3]",,right right right down,right right right down
4481,True,True,True,5,5,"[5, 3]",,right down down down down,right down down down down
4482,True,True,True,3,3,"[3, 4]",,down right down,down right down
4483,True,True,True,2,2,"[0, 3]",,up up,up up
4484,True,True,True,6,6,"[0, 4]",,left left up up up right,left left up up up right
4485,True,True,True,3,3,"[5, 2]",,left left down,left left down
4487,True,True,True,2,2,"[3, 3]",,up left,up left
4489,True,True,True,5,5,"[3, 1]",,right down down left down,right down down left down
4490,True,True,True,6,6,"[1, 2]",,up left up left up left,up left up left up left
4491,True,True,True,2,2,"[5, 3]",,left down,left down
4492,True,True,True,3,3,"[2, 3]",,left down down,left down down
4494,True,True,True,2,2,"[3, 5]",,up right,up right
4495,False,False,False,7,7,"[2, 1]",obstacle,left up up left up up right,left up up left up up right
4498,True,True,True,2,2,"[4, 3]",,up right,up right
4499,True,True,True,1,1,"[3, 4]",,up,up
